tweet_id,author_id,inbound,created_at,text,response_tweet_id,in_response_to_tweet_id
319515,192123,True,Sat Oct 07 10:58:19 +0000 2017,@115850 Below message on WhatsApp true or spam?? https://t.co/29vl8ORWCQ,319514,
463338,225134,True,Fri Dec 01 02:43:19 +0000 2017,"Amazon India ORDER # 406-xxxxxx-xxx1166
Third Class Product I suggest to never Buy This Product, Very Very Bad Product... worth as purchased @ rs 125 As well As Amazon Customer Service (Phone Call) Mr. Sumit Has Very Bad Menar &amp; Valgar Talking With Me.",463337,
2347816,678745,True,Mon Nov 13 17:21:53 +0000 2017,"@AmazonHelp Thanks, but it's not a video, it's a novel",2347818,2347815.0
1769437,531987,True,Tue Nov 07 22:59:16 +0000 2017,"@115821 I had The Grand Tour: Guide to the World pre-ordered in mid-October, when should it be arriving?",1769436,
871136,326826,True,Fri Oct 20 20:17:22 +0000 2017,@AmazonHelp Yeah just clicked on that link tells me to log in and I'm back to the problem..... https://t.co/DDQ4xDEoHX,871135,871137.0
2176896,638071,True,Sun Oct 29 08:17:04 +0000 2017,@AmazonHelp バージョンアップの度にアプリ内でのリマインド広告が増えています。ユーザーは本を読むためにリーダーアプリを使います。買い物をするためではありません。アプリのバージョンは別添の通りです。よろしくお願いします。 https://t.co/UoHrN2BrBe,2176900,2176895.0
142128,148074,True,Fri Nov 24 11:56:55 +0000 2017,"Estoy hasta los .... de los señores de @80, no sé si se ríen de mí, de @116928 o de ambos...",142126,
1409659,447656,True,Wed Nov 01 23:39:27 +0000 2017,@AmazonHelp The delivery date was supposed to be today,1409661,1409658.0
2199017,643189,True,Thu Oct 19 14:06:42 +0000 2017,@AmazonHelp Ya he contactado con el vendedor el cual indica que son ustedes los que tienen el precio mal en la web,2199014,2199023.0
820086,315353,True,Thu Oct 12 22:15:02 +0000 2017,@AmazonHelp Yup I got it... Is there any bews about that version in the future was my question! Thanks anyway,820087,820085.0
2290339,665313,True,Sun Nov 12 08:40:49 +0000 2017,@AmazonHelp ありがとうございます。届きました🤗 https://t.co/thLpT8judS,2290341,2290338.0
1147874,390141,True,Tue Oct 24 14:11:31 +0000 2017,@AmazonHelp is this real? Logged into my account and it says I’m not a prime member which would be right? https://t.co/I3kmoNx1v6,1147873,
324118,193218,True,Sat Oct 07 13:19:24 +0000 2017,@115850 What's the point in charging extra for quick delivery when your courier cares two hoots and deliberately delays?,324117,
2964070,817838,True,Wed Nov 29 22:34:34 +0000 2017,@AmazonHelp Una máscara y el HC de The Dark Knight Saga para saber como comportarse 😄,2964071,2964069.0
2033196,601204,True,Wed Nov 08 08:16:00 +0000 2017,Update on @115830 sending me a box of Capri sun instead of my Xbox Scorpio - they have now told me I have to pay £190 more to get what I ordered.  What the 🤬🤯 https://t.co/vjqTg2sABQ,"2033194,2033210,2033211",
2869548,796860,True,Tue Nov 28 01:54:35 +0000 2017,@115821 @AmazonHelp So not only did your delivery guy lied about how he delivered my package.. he also shot a free throw FTW! https://t.co/9MxV3bTBxg https://t.co/orONGaE24f,2869547,
1140914,388555,True,Tue Oct 24 14:30:22 +0000 2017,@115821 thank you soooo much for holding off my delivery that I was expecting and not actually delivering it because no one was there!!,1140913,
1145926,389713,True,Tue Oct 24 14:12:05 +0000 2017,"@AmazonHelp No luckily, but who knows with the state it was them!",1145928,1145925.0
2879530,799143,True,Tue Nov 28 07:31:53 +0000 2017,Hey @120533 je pense qu'il y a une faute de frappe dans la page Prime de mon compte ! https://t.co/EnnQAB53nt,2879529,
2945543,813628,True,Wed Nov 29 15:25:02 +0000 2017,It's been a week and I still haven't received my copy of Xanathars guide to everything that I per-ordered from @115830 Not happy!,2945541,
2915902,807107,True,Tue Nov 28 23:07:52 +0000 2017,んーAmazonのプライム会員になろうかな,2915901,
2911677,683316,True,Tue Nov 28 21:52:34 +0000 2017,"@117804 Oi eu aderi ao unlimited,pensei que ia entrar no 1 mês grátis mas apareceu 3 meses.Como saber se to no 3 meses por R$1,99, no 1 mês gratis ou no plano comum? nao to achando o valor aderido no site :(",2911675,
99804,137850,True,Thu Nov 30 17:12:51 +0000 2017,Ob @115825 die teilweise sehr asynchrone Tonspur von King of Queens (Deutsch) mittlerweile gefixt hat...?,99803,
2905138,316305,True,Thu Nov 30 06:01:09 +0000 2017,"@AmazonHelp yea I tried Support there is damage! And phone support says contact vendor, amazon told vendor to tell me call in.. 🤷🏻‍♂️exhangw",2905140,2905137.0
850068,321978,True,Fri Oct 13 13:21:36 +0000 2017,メールアドレス変えたからamazonで変更しようと思ったのにパスワード忘れて詰んだ,850066,
816963,314574,True,Thu Oct 12 20:48:09 +0000 2017,@AmazonHelp Dann liefern die von Hermes ja auch nicht schneller wenn ich mich bei euch beschwere,816962,816964.0
627720,268665,True,Thu Nov 23 05:16:22 +0000 2017,@268666 @AmazonHelp @115850 Seriously. This is not the first time im facing this. Keep happening. They always promise something and then come up with excuses. They again promised a delivery before 12 noon today. Let's see,627721,627718.0
235142,172000,True,Thu Oct 05 13:53:29 +0000 2017,@AmazonHelp Cashback against ORDER # 402-3909699-4838731 .,"235144,235145",235141.0
2298465,667191,True,Sun Nov 12 14:58:46 +0000 2017,"@AmazonHelp Danke für eure Reaktion :) 
Die angebotene Auswahl der Songs ist das Problem (Jens Friebe, Razorlight, Arielle Paul usw.) Habe jetzt schon einige Male diese nur bei der Konkurrenz gefunden.",2298467,2298464.0
2857261,794122,True,Tue Oct 31 19:04:26 +0000 2017,"@AmazonHelp I'm prime member and I have order from Sunday and still not shipped yet?
Order no: 112-4004867-5144244","2857260,2857262",
871184,326830,True,Fri Oct 20 06:35:30 +0000 2017,"@AmazonHelp Ya i have already checked ,but this response is not reducing my tension ,i am not satisfied by it.i want faster action.",871182,871185.0
1163349,374555,True,Tue Oct 24 17:06:36 +0000 2017,@AmazonHelp I need your help. I don’t have amazon prime is this legit saying about renewing my subscription? And asking me all this details https://t.co/Iy0iSSvP4i,"1163347,1163350",
105227,139239,True,Fri Dec 01 04:42:55 +0000 2017,"@AmazonHelp I'm afraid too, because as referred earlier I won't be here .... For a month, would be returning to Ranchi around in January",105228,105226.0
570835,254057,True,Sun Dec 03 03:45:06 +0000 2017,@115821 keeps sending me shipment notifications for someone else's account (I've contacted them to fix but apparently haven't) and my man is really gonna start thinking I'm hiding something from him https://t.co/5FmCYYLEzC,570833,
1238658,410548,True,Mon Oct 16 20:29:10 +0000 2017,thank you @115830 and #dhlphilippines for a delivering my books in great condition! 😍😍😀😀,1238657,
1100980,379759,True,Sun Oct 15 07:08:09 +0000 2017,"@AmazonHelp 返品して交換するまでの間中身を楽しめない方が辛いので、特に交換は予定しておりません。
今回はCDケースが割れやすい梱包に問題があったように思います(箱の下からCD、ジッポオイル缶、緩衝材の紙という形でCDの保護が手薄)ので、今後その辺りの改善をしていただけますと幸いです。",1100982,1100978.0
2075309,273162,True,Thu Oct 19 02:20:03 +0000 2017,@AmazonHelp you select an item that has FREE ONE DAY shipping and at check out it wants to charge you $3.99 for one day shipping! WTH!,2075307,
1165348,300846,True,Sun Oct 15 19:20:49 +0000 2017,.@AmazonHelp TERRIBLE chat experience! Ive been on 30 min talking with a representative. A return has never taken this long to return!!!!,1165346,
290485,185183,True,Fri Oct 06 15:29:07 +0000 2017,"Sagt mal @116316, wenn 75ml 61,99 Euro kosten, wie können dann 100ml 61.990,00 Euro kosten? Sollte doch eine einfache Rechnung sein, oder? https://t.co/8vZwPOcgzr",290483,
1087662,376581,True,Mon Oct 23 18:51:03 +0000 2017,@AmazonHelp would you please amend your cd section to 'speed and THRASH metal' as it currently reads 'speed and trash metal'.,"1087660,1087664",
2435652,698831,True,Sun Oct 29 14:13:20 +0000 2017,"@115850 Does Amazon A to Z guarantee mean anything? My package is late by 1 week and I got a text saying ""package delivered"".","2435651,2435653",
1883447,385790,True,Thu Oct 19 08:51:59 +0000 2017,@AmazonHelp Me dicen que está demorado en el tránsito. Son baterías para abanicos para casa de mi mamá de 91 años y las necesita ASAP.,1883449,1883446.0
1367552,316609,True,Sat Oct 28 04:34:04 +0000 2017,@AmazonHelp So if I buy the year and cancel will I get my money back?,1367554,1367551.0
2402345,395487,True,Wed Nov 15 17:25:35 +0000 2017,@AmazonHelp Jap. :),2402346,2402342.0
1706222,177533,True,Wed Oct 18 07:58:00 +0000 2017,"@AmazonHelp 1. So, after a wasted day, wasted printing &amp; repackaging, I'm told that the wrong carrier was instructed but nobody thought to tell me.","1706223,1706224",1706221.0
231341,171098,True,Thu Oct 05 09:51:40 +0000 2017,@AmazonHelp is there any way I can find out when a delayed 'prime' order will actually be delivered? It's getting a bit ridiculous now!,231338,
325453,193523,True,Sat Oct 07 15:39:24 +0000 2017,@AmazonHelp who do I need to talk to about refunding Saturday shipping? I'm not paying 30 bucks extra if it won't be here till Monday,325452,
1230165,189481,True,Wed Oct 25 21:37:52 +0000 2017,"@AmazonHelp I have submitted an email. Basically, the delivery person did not actually attempt delivery, yet said there was no way in (there is).",1230168,1230163.0
2953635,815510,True,Wed Nov 29 19:43:03 +0000 2017,"@AmazonHelp Provvederò quanto prima; se potete far qualcosa, ringrazio fin da ora. Non è la prima né la seconda volta.",2953637,2953634.0
215238,167140,True,Thu Oct 05 00:39:22 +0000 2017,And yes that deserve two tweets and a follow up tweet @115821 you guys are amazing at customer service #grateful #helpful #thanks,215237,
345824,198303,True,Sun Oct 08 02:58:46 +0000 2017,"@115850 @AmazonHelp  Address frm our side was properly given. People r good around us, so they have given us. Why so casual approach ? 1/2 https://t.co/T395Uo2iXO","345823,345825",
1117082,215213,True,Mon Oct 16 05:55:53 +0000 2017,@AmazonHelp Why do i place order... It's your lookout how to deliver my product.. Show some courtesy to take responsibility and rectify the problem..,1117083,1117080.0
368320,172729,True,Sun Oct 08 22:08:18 +0000 2017,"@117086 1984, Admirável mundo novo, Laranja mecânica e A little life, pra não ficar só nos distópicos kkk",369268,368311.0
1223729,328121,True,Thu Nov 16 14:52:54 +0000 2017,"@AmazonHelp I can’t seem to complete the process without finishing the 3rd step, which is the extra phone number part?",1223727,1223734.0
1721528,520961,True,Tue Oct 17 18:45:39 +0000 2017,"@AmazonHelp Donc voilà, c’est bien gentil de privatiser et vouloir avoir votre propre service de livraison mais le service publique fait beaucoup mieux",1721529,1721473.0
2667335,751421,True,Sun Nov 19 09:16:51 +0000 2017,This keeps happening after Touch ID scan! Can you help me please @115850 https://t.co/5mzV6nXSYK,2667334,
1540970,312123,True,Wed Nov 08 12:40:05 +0000 2017,"@AmazonHelp it asked me to log in, then asked me to select the product the issue relates to, then after entering the issue into the text box it said contact the manufacturer",1540971,1540969.0
2318035,672007,True,Wed Nov 15 11:24:18 +0000 2017,"@AmazonHelp Thanks for your reply. I already contacted them but they were disputing with me and not providing me proper resolution. Secondary, i never mind if it happens once. But it happens twice with me. Why are you selling the products of go4shopping.",2318039,2318033.0
111936,140860,True,Thu Nov 23 20:09:05 +0000 2017,@115821 @117086 socorro,111935,111937.0
2084582,275922,True,Wed Nov 08 09:28:54 +0000 2017,"@AmazonHelp A whole month waiting 4 credit back 4 a returned faulty gift. Numerous contacts, 2 hours chatting online with advisors, promises of resolution never fulfilled. Supervisors don't care. Latest was promise of contact in 24h, still waiting. You don´t honour your own T&amp;C.",2084580,
285552,184029,True,Fri Oct 06 13:45:00 +0000 2017,TC you write and speak are different #AmazimgAmazon @115850  @AmazonHelp https://t.co/zyPPO3pRPD,285550,
679016,282015,True,Thu Nov 23 07:41:06 +0000 2017,Amazonで買い物が出来なくなってしまった…？？なんでだ…？？困った…,679015,
2893089,526095,True,Tue Nov 28 18:46:31 +0000 2017,@AmazonHelp Lol...gotta love it ain’t you....Jesus....I take it this means it ain’t coming tonight...AGAIN...😡🤔😏 https://t.co/crpSfilHaY,2893090,2893087.0
1340612,432687,True,Fri Oct 27 15:36:07 +0000 2017,@116928  En casa desde las 15h. Acabo de recibir msg de AMAZON que no hay nadie en casa (paquete salió de @9474 a las 15.30),1340611,
206167,164814,True,Mon Nov 06 14:47:36 +0000 2017,@AmazonHelp Purchased a product but due to incomplete I returned it back and u guys are not crediting money into my account from pay balanve,206168,206166.0
743265,297724,True,Wed Oct 11 15:28:07 +0000 2017,"@115850 It is not...the product has the mrp of 499...the product bought from any batch should be sold at that batch price.
@115850",743264,743266.0
2931047,810753,True,Wed Nov 29 07:17:55 +0000 2017,"@AmazonHelp ill try every way to contact but always fail.
no reply of yourside. 
i want resolve right here. or you make a call of my contact nomber.",2931049,2931046.0
2291244,665479,True,Sun Nov 12 10:35:14 +0000 2017,"@115830 I’ve been randomly charged £7.99 for Prime and I’m not a member, contacted customer service and no reply, please help",2291242,
1067711,371965,True,Mon Oct 23 15:28:48 +0000 2017,@AmazonHelp Just checked - it still says 26th-30th https://t.co/7yfgwoV4ij,1067713,1067710.0
494999,233042,True,Fri Dec 01 17:53:21 +0000 2017,"@AmazonHelp https://t.co/SOflQ2dTpC  au niveau des 
''Offres du jour, Ventes Flash et promotions - Téléphonie &amp; accessoires  ''",495001,494998.0
304368,188693,True,Fri Oct 06 22:53:21 +0000 2017,@AmazonHelp Not sure if that helped lol I have the order number,304366,304372.0
280895,182930,True,Fri Oct 06 10:37:55 +0000 2017,@115850  Absolute pathetic customer service Amazaon (specifically Big Appliances team) about delayed delivery.,"280894,280896",
19182,750390,True,Tue Oct 31 05:57:20 +0000 2017,@115850 Bullshit you never deliver prepaid orders on time. And the ones having COD tend to arrive before time.,2662548,19137.0
1544984,478522,True,Sat Nov 04 05:45:29 +0000 2017,"@AmazonHelp My husband, @80525 has already filled up the details at the said page. Yet no clarity on our order. This is extremely unprofessional",1544986,1544983.0
448731,221316,True,Thu Nov 30 20:37:42 +0000 2017,#goodjob @115830 @AmazonHelp Ordered 3 different sets of orders for Thursday delivery (it's my day off)... None of them arrived. Been lied to by advisors when calling and fobbed off a total of 4 times on the phone. #poorservice,448728,
2397096,689919,True,Tue Nov 14 12:58:50 +0000 2017,Der Qualität und Geschwindigkeit der Lieferung war mal ein Grund bei @116316 zu bestellen. Heute ist es ein Grund dagegen.,2397094,
2111120,147566,True,Wed Nov 08 16:06:01 +0000 2017,"Mais le prime chez @120533 c'est la vie \o/ . Commandé hier, reçu ce matin. Bon ben cadeau de Noël ça c'est (déjà) fait :p",2111118,
1048182,364853,True,Mon Oct 23 06:53:47 +0000 2017,@115850 call me on 9899273640 right now.it was my first worst experience with u....,"1048181,1048183,1048184",
2845504,669055,True,Mon Nov 27 17:58:09 +0000 2017,@AmazonHelp do you know why one day delivery is showing Thursday for everything available with it?,2845503,
436869,218753,True,Tue Oct 10 17:18:14 +0000 2017,@AmazonHelp just had a notification  that my package was damaged in transit and returned. What do I do?,436867,
2457753,360239,True,Wed Nov 15 05:29:43 +0000 2017,@115821 I keep getting charged for an @117093 account that I do not have and was told the membership was deleted!! Please stop this.,2457752,
1363156,437402,True,Fri Oct 27 20:02:10 +0000 2017,@116928 https://t.co/DbuV0t4vKE,1363154,
509376,237020,True,Fri Dec 01 22:17:02 +0000 2017,i think someone stole my amazon package of the first seven fast and furious movies and i guess it's time for me to learn how to drive and get a family real fast and get them back.,509375,
2282960,436591,True,Thu Oct 19 19:14:29 +0000 2017,@AmazonHelp Thank you :),2282962,2282959.0
1246392,412416,True,Thu Oct 26 00:27:25 +0000 2017,@115821 wow. Major packing fail. Box too big and no packing pillows https://t.co/5gGSdPkT0X,1246391,
606089,264047,True,Wed Nov 22 12:13:17 +0000 2017,"@AmazonHelp Gracias, me llamaron a través del enlace que me pasasteis y una chica me atendió muy bien. Un saludo",606091,606088.0
1089221,376967,True,Sun Oct 15 03:06:22 +0000 2017,"@115850 account hacked , my email account linked with amazon changed without authorisation. Need immediate help.","1089220,1089222",
803986,311606,True,Fri Oct 13 01:53:36 +0000 2017,@AmazonHelp Already done bot not showing the order no,803987,803984.0
2084588,427410,True,Wed Nov 08 10:03:12 +0000 2017,"@AmazonHelp I have. What's going on is that whatever happened to you logistics chain serving this area, has broken it. Packages are constantly not delivered ""next day"" as promised and all I get from customer service is: ""Sorry, your feedback has been recorded"".",2084590,2084587.0
1550230,479811,True,Sat Nov 04 03:08:23 +0000 2017,2度目のAmazonプライム入会。ドンピシャな９０年代ロックステーションラジオ聴きながらの作業が捗る,1550229,
859578,324093,True,Fri Oct 13 14:24:34 +0000 2017,@115830 item Q60933485624 meant to be arriving today. Still hasn't turned up. Tried prime for this item. Definitely cancelling this. Poor,859576,
1402851,446168,True,Sat Oct 28 18:09:05 +0000 2017,@AmazonHelp how will that help? I can't add the subtitles for this. Speaking on the phone to a CSA can't add this can it?,1402852,1402850.0
532615,242940,True,Sat Dec 02 11:10:58 +0000 2017,Seriously? @115830 second parcel today with excessive packaging! 2 rolls of brown parcel paper requires 2 rolls of packaging paper? https://t.co/A8MdNB0eHF,532614,
2885623,800360,True,Tue Nov 28 12:28:55 +0000 2017,"@AmazonHelp I'll quote the associate:
""I have checked the details for your order. 
Unfortunately the only available method is the pass my parcel method. 
But do not worry. Please return the item to a collectplus store by paying for the postage.""",2885624,2885621.0
666179,278704,True,Thu Nov 23 02:36:51 +0000 2017,I really feel like shopping but I also dont want to go to a store or type in a website. Can I please just think of the items I want and they appear @115821 ?,666178,
507084,236393,True,Fri Dec 01 21:44:13 +0000 2017,@AmazonHelp Des isn Scherz oder?,507087,507083.0
2771673,720689,True,Tue Nov 21 13:58:01 +0000 2017,@AmazonHelp Have sent you a message!,2771675,2771672.0
108246,126981,True,Thu Nov 23 19:16:58 +0000 2017,@AmazonHelp 'prime one day delivery' but it's not due to come until Monday 27th? Ey?,108244,
166433,154658,True,Fri Nov 24 20:23:15 +0000 2017,"@AmazonHelp Hi, am Pruthviraj a student from Kiel, Germany. They debited 69 euros for amazon prime account which is a huge amount for me. I really don't want to access prime account by paying 69 euros. Please help me with this","166432,166434",
2825551,787136,True,Tue Nov 28 04:58:14 +0000 2017,"@AmazonHelp if u are right then call me without any hasitation .. but u r not ...
because of ther's no option with mobile number to contact u and reach u for assitance this is the very low quality of service policy u having.",2825552,2825550.0
44530,125878,True,Wed Nov 01 16:16:13 +0000 2017,Why isn’t my kindle unlimited working @AmazonHelp,44528,
984273,353334,True,Sun Oct 22 09:48:17 +0000 2017,@115830 @115821 @AmazonHelp @115821 rejecting my review because I haven’t spent £40???? https://t.co/5CafzqdPfH,984271,
63903,130678,True,Wed Nov 29 18:27:47 +0000 2017,"@AmazonHelp hi amazon, apparently a package has been delivered when it hasn’t, how do I report it?",63902,
69781,131807,True,Thu Nov 30 10:03:45 +0000 2017,@115850 Thanks...!!!,71931,69780.0
273163,181236,True,Fri Oct 06 04:11:05 +0000 2017,amazonが強すぎてprime会員になるか悩む,273162,
874579,327638,True,Fri Oct 13 15:55:03 +0000 2017,spent all of today waiting on my 2k18 delivery and it's not even come yet sick of waiting @115830,874578,
761250,301886,True,Wed Oct 11 20:11:43 +0000 2017,"1st msg- ur Order is successfully placed &amp; will reach you by 14-Oct.
again I got msg saying 16-Oct. Which one sud I consider ✔ 🤔@115850",761249,
1270236,417383,True,Fri Oct 27 02:13:35 +0000 2017,@AmazonHelp Can u please update about my cashback ???,1270238,1270235.0
2124782,625771,True,Wed Nov 08 17:26:16 +0000 2017,"This is my third @115821 fire stick from @127271, each one gave me this message. Amazon customer support tell me to keep exchanging them... @AmazonHelp @138244 https://t.co/eP7mc8Zy8O",2124781,
2718469,339787,True,Mon Nov 20 08:18:21 +0000 2017,@AmazonHelp first you deliver my stuff damaged and don't care and now 4-5 biz days transpires to be 6-7?? Rethinking my Christmas shopping 😡 https://t.co/o9RPgYasRE,2718468,
979381,352267,True,Sun Oct 22 05:33:00 +0000 2017,"@AmazonHelp 
@AmazonHelp 
hlo amazon i want to tell you that some people are doing frualdlent payment on your website they are ord https://t.co/YHHFokpDwl","979378,979383",
2671141,752195,True,Tue Oct 31 09:12:28 +0000 2017,"@752196 Bhai @AmazonHelp @117795 @115821 is charging money for no reason, though I hv the prime membership valid for a year",2671140,2671142.0
2459125,704267,True,Wed Nov 15 06:18:10 +0000 2017,Thanks @115850 for resolving my issue by your top end promptly,2459124,
1603126,491895,True,Sun Nov 05 13:21:18 +0000 2017,"@AmazonHelp I have already provided all the necessary details..

Kindly check and resolve the issue..

@115851",1603127,1603124.0
1441373,454420,True,Thu Nov 02 12:21:38 +0000 2017,Abriendo paquetitos de @116928 😍😍,1441371,
711112,290062,True,Tue Oct 10 21:37:02 +0000 2017,I am REALLY sick of the @115821 truck delivering my packages to someone else’s house! @81 @115817 and mailman never had problems,711106,
2881967,799645,True,Tue Nov 28 09:19:29 +0000 2017,¿Permitirá @116928 elegir si se quieren recibir los envíos por Amazon Flex o por otro medio?,2881965,
1710167,518126,True,Tue Nov 07 01:01:57 +0000 2017,"@115821 , I'm pretty sure you're not going to make it! https://t.co/JRyDBjLUf9",1710166,
1454503,457364,True,Thu Nov 02 15:03:50 +0000 2017,"@AmazonHelp Or, Le chat qui fume précise vous avoir envoyé les exemplaires le 27 octobre dernier. :/","1454506,1454507",1454502.0
1115221,383163,True,Sun Oct 15 12:00:47 +0000 2017,@AmazonHelp I had already talked to costumer care.. but already took more time than expected,1115223,1115220.0
264984,179125,True,Mon Sep 11 09:43:24 +0000 2017,@115821 good morning. For 10 months+ I have been having unresolved issues of a deduction of $119.97 wrongly deducted from my bank account.,264983,
1060477,370381,True,Fri Oct 27 11:19:01 +0000 2017,@AmazonHelp Préparer pour l’hiver avec qualité a coupe le souffle  #amazon https://t.co/4dokMKhiEM,1060478,1060476.0
2290725,629866,True,Sun Nov 12 08:34:48 +0000 2017,"@AmazonHelp Well attempting to load the order   webpage as well as track some items on Amazon.ca I received the following error message There was an internal error in our system. We logged the problem and will investigate it later. Our apologies for the inconvenience. 
 Help",2290724,
12527,118505,True,Tue Oct 31 07:18:52 +0000 2017,"@AmazonHelp I have replied to it many and still have not received any response, sending you a legal notification for closing this fraud business",12526,12528.0
1693752,513988,True,Mon Nov 06 18:47:36 +0000 2017,"@118706 suck, my @115821 order is stuck intransit limbo and it’s automated system gave me an hour wait to speak to a human",1693750,
1288417,158298,True,Thu Nov 16 16:03:30 +0000 2017,@AmazonHelp Yes... already shared,1288419,1288416.0
2841871,790724,True,Mon Nov 27 21:27:20 +0000 2017,"@AmazonHelp Olá! Na verdade não dá erro nenhum, porém não consigo avançar desta tela (em anexo). https://t.co/MVMCzo9uTr",2841873,2841870.0
2584199,659259,True,Thu Nov 16 23:51:59 +0000 2017,"@AmazonHelp Hey, I've got a bit of an issue. My order says my package was delivered but it can't be found anywhere and no one else in the house received it.",2584197,
1699059,515279,True,Sun Oct 29 05:59:18 +0000 2017,"@AmazonHelp My friend , pls go through all the tweets before replying! Although I appreciate your quick response.","1699058,1699060",1699061.0
829550,245391,True,Fri Oct 13 03:19:18 +0000 2017,@AmazonHelp I have several of these: https://t.co/BUebdhhjf2,"829552,829553",829549.0
2983651,822765,True,Thu Nov 30 05:45:43 +0000 2017,"So like, I'm never the one to complain but why have @117795 if your package doesn't get delivered the day its supposed to. Two-day shipping became UNKNOWN arrival and, where's my package located??????????!!!!!!!!!!!!!!",2983650,
815602,314215,True,Wed Nov 08 09:13:56 +0000 2017,Hey @115821 how many deliveries you make in a day in India?,815601,
816315,314392,True,Thu Oct 12 16:52:25 +0000 2017,@115821 Great to know that you hire customer service reps who hang up the phone on YOUR customers because they don't want to deal them!!,816314,
437349,218864,True,Tue Oct 10 17:28:18 +0000 2017,"Es ist erstaunlich wie erstaunt @116316 ist, dass man in der Familie Musik gemeinsam hören will obwohl man unterschiedliche Accounts hat🙄",437347,
1875447,559878,True,Wed Oct 18 09:27:28 +0000 2017,"@AmazonHelp Hi, I need to return an item that's defective but wasn't given the option to arrange a Hermes pickup .. can you help?",1875445,
1444373,455172,True,Thu Nov 02 15:44:40 +0000 2017,@AmazonHelp Amazon Shipping,1444375,1444372.0
665566,122905,True,Fri Nov 03 08:13:07 +0000 2017,@115850 when will you deliver my product. I am waiting for it from past 2 weeks.,665564,
2355256,680443,True,Wed Nov 15 03:15:34 +0000 2017,@AmazonHelp .@AmazonHelp .. oh yes... But this happened earlier as well as most recently.. and having placed so many orders on .@115821 so far... am not wrong when I say your #customerservice standards are detoriating.,"2355258,2355259",2355255.0
648506,274108,True,Wed Nov 22 18:54:25 +0000 2017,@AmazonHelp Aamer*,648505,648507.0
2841785,790711,True,Mon Nov 27 17:09:22 +0000 2017,"@AmazonHelp I don’t think they were requested, but I have been waiting two weeks now for a refund on an order.",2841787,2841784.0
1319322,363738,True,Wed Oct 18 05:22:46 +0000 2017,@AmazonHelp I did not get any email regarding this..,1319320,1319323.0
2977360,821122,True,Fri Nov 17 00:44:11 +0000 2017,Amazon使ったことないのに架空請求ｷﾀ━(ﾟ∀ﾟ)━! https://t.co/y284LsfZoz,2977359,
553403,248654,True,Sat Dec 02 20:38:58 +0000 2017,@AmazonHelp marque y ya quedó :) el problema era que el país de mis contenidos era en USA  y ajustándolo a México quedó,553404,553402.0
2855132,793630,True,Mon Nov 27 21:02:34 +0000 2017,"@115821 last week you delivered a drone to my doorstep and it sat unattended all day. Today you couldn't deliver $5 clothespins because I wasn't there to sign for them?

#whyamazon #amazonproblems #amazon https://t.co/E4mouMsnJY",2855131,
502509,235052,True,Sat Dec 02 13:21:24 +0000 2017,@AmazonHelp Game was supposed to release yesterday(Friday). Since I pre ordered I was expecting amazon to ship it early (Thursday). It’s 10am on Saturday,502511,502508.0
1003690,357568,True,Sat Oct 14 12:54:52 +0000 2017,"@115850 is getting wrost placed order on 24-09-17 but still not received product or refund, even contact CC but no satisfactory response. https://t.co/7cwjOdFQZa","1003689,1003691,1003692",
273625,181370,True,Fri Oct 06 04:52:42 +0000 2017,Amazonからやっと火花DVD届きました！サイン書かれてるー！神谷伝記は大切に保管します https://t.co/kQ4eQVlD3W,273624,
839005,319547,True,Fri Oct 13 10:56:17 +0000 2017,"@115850 You charge customers for 1 day / 2 days guaranteed delivery, then you fail to deliver . Any compensation? #DeliverOnTimeOrGoHome",839003,
128767,144967,True,Fri Nov 24 04:36:17 +0000 2017,Dear @119625 it's @6714  from #RajaTheGreat Not @6715 please change the Name https://t.co/GyPVcJYzlU,128766,
1298965,118928,True,Thu Oct 26 23:02:52 +0000 2017,"@115821 how do I pay for next day delivery, and not get it the next day???",1298964,
1730075,508770,True,Tue Nov 07 13:45:28 +0000 2017,"@522846 @115830 Screwed us over, shipped last night, on target for delivery then this? Wtf, called them up and they haven't got a clue, Disaster! https://t.co/6VeGEWaGf1",1735193,1730074.0
2791970,779210,True,Tue Nov 21 20:37:14 +0000 2017,@115821 @779211 https://t.co/ujRGE6u69P,2791969,
536537,244319,True,Sat Dec 02 13:22:52 +0000 2017,"@AmazonHelp My order is the top item, clearly marked as “PRIME”, small print on order states 2-11Dec. This is no good as I need item to complete job. Your system will not let me cancel and buy from another seller 😡 https://t.co/bcn0RVAw37",536535,536538.0
2835685,119701,True,Mon Nov 27 14:24:47 +0000 2017,@115850 can some one pls tell wen will some one come for this pic up #help https://t.co/X3opm6ahw9,"2835683,2835687",
2428212,318183,True,Sun Nov 26 17:51:45 +0000 2017,@119625 @115850 Any chance of prime subscribers for 499/- again? I missed it earlier!!,2428211,
421425,215410,True,Tue Oct 10 07:52:29 +0000 2017,Dear @115850. I need 50 hard copy gift cards worth 1000 rs each. Please get in touch. Can't reach you,421424,
1134023,387204,True,Tue Oct 24 12:45:26 +0000 2017,"@AmazonHelp Pues mira, estoy a la espera. Hablé con el repartidor para decir mi piso y a los 15 segundos me llegó el mensaje de fallido.",1134022,1134024.0
215128,167112,True,Thu Oct 05 01:20:50 +0000 2017,@AmazonHelp Apparently I'm not alone...I see your recent reviews on facebook.  Including mine.  I'm just over it.  I don't want a free month of it.,215127,215129.0
2753549,752099,True,Tue Nov 21 09:03:17 +0000 2017,@AmazonHelp How much time will you need since the order placing 8 days are gone till now you are again and again stretching it just provide me my refund and let me leave this fraud website for ever,2753550,2753548.0
1973419,584439,True,Wed Oct 18 17:46:58 +0000 2017,@21306 someone plagiarized my writing in A SELF published book on @115821 the help center is useless,1973417,
529041,242502,True,Sat Dec 02 10:01:44 +0000 2017,@AmazonHelp Attached the screenshot https://t.co/pOh0Ly52MB,529043,529040.0
2946749,813914,True,Wed Nov 29 15:45:32 +0000 2017,@AmazonHelp Je n’ai pas reçu ma commande et je ne peux pas reclamer. Le colis est indiquer comme livrer mais rien à la maison,2946748,2946750.0
2789074,778524,True,Tue Nov 21 19:41:14 +0000 2017,"Seriously @115821?! You’re going to deliver this box to my house at the holidays?! Come on, man! https://t.co/EZ8weN6o9q",2789073,
2329618,674519,True,Fri Oct 20 01:32:46 +0000 2017,@AmazonHelp Everytime I click on and to screen the button goes gray and nothing happens.,2329620,2329617.0
980223,352415,True,Sun Oct 22 05:59:04 +0000 2017,@AmazonHelp Change from original estimate oct 21 by 8pm to anywhere between oct 21-24. Not sure why I paid extra for overnight if this was goingto occur,980225,980222.0
843565,159139,True,Sat Nov 25 10:24:39 +0000 2017,@AmazonHelp It just gives a window until 8pm. This order was supposed to be delivered on Monday. How can I change it back to that,843567,843564.0
108226,140023,True,Thu Nov 23 19:17:33 +0000 2017,"There's nothing worse than being scammed by a 3rd party seller on @115821 and finding out on your favorite holiday, Thanksgiving 😣😔😭",108224,
703883,288182,True,Thu Nov 23 17:51:05 +0000 2017,Wow @171383 hat jetzt Podcasts &lt;3 vielen dank,703882,
264386,179001,True,Wed Nov 08 08:17:09 +0000 2017,@AmazonHelp Was due to come Tuesday last week which still hasn’t arrived 2/2,264389,264385.0
2874003,797896,True,Tue Nov 28 04:34:09 +0000 2017,"@AmazonHelp kein problem. vielleicht könntetn ihr ja eine rundmail schreiben oder an eien nwsseite weiterleiten, damit niemand drauf reinfällt. gibt immer wieder leute die darauf reinfallen :)",2874002,2874004.0
2278646,662536,True,Sat Nov 11 18:18:08 +0000 2017,"@115830 for 3 years plus I’ve been ordering through Amazon Prime and now my address is suddenly invalid?! 😠 defo not renewing the subscription, totally useless. Didn’t even knock on my ‘safe neighbours’ house #NotImpressed https://t.co/BeTWmZF6CV",2278645,
534236,243733,True,Sat Dec 02 11:44:51 +0000 2017,"@AmazonHelp blatantly not resolved, hence tweet. i give up!",534235,534237.0
1341581,432924,True,Fri Oct 27 16:02:22 +0000 2017,"@AmazonHelp I did, was online at 12.30 before the 12.31 start selected the item, yet could not checkout, product became unavailable.","1341583,1341584",1341580.0
1352163,435323,True,Fri Oct 27 18:39:32 +0000 2017,@AmazonHelp Le suivi me dit “en transit / livraison prévue avant 20h”,1352165,1352162.0
1910346,533363,True,Wed Nov 08 05:51:03 +0000 2017,"@AmazonHelp Nope - one was UPS from Cali, two USPS from Midwest, one AMZL from local (Seattle). And the AMZL was a same day delivery - never showed up. #Sadday https://t.co/eUeE0eZ21L",1910345,
566593,252844,True,Sun Dec 03 01:34:15 +0000 2017,@AmazonHelp why does my fire stick just randomly decided to restart.  Tuff to watch football games when this happens thanks,566591,
1376030,440329,True,Sat Oct 28 01:45:17 +0000 2017,I’m never ordering from Amazon again. Their delivery drivers for their courier service are incompetent.,1376027,
1449055,456244,True,Mon Oct 16 19:44:23 +0000 2017,@AmazonHelp 20 ottobre,1449057,1449054.0
1986965,199266,True,Wed Nov 08 07:23:17 +0000 2017,"@AmazonHelp Customer support chat and phone not able to arrange me an inspection and refund/replace for order : 405-6129009-8035548. Now, they asked me to email cs-reply[at]amazon.in. Care to help? Wrong order and amazon keeps wasting time ... and support team seems helpless.","1986966,1986964,1986967,1986968,1986969",
1665984,507564,True,Tue Oct 17 15:19:30 +0000 2017,"If @115821 #amazonlogistics wants to be a delivery service, they need a better problem resolution and feedback mechanism @115851",1665982,
332049,195060,True,Sat Oct 07 18:36:54 +0000 2017,"@AmazonHelp Könnt ihr vor der Bestellung den Lieferdienst schon angeben, damit man ggf. noch einen anderen auswählen kann?",332047,
2829481,234915,True,Mon Nov 27 12:29:17 +0000 2017,"Hey @AmazonHelp, why is the 1rst season of Preacher only available in French in Belgium?",2829477,
748733,298988,True,Wed Oct 11 17:20:28 +0000 2017,@115821 ARE YOU working on fixing my app or do I have to suffer without you for an entire day? 😭😭😭,748731,
138932,147312,True,Thu Nov 23 15:03:13 +0000 2017,@AmazonHelp I look forward to hearing what can be done as the longer this takes the less chance I use this service again,138931,138933.0
1520096,472563,True,Tue Oct 17 17:01:16 +0000 2017,"@AmazonHelp nothing was damaged, but something as delicate as a graphics card should be packaged a lot more than it was","1520098,1520099",1520095.0
1208370,403720,True,Sun Oct 15 22:59:26 +0000 2017,"@AmazonHelp I canceled, I want a refund",1208372,1208369.0
2722167,763720,True,Sun Nov 26 23:05:30 +0000 2017,"@115830 why is my ""one day delivery"" due Wednesday?
That's not one day and not what I paid prime for.",2722165,
986154,158433,True,Sat Oct 14 10:04:09 +0000 2017,@115850 My PIN cord is 741550 but unable process here. Why?,986153,986155.0
1381475,338747,True,Sat Oct 28 06:26:02 +0000 2017,You can’t beat @118702 in any mode. This is a service from another level. Where @115821 sucks always Flipkart kills by their words,1381471,
2405091,691777,True,Tue Nov 14 14:54:48 +0000 2017,@AmazonHelp Yes! Nothing. Im fuming.,2405090,2405092.0
1380502,441346,True,Sat Oct 28 05:20:33 +0000 2017,"Seria meu sonho trabalhar na @117086??? 
S
E
R
I
A",1380501,
274728,181633,True,Sat Nov 25 02:51:11 +0000 2017,"@115851 Even after requesting and then sending legal notice to Amazon India to stop sellers undercutting us by selling counterfeits of Aquagrand Plus &amp; Florentine purifiers, they are not blocking them for mere sales. I believe you do not support frauds. Need help #bezos",274727,
744175,194213,True,Wed Oct 11 15:26:47 +0000 2017,"@AmazonHelp getting my prime parcel delivered to a business address and it says until 9, we close in 35 minutes, need the parcel. Help!",744174,
1512019,470939,True,Fri Nov 03 18:05:44 +0000 2017,@AmazonHelp What if I made my order from UK?,1512020,1512018.0
1541876,477745,True,Sat Nov 04 14:44:10 +0000 2017,@AmazonHelp I have a gift card attached to this account what will happen to it?,1541877,1541875.0
1892074,564184,True,Wed Nov 15 00:54:34 +0000 2017,I don’t understand why @AmazonHelp gives me a credit when my items are late but do nothing when my items don’t show up at all.,"1892071,1892075",
922696,168400,True,Sat Oct 21 13:17:45 +0000 2017,@AmazonHelp any idea when my order is due? its due to be picked up from a pinball locker,922693,
1956137,580543,True,Thu Oct 19 09:12:02 +0000 2017,@AmazonHelp Have done that,"1956139,1956140",1956136.0
2657342,749142,True,Sat Nov 18 20:52:58 +0000 2017,@AmazonHelp Hi. Ordered a @749143 lens via @115821 and @118706 lost it. The sender didn’t insure the package so I can’t make file a claim on it. What are my options?,2657341,
2544940,723385,True,Mon Nov 27 18:38:47 +0000 2017,"@AmazonHelp Still not received it. Had another delivery from you, but not the things that were meant to arrive yesterday",2544942,2544939.0
2709899,760942,True,Mon Nov 20 02:21:45 +0000 2017,@AmazonHelp I have done all this but it still does not seem to work,2709900,2709898.0
2602231,736324,True,Fri Nov 17 08:25:52 +0000 2017,@AmazonHelp I cant get to the site to even loh in,2602229,2602233.0
274887,181672,True,Fri Oct 06 06:21:23 +0000 2017,@AmazonHelp ありがとうございます。,274886,274888.0
1659686,207485,True,Mon Nov 06 05:31:07 +0000 2017,"@AmazonHelp For same issue,Safe T claim does reimbursement as a successful order then why FBA is malpracticing it under the name of FAIR MARKET VALUE?","1660439,1660440",1659685.0
1175653,396550,True,Sun Oct 15 20:37:46 +0000 2017,"@AmazonHelp 
Hey preordered the new @212203 game and no relase day delivery. Messaged and called customer service no help https://t.co/iWWG3Slz4S",1175651,
1638621,501075,True,Tue Oct 17 13:12:53 +0000 2017,"@116090 Like maybe if I order my stuff from a robot, I should expect an angry guy to shove it through my door?",1638619,1638629.0
400320,202267,True,Mon Oct 09 19:31:40 +0000 2017,"@AmazonHelp I’ll get her to do that, thanks!",400321,400319.0
511686,237635,True,Sat Dec 02 00:00:53 +0000 2017,"@AmazonHelp I have done that now, can you please tell me though why your website advertises delivery by 8pm when in fact it can be up until 10pm? this is not mentioned anywhere in the ordering or tracking stages.",511687,511684.0
232205,144471,True,Thu Oct 05 10:48:01 +0000 2017,"Being a @115850 prime customer, why I'm not getting unlimited photo storage ??? 

@AmazonHelp https://t.co/TpFXPFTKXi",232204,
1760531,347143,True,Tue Nov 07 20:01:59 +0000 2017,@AmazonHelp Are you going to help me with this @AmazonHelp?,1760528,1760537.0
1354463,435859,True,Sun Oct 29 15:19:44 +0000 2017,"@AmazonHelp refund was received few minutes earlier, please convey my gratefulness to the team! thanks! and please from next time give a longer timefame","1354464,1354465",1354461.0
2772445,774927,True,Mon Nov 27 00:09:05 +0000 2017,"Always a joy when @118706 marks my @115821 shipment as delivered, but doesn't bother to actually deliver the package

@123967 #Fail #Fraud",2772443,
717642,291837,True,Wed Oct 11 00:49:20 +0000 2017,"@115821 why do I have a random charge for $11.84 for ""amazon prime"" when I am not a prime member and haven't made a purchase in a long time",717640,
469429,226779,True,Fri Dec 01 07:05:20 +0000 2017,"@AmazonHelp just now I received a package and opened it.. see the damage you are making.. my book.. which I ordered and also paid you extra delivery charges for this.. then also getting this type of service..
@115850 this is how treating costumers..?? https://t.co/KTDnFZm7xV",469426,
2817177,785326,True,Mon Nov 27 03:38:36 +0000 2017,"Amazonプライム入ったから
送料なしでタコツボ買えたし
すぐに届いて助かる。
ちゃんと使ってくれた☺️ https://t.co/lfhmmLrGBY",2817176,
234525,171835,True,Thu Oct 05 13:02:09 +0000 2017,@115850 need help with regard to contact number that is given in my profile,234523,
2948080,814210,True,Wed Nov 29 16:34:43 +0000 2017,Hola @116928 creéis que me puede llegar un producto en estas condiciones? https://t.co/qcXwwmQd5y,2948078,
45526,126077,True,Wed Nov 01 16:40:54 +0000 2017,"@115830 Hi, my 'next day' delivery has so far taken a week. Any chance you can speed it up a bit? #NotImpressed",45524,
101729,138283,True,Thu Nov 30 17:34:16 +0000 2017,"@AmazonHelp Una pregunta: hice un pedido que figuraba que llegaba el lunes 4. Al comprarlo me salía que la fecha prevista de entrega era el miércoles 6, pero hoy a cambiado que está previsto para llegar el lunes 4, ¿Y este cambio de fechas? Gracias!",101727,
836188,319054,True,Fri Oct 13 08:49:00 +0000 2017,Where do I buy this? @115850 @118702 https://t.co/dp5KiytWYF,836186,
515316,238699,True,Sat Dec 02 00:30:32 +0000 2017,Hey @115821- thanks for being awesome and having great customer service. I was able to get my problem resolved in a matter of minutes!!,515315,
2390500,688607,True,Tue Nov 14 10:59:28 +0000 2017,"@AmazonHelp I have been contacted by a very helpful representative called Michelle who has said it will be delivered today.Having said that somebody really needs to look into these drivers constantly marking items as delivered when they haven't been, as it is putting me off buying from you.",2390501,2390499.0
2868464,796609,True,Tue Nov 28 01:05:06 +0000 2017,Where my package? @115821 @115817 @AmazonHelp https://t.co/DAFF5WYSco,"2868463,2868465",
1223670,332759,True,Thu Nov 16 13:53:23 +0000 2017,"@116928 compré un libro, se perdió en el camino, volvieron a mandarlo, no llegó, hice todo tipo de gestiones sin éxito. ¿Cuándo me van a entregar el libro? Pedido n.º 408-4988809-6162761",1223669,
917047,337708,True,Sat Oct 21 10:08:58 +0000 2017,@AmazonHelp Prime membership fee return. I've been never use that services. But 99 dollars purchased. I want to return them.,"917048,917049",917045.0
1247293,412642,True,Thu Oct 26 01:18:21 +0000 2017,"@117634 @115821 Your latest Kindle app update is so terrible it means uninstall, and if I'm not reading then I'll have to cancel Prime",1247291,
468244,226493,True,Fri Dec 01 06:00:07 +0000 2017,"@AmazonHelp Engineer supposed to come today at 10 am, he hasn't come and he is not picking up his phone. I am sick and tired of this now",468243,468245.0
2480928,708894,True,Sun Oct 29 22:25:31 +0000 2017,"@AmazonHelp yes, 10 times. I change it but can't login using my new p/w.",2480930,2480927.0
2384562,282320,True,Fri Oct 20 09:00:06 +0000 2017,@AmazonHelp Only that it would be sometime today. The item was needed for an important client this morning so was ordered weds on prime next day,2384564,2384561.0
2632966,253204,True,Fri Nov 17 18:39:24 +0000 2017,"Can anyone on @AmazonHelp advise on a quick query? If I buy an @115830 e-voucher for my friends in Southern Ireland, where they obviously have euros, will they still be able to use them? Many thanks in advance. :-)",2632965,
2490686,127905,True,Wed Nov 15 16:46:56 +0000 2017,.@AmazonHelp where do I get support for Amazon Photo?,2490684,
399879,210547,True,Mon Oct 09 18:57:14 +0000 2017,@210549 @116316 einen Baumwollstrick bitte,399877,399888.0
1298495,423466,True,Thu Oct 26 22:41:17 +0000 2017,Just my luck... who did you deliver my package to @115821 ????,1298494,
1971956,584101,True,Sun Oct 29 01:54:02 +0000 2017,@AmazonHelp is there a way to have my same day deliveries delivered same day? I’ve had a 0% success rate on 3 orders. Is Prime punishing me?,1971954,
1529921,474829,True,Fri Nov 03 20:15:56 +0000 2017,@AmazonHelp The last tracker today says it will arrive between Saturday and Wednesday. If I needed it next week I wouldn’t have been using prime https://t.co/CiyqxPFT8c,1529923,1529919.0
2957083,816259,True,Wed Nov 29 19:38:17 +0000 2017,@AmazonHelp Porque todo llega en tiempo y forma!! Si necesito algo urgente es la mejor opción para tenerlo en menos de 24 horas! 😍,2957085,2957082.0
2532496,720718,True,Mon Oct 30 12:01:03 +0000 2017,@720719 @115825 Vielleicht morgen.,2532495,2532497.0
1379342,441124,True,Mon Oct 16 15:38:54 +0000 2017,@AmazonHelp Cheers for the quick response. Can't seem to select location for N.Ireland. I'll wait for ticket link and check back. Thanks again 😁,1379344,1379341.0
234138,171754,True,Thu Oct 05 12:56:04 +0000 2017,@AmazonHelp （´-`）.｡oO (地元のスーパーに置いてないものも取り揃えて下さってるので大変重宝してます…ありがとうございます…),234140,234137.0
2722144,763716,True,Sun Nov 26 23:15:14 +0000 2017,@AmazonHelp The delivery map feature is fun. I got to watch my driver get rerouted 3 times when across the street from me and then circle my building for an hour before driving away.,2722143,
2306093,669035,True,Sun Nov 12 22:53:23 +0000 2017,無料プライム解約するの忘れてたしぴったり30日過ぎてて絶望,2306092,
2777424,775975,True,Tue Nov 21 15:41:33 +0000 2017,@AmazonHelp Estoy muy harta de esta situación. Lo he dicho por activa y por pasiva y seguís mandando cosas por Correos. LA GENTE PAGA POR UN SERVICIO. DADLE ESE SERVICIO. CORREOS NO PROPORCIONA ESE SERVICIO.,2777422,2777426.0
527629,242140,True,Sat Dec 02 08:06:21 +0000 2017,@AmazonHelp I'm trying to get a package delivered too my po box and it's going through ups surepost and they keep trying to bring it too the post office when it's closed and I don't know what to do. I just want my package.,527628,
752372,299819,True,Wed Oct 11 14:05:21 +0000 2017,"Echt jetzt, @124285 @116316??? https://t.co/gFhgli3pY6",752370,
2418487,694895,True,Tue Nov 14 17:54:28 +0000 2017,@AmazonHelp It says “Not yet shipped” https://t.co/juTj5Wd1ch,2418485,2418489.0
2960505,799915,True,Wed Nov 29 20:38:44 +0000 2017,How do you deal with CSReps like the ones at @116090 that don’t have the reading comprehension skills required to understand your problem?,2960500,
65809,131051,True,Thu Nov 30 08:30:29 +0000 2017,@115830 WTF!!! Just been sent 2 parcels of used rubbish 😱😡 https://t.co/25Nlai5L21,65808,
378847,205904,True,Thu Oct 12 12:08:30 +0000 2017,@AmazonHelp Thanks amazon. Issue sorted finally. You guys are the best.,378849,378846.0
2318208,672037,True,Mon Nov 13 10:04:55 +0000 2017,"@132789 @122424 is so unresponsive in their support that they could not solve a problem in months
same is the case with @AmazonHelp. both colluded to cheat customer. both of them are equally unresponsive. @115851.",2318207,
1380576,441362,True,Mon Nov 06 23:31:24 +0000 2017,@AmazonHelp It’s been replaced once (the 1st time) and “updated” the 2nd. It won’t even turn on now. It’s fully charged.,1380575,1380577.0
21583,120701,True,Tue Oct 31 11:43:24 +0000 2017,@AmazonHelp Trust me it useless to narrate my experience in the app feedback...I want a resolution... And commitment that this won't be repeated and a compensation,"21584,21582",21585.0
548009,247506,True,Sat Dec 02 18:25:32 +0000 2017,"@AmazonHelp Uff. Hab es raus gefunden. Lag an unterschiedlichen Verrechnungsbeträgen aus den cyberweek Aktionen, die nur auf den Rechnungen, nicht aber in der Bestellübersicht zu finden sind.",548011,548008.0
2603075,736640,True,Fri Nov 17 08:53:08 +0000 2017,"@120533, I have been client of US Amazon since years ago and over there the service is impecable however I cannot understand why here in France your service is so erratic so unreliable. This 3rd time I try to buy this item unsuccessfully .Please check your management system... https://t.co/7PoWI11iDM",2603074,
1403211,446251,True,Mon Oct 16 16:47:10 +0000 2017,"@137605 Sin respuesta, pedido realizado el miércoles 13 de Octubre en @116928 envío en 1 día",1403209,1403216.0
1363153,437401,True,Fri Oct 27 20:46:10 +0000 2017,I thought @117795 next day delivery meant next day delivery. Apparently not. #amazon #prime massive let down.,1363152,
989748,354460,True,Sat Nov 25 10:24:52 +0000 2017,"I want to know about the return policy of this product https://t.co/HL9VMddMmH in case there is any problem, you know. @115850",989747,
2331895,674998,True,Fri Oct 20 01:09:55 +0000 2017,"@AmazonHelp 
kindle unlimitedをキャンセルできません。メンバーシップの管理というページにいっても表示されるのは会員登録を継続というボタンのみです。
入会日から２ヶ月たっているのですが、先月からこの状態で、◯◯日まで利用できますも１ヶ月更新されています",2331894,
811611,313375,True,Thu Oct 12 19:35:35 +0000 2017,@117795 your delivery person wouldn't answer his phone and cancelled my order. Why can't I cancel his tip?,811610,
2504969,477376,True,Wed Nov 15 21:03:26 +0000 2017,@AmazonHelp paid for an HD video and got this https://t.co/VjCqshN79m,2504968,
1327029,429618,True,Sat Nov 25 20:50:12 +0000 2017,Thanks @115830 for leaving my parcels just on my door step for everyone to see 👍👍👍👍👍,1327028,
2922621,808810,True,Wed Nov 29 01:50:48 +0000 2017,"There is nothing quite as enjoyable as spending an hour putting together a toddler bed only to discover on the final step they didn't give you the proper parts. Thanks, @115821!",2922619,
299616,187417,True,Sat Oct 07 03:28:46 +0000 2017,@AmazonHelp i have shared the details but no one has contacted me yet. If you not able to contact me in next one hour there is no reason to contact me.,299617,299614.0
2757405,771682,True,Tue Nov 21 02:54:58 +0000 2017,"@AmazonHelp Need immediate assistance, booked an online movie ticket with BookMyShow, received transaction ID but haven't received details of the payment or seat numbers yet.",2757404,
417031,214491,True,Tue Oct 10 02:56:11 +0000 2017,Salty because my amazon order says that my package has been here since Thursday but somehow our post office doesn't have it 🙃,417029,
2102500,620878,True,Wed Nov 08 10:57:27 +0000 2017,"@AmazonHelp ご丁寧にありがとうございます。
久しく利用していませんが、機会がありましたらまたお買い物させてください。",2102499,2102501.0
1219921,406217,True,Wed Oct 25 15:33:31 +0000 2017,@AmazonHelp Telefon-Support angeben könnte! (2),1219922,1219920.0
229824,170768,True,Thu Oct 05 09:07:43 +0000 2017,"@AmazonHelp Done.But wont keep silence if I wont get the same item.
Now its cost is more than what I hv ordrd actually.
It is ur fault u hv to pay 4 it",229826,229823.0
802313,311187,True,Thu Oct 12 16:49:59 +0000 2017,"@AmazonHelp Kann es sein, dass dieser Hinweis in der mobilen Ansicht nicht angezeigt wird?",802314,802312.0
2823959,786822,True,Mon Nov 27 09:27:24 +0000 2017,@AmazonHelp Ordering items as usual but the address on the box is incorrect. Luckily my neighbour redelivers them for you.,2823961,2823958.0
2403846,691488,True,Wed Nov 15 14:56:58 +0000 2017,@AmazonHelp Still no resolution #BoycottAmazon don't use amazon anybody amazon is a cheater and won't fulfill your orders they are just liars and fraud,2403847,2403845.0
2884085,800055,True,Tue Nov 28 10:41:13 +0000 2017,"Ahhh man! @115830 or @126705 played rugby with my new candle. It smells good though, it's just in a thousand bits! https://t.co/IiauKcFEgW","2884084,2884086",
579088,255992,True,Sun Dec 03 10:54:31 +0000 2017,@AmazonHelp Who do I ask for?,579086,579089.0
1661842,506831,True,Tue Oct 17 14:53:56 +0000 2017,It's silly how hard it is to change my Super Mario Odyssey pre-order on @115821. I want to change my physical order to a digital one. dasit.,1661840,
246486,174543,True,Thu Oct 05 15:15:32 +0000 2017,@AmazonHelp fuck! Can you guys have the decency to call? Give me my money back you shits. #Panic #ecommerce #Theft,"246485,246487",
2736368,309662,True,Tue Nov 21 02:34:36 +0000 2017,@AmazonHelp Still no package.. never using #amzl_us again.,2736369,930296.0
1125133,385297,True,Wed Nov 15 13:34:18 +0000 2017,"I'm loving my @115833! ❤️ But how do I train Alexa or create voice profile? There seems to be an error in the Settings &gt; Your Voice. I can't click ""begin"". https://t.co/AzgksdpTtG",1125132,
2536409,445566,True,Thu Nov 16 08:17:48 +0000 2017,@AmazonHelp This review is in violation of your community guidelines. Please have it removed. Thank you. https://t.co/L2WBaI4xvp,2536407,
363674,202185,True,Sun Oct 08 17:14:43 +0000 2017,@115850 had ordered mi3c wifi router.prices drstically changed in few days.kindly refund d xtra amnt if possible. it'd be a great gesture,363673,
35851,123811,True,Thu Nov 02 20:26:35 +0000 2017,@AmazonHelp they took additional details and verified my phone and still failed to deliver today.  I assume i need to stand out on the street waving.,35852,35850.0
427300,216638,True,Tue Oct 10 13:08:57 +0000 2017,@115830 what is up with your delivery service? Drivers suddenly ignoring my safe place instruction - after 2 yrs of #prime membership! 😡,427297,
132425,145875,True,Fri Nov 24 08:05:10 +0000 2017,@AmazonHelp Trying to escalate a returns issue. A supervisor was supposed to email me yesterday morning but didn't.,132423,132429.0
316305,184608,True,Sat Oct 07 08:04:46 +0000 2017,@115850 Absolutely thrilled to inform you that my package supposed to be delivered by 8 pm yesterday has still to reach me at 13:40 today,316304,
2734314,766362,True,Mon Nov 20 18:35:51 +0000 2017,@AmazonHelp No me ha llegado el paquete que tenia que llegar el 18 y aun nada,2734313,
1229526,119403,True,Wed Oct 25 21:00:10 +0000 2017,"Halloween is sorted ladies and gents, @115821 have me broken glasses but you get the idea 🎃😂 https://t.co/cuuMxcU1Cr",1229525,
2835615,789282,True,Mon Nov 27 14:59:43 +0000 2017,@AmazonHelp The safe place is in the shed 😂 it always has been but they just didn’t this time . The item was supposed to be a present ! It’s ruined,2835614,2835616.0
2230325,481013,True,Fri Nov 10 15:02:23 +0000 2017,Well the service that you provide @115850 is impeccable! It's been over 10 days and the product is still not been delivered. Infact paying for same day delivery you didn't deliver it on the same day. Great experience @115821 @115830,2230323,
953141,346152,True,Sat Oct 21 20:36:11 +0000 2017,"@115833 Do I ALWAYS hv to tell #Alexa “to play on @115888” after a request for my premium acct? Otherwise, it’ll ONLY play a sample.",953140,
420447,215067,True,Wed Oct 11 11:21:45 +0000 2017,@AmazonHelp You may contact me at +91 9029558838,420449,420444.0
2418185,694859,True,Tue Nov 14 18:01:26 +0000 2017,"@AmazonHelp I ordered the camera camera but it did not leave the facility. I also payed the one day shipping fee was supposed to receive it today and all the facility could do is look for it.  Sometimes giving free shipping due to inconvenience is not good enough, I needed this camera today.",2418184,2418186.0
994189,178186,True,Sat Oct 14 13:26:39 +0000 2017,@AmazonHelp UK,994190,994188.0
2281462,663172,True,Sun Nov 26 15:43:37 +0000 2017,@115821 @115830 NOT HAPPY! firstly you just leave my parcel on my door step for anyone to take and secondly it is so badly wrapped that the contents fell out as my husband picked it up giving the contents away and showing him his Christmas gift! #part 1 #nothappy #amazon,2281461,
1936424,576114,True,Wed Oct 18 15:06:12 +0000 2017,@AmazonHelp I have reset and changed my password multiple times yet it always says it's incorrect,1936423,
318905,178550,True,Sat Oct 07 08:54:54 +0000 2017,Still waiting for the apology letter from both dept. customer care supervisor and delivery team @AmazonHelp @115850 @115851,318904,
888332,330922,True,Sat Nov 25 14:05:25 +0000 2017,"I ordered gold coin on 15th Oct'17 and received empty package on 29th Oct'17. No proper response and eluding from the facts,Order No: 402-1141217-7676326
I Trust your logo A-Z smile and hope I get my issue resolved at the earliest.
#IAMTHEVICTIM
@115850 @115851","888333,888331,888334",
1714287,399141,True,Tue Nov 07 02:39:34 +0000 2017,@212074 I paid for 1 day delivery it shipped yesterday eve so its going to b 2 day because amazon should have sent the info Fri to ups 4 1 day today,1714286,1714288.0
1483556,464513,True,Fri Nov 03 11:25:29 +0000 2017,@AmazonHelp It was delievered today. Thanks!,1483558,1483555.0
609450,264876,True,Wed Nov 22 12:27:14 +0000 2017,"Ah tiens, amazon Allemagne fait toujours des promotions sur les CDs contrairement à amazon France. Pour ben je sais où je vais aller les commander désormais. @120533 @116316",609448,
139977,147578,True,Fri Nov 24 11:27:37 +0000 2017,"AmazonVideoで神様メール (https://t.co/db0LDxWJHp)を視聴中…
#神様メール
#映画
@120465",139976,
1539907,477284,True,Tue Oct 17 23:00:13 +0000 2017,"@AmazonHelp Yes, I have not received a response.",1539908,1539906.0
99791,137847,True,Thu Nov 30 19:59:39 +0000 2017,@AmazonHelp @AmazonHelp your team doing totally farud with us we are seller if our account was suspend then why your team not giving any support or guide us. You charging a big amount commission and also doing farud,"99793,99794",99789.0
180136,158389,True,Wed Oct 04 07:56:25 +0000 2017,@AmazonHelp Done.,180135,180137.0
2752525,270761,True,Tue Nov 21 01:18:57 +0000 2017,"@116875 Llevo más de dos semanas tratando de averiguar el estado de un reembolso, pero seguramente la importancia que le ponen a su clientela en la misma situación, es la veces que nuestro presidente sabe decir bien: infrastructure ¡Gracias, Amazon! Son de lo peor.",2752523,
936075,341920,True,Fri Oct 13 23:12:31 +0000 2017,@AmazonHelp Nope from your warehouse. First one was replaced and just got the replacement today and same thing,936077,936074.0
1043654,366798,True,Mon Oct 23 10:19:17 +0000 2017,@AmazonHelp @115821 @115850 Can you tell me if I can expect delivery of my product today?,1043655,1043653.0
2541748,722699,True,Thu Nov 16 12:00:45 +0000 2017,@2600 et amazon vous vous moquez de moi pour les deux commandes qui devaient arriver aujourd'hui et/ou demain Et qui sont en retard,2541746,
489503,220269,True,Fri Dec 01 16:08:16 +0000 2017,"the good wife ist endlcih wieder auf Prime Video, und diesmal alle Staffeln! Kann ich das endlich mal beenden.",489502,
1950054,342210,True,Wed Oct 18 16:56:56 +0000 2017,@AmazonHelp Can you look into my order to see when it might ship?,1950056,1950053.0
2064377,404003,True,Wed Nov 08 15:47:38 +0000 2017,@AmazonHelp Plz do give me reply in link,"2064378,2064379",2064375.0
1755211,528605,True,Tue Nov 07 19:20:01 +0000 2017,@AmazonHelp  I am waiting for my one day promised delivery even on the second day. PATHETIC! No response. Order# 114-1485690-6070629,1755209,
2862046,567156,True,Mon Nov 27 22:54:57 +0000 2017,"@115821 @123967 i called customer service and they told me to ""try to locate my package"" .... How am I supposed to locate my package??!",2862044,2862047.0
1206829,376220,True,Wed Oct 25 09:54:49 +0000 2017,@AmazonHelp all 2000 rs gvs bought from Bookmyshow and Giftyr have been locked in Amazon account.  C care doesn't have any info in this,1206831,1206828.0
965182,349039,True,Sat Oct 14 04:06:30 +0000 2017,Wow! Very unimpressed with @115830. The customer service is very unhelpful.,965179,
2470996,706750,True,Wed Nov 15 11:54:19 +0000 2017,@AmazonHelp Amazonさん、ありがとう😊,2470998,2470995.0
627663,249664,True,Wed Nov 22 15:35:08 +0000 2017,"@AmazonHelp I would contact the carrier Hermes if the contact information was readily available. All I have is the tracking information and number. Checked with neighbours, no sign of it. How do I contact the carrier.",627665,627662.0
609352,264856,True,Wed Nov 22 12:16:38 +0000 2017,@AmazonHelp Why can’t u write and responses all at once what was the reason to let u know the issue at first place,609351,609353.0
2205456,644833,True,Thu Oct 19 14:27:19 +0000 2017,Poke @87179 https://t.co/p1nHnkGTAo,2205454,
391166,208618,True,Tue Oct 10 06:37:42 +0000 2017,"@AmazonHelp Once again.........This is sheer harassment.... Utterly shameful, not first time, I am harassed for returning a product completely damaged https://t.co/hQMOHgIhBF",391167,391165.0
760445,301698,True,Wed Oct 11 20:16:23 +0000 2017,"@AmazonHelp Yes I did but not impressed with the people on the phone.Why didn't your people ring the bell,why wasnt a card left and where is the parcel?",760447,760444.0
1573576,484862,True,Sat Nov 04 14:03:27 +0000 2017,@AmazonHelp order no - 404-8924729-6533111 I received the defective product but your replacement procedure is more frustrating and irritatng,"1573575,1573577",
676201,281295,True,Thu Nov 23 12:40:43 +0000 2017,@AmazonHelp Oui tous chez Amazon enfin ce setup la avant je prenez chez Cdiscount mes trop de Default pour moi retard de livraison et trop cher ^^,676202,676200.0
544452,246499,True,Sat Dec 02 16:49:57 +0000 2017,"@AmazonHelp En ""compañía de transporte: other"" y al clicar encima me sale este mensaje https://t.co/dkmVqwIIDW",544454,544451.0
1175478,360299,True,Tue Oct 24 19:54:35 +0000 2017,Amazon have 7 mins left to deliver the package I ordered 4 days ago with 24hr delivery with #AmazonPrime #UtterlyUseless,1175477,
2516976,716986,True,Wed Nov 15 23:45:51 +0000 2017,@AmazonHelp pondréis mas teclados motospeed ck104 white en el stock? Lo necesito porfavor 😥,2516975,
494125,232821,True,Fri Dec 01 17:10:15 +0000 2017,@115821 @115830 @AmazonHelp,494123,494129.0
595705,261155,True,Sun Dec 03 18:57:20 +0000 2017,Lol @115821 when my package was guaranteed to be here last Thursday because of prime and it’s still not here on Sunday #annoyed,595703,
20439,120468,True,Wed Nov 01 06:46:01 +0000 2017,"Amazon is starting to piss me off. All of the sudden it wants to charge me money to return shit. No thank you.
@115821",20437,
739756,296914,True,Wed Oct 11 13:17:09 +0000 2017,"@115850 
COMPLAINT
Placed orders fully paid Oct 2
404-16080833-0173932
404-0000450-4438760
Notrecd 4calls to cust serviceWant items urgent","739755,739757",
2111054,509289,True,Fri Nov 10 16:54:33 +0000 2017,@AmazonHelp @115850 is applying predatory practices. No option to write product review for @121284 . Quite a master stroke!,2111055,2111053.0
1746120,244607,True,Tue Nov 07 14:54:02 +0000 2017,@AmazonHelp I recharged my jio no for the first time using amazon pay. But I received a mail saying I’ll get cashback of ₹20 instead of ₹99.,1746119,
162080,153418,True,Fri Nov 24 18:50:21 +0000 2017,"Desde segunda estava selecionando livros pra comprar na Amazon. Minha compra no total estava dando quase 800 temers. Fui ver hoje o meu carrinho de novo pra ver se haveria desconto de verdade e tava dando 550 temers! Te amo, @117086 😍",162078,
179674,158316,True,Wed Oct 04 13:07:53 +0000 2017,@AmazonHelp En cuántas horas? Sólo recibo correos identicos como si tuvieráis 10 robots...,179673,179675.0
21948,120779,True,Wed Nov 01 12:15:59 +0000 2017,@AmazonHelp yes did that but no outcome till now. waste of time,21950,21947.0
2538960,722083,True,Thu Nov 16 09:20:38 +0000 2017,"@AmazonHelp 
I need to know about Amazon pay",2538959,
905908,335071,True,Sat Oct 21 10:31:16 +0000 2017,"@AmazonHelp You should just say, ""Sorry about the delay, your package will be delivered in 36 hours?""",905913,905907.0
153644,136742,True,Fri Nov 24 16:58:58 +0000 2017,"@AmazonHelp Farei isso, obrigado! :D",153645,153643.0
1910354,569104,True,Wed Nov 08 05:49:53 +0000 2017,@116618 Any chance of releasing @132976 on #Bluray?,1910352,
311625,190413,True,Sat Oct 07 03:09:57 +0000 2017,"Come on @115821, you gotta do better! Package was supposed to be here today @ 8pm. It's 8:07 and now it's delayed for a couple days?! 😩😒",311623,
1623901,497407,True,Sun Nov 05 17:51:52 +0000 2017,Always used to have really reliable prime deliveries from @115830 but the last two have been a mess 🤨,1623900,
407443,212123,True,Mon Oct 09 22:06:47 +0000 2017,"@AmazonHelp Ok tenia.como 5 minutos supongo que.apenas recibieron la.orden cuando.cancele , gracias",407442,407444.0
1266360,383095,True,Thu Oct 26 13:20:08 +0000 2017,"@AmazonHelp Après ça pas forcément de votre faute, c'est la la poste qui livre il me semble non ?",1266362,1266358.0
181111,158536,True,Thu Oct 05 07:05:45 +0000 2017,@AmazonHelp This link is not useful for my issue.,181113,181110.0
123399,143570,True,Fri Nov 24 01:11:58 +0000 2017,"@AmazonHelp I tried getting you to call me on 2 different phones. Neither rang. It appears I am not the only one unhappy with @6967 courier. Quick search for #amazon &amp; that's the first 2 tweets. If this is how my free trial of Prime is, you can bet I'm not going to pay for it.","123401,123402",123398.0
622452,267741,True,Wed Nov 22 17:38:34 +0000 2017,Absolutely shocking service from @115830 pay for prime order things using prime told they will be delivered the next day but still waiting for delivery 3 days later 😡😡😡😡,622451,
479318,228911,True,Fri Dec 01 13:01:53 +0000 2017,@AmazonHelp Hola. ¿Hay alguna forma de contactar con el mensajero para saber a qué hora tiene previsto hacer una entrega? Muchas gracias.,479316,
2957021,598997,True,Wed Nov 29 19:22:20 +0000 2017,It looks like I cannot access my #primevideo when I'm visiting/working in #Canada . ?? @115821 @AmazonHelp Thx!,"2957020,2957022",
1262248,415656,True,Thu Oct 26 10:40:51 +0000 2017,"Getting further disappointed with @115830 'prime', seems increasing numbers of items marked as prime delivery yet take 3-5 days to arrive",1262246,
1620652,496691,True,Sun Nov 05 16:13:18 +0000 2017,"@115821 140 shipments to make and rude seller permonace stopped everything saying ""rewiew"" small company dying here ,national trading llc",1620650,
385928,207367,True,Mon Oct 09 12:02:40 +0000 2017,@115850 have the problem with new product (moto g) plz help,385927,
1751540,527735,True,Tue Nov 07 18:48:14 +0000 2017,"@AmazonHelp bonsoir, oui, mais bon, j'ai juste à espérer que le livreur re-passera à un créneau où le gardien sera présent !",1751542,1751539.0
1820478,309437,True,Wed Oct 18 03:11:26 +0000 2017,"@115850 Thank u 4 givng me nightmares 4 my order delivery and plz thank 'Ecomm' on my behalf
Worst service ever.
0*
#Amazon
#WorstService",1820476,
762477,302182,True,Wed Oct 11 20:32:29 +0000 2017,@115850 Why Prime-Video's Patriot Series don't have subtitles to translate French and Arabic used in the series? Please Respond.,762474,
2922584,808802,True,Wed Nov 29 03:31:01 +0000 2017,@AmazonHelp I called via your link? I got $10- order was 34 minutes late on top of all the cancellation stuff,2922585,2922582.0
1268307,416962,True,Thu Oct 19 03:35:55 +0000 2017,@AmazonHelp Email said “pending”. But item before checkout said Friday. And says back in stock on 20th but not shipping for another 4-6weeks?,1268306,1268308.0
2427494,697009,True,Tue Nov 14 19:44:11 +0000 2017,"Release date: Friday 17 November 2017

Arriving: Saturday 18 November 2017 

WHY @115830, WHY??

*sad face* https://t.co/G3TAco754c",2427493,
1275041,418465,True,Thu Oct 26 15:34:24 +0000 2017,@AmazonHelp I’m missing an order that cost me over $70 and all your customer service says is that I need to wait. I need actual answers.,1275040,
1208375,403721,True,Wed Oct 25 10:19:30 +0000 2017,@115850 I am not able to contact amazon customer care. My refund is languishing for months now.,"1208374,1208376",
1229431,408363,True,Mon Oct 16 01:17:13 +0000 2017,@AmazonHelp Today but it's 6:17 doubt u guys will come thru,1229433,1229430.0
236168,172248,True,Thu Oct 05 14:19:31 +0000 2017,@AmazonHelp The link u ve sent is different-M afilm maker &amp;wnt to get in touch with the concerned dept whch deals in movies(theatre)acquisitions n India,236170,236167.0
542125,245816,True,Sat Dec 02 16:07:24 +0000 2017,"@116316 Bestellung wird als zugestellt angezeigt, auf meinem Namen. Paket ist aber nicht da, auch ein Zettel von der DHL",542124,
1401542,445872,True,Thu Oct 19 09:50:56 +0000 2017,"@16828 U buy during festive sale for the festival n amz india will hold the shipment in their warehouse for delayed delivery, excellent",1401540,
219519,168355,True,Thu Oct 05 02:54:25 +0000 2017,@AmazonHelp @115851 I haven't received any email and plz stop posting the same reply everytime.,219521,219518.0
1553228,165089,True,Sat Nov 04 10:52:20 +0000 2017,@AmazonHelp Please trust us! We promise your delivery will be with you today/tomorrow! We can  offer refund! Weve escalated this! It wont happen again!,1553226,1553230.0
1015634,360299,True,Sun Oct 22 19:00:12 +0000 2017,"@360300 @115821 I've no idea why I joined Prime, the Amazon couriers are utterly useless, rarely get anything on time",1015632,1015635.0
105014,139201,True,Thu Nov 30 18:32:54 +0000 2017,@AmazonHelp I have but I do not believe them when they say the bag was damaged on delivery to me. They package was well wrapped and this is the mark https://t.co/YtXPrH4KBv,105013,105015.0
677610,146154,True,Thu Nov 23 07:49:39 +0000 2017,@AmazonHelp If i place the fresh order im being charged extra for delivery by today,677611,133807.0
1765199,530950,True,Tue Nov 07 21:40:10 +0000 2017,@AmazonHelp Thanks I know that. I wondered why it hasn’t been next day delivery if I paid for prime. I needed it today for a gift.,1765201,1765198.0
1259902,322597,True,Thu Oct 26 10:07:21 +0000 2017,"@AmazonHelp Merci beaucoup ! Je ne trouvais pas le lien du SAV sur le site Amazon. Mon problème est réglé, bonne journée !",1259904,1259901.0
160393,152948,True,Fri Nov 24 18:25:27 +0000 2017,@AmazonHelp 😂 😂 alles gut.. Waren nur zwei. War schon okay so. Sicher ist sicher. Kokosöl Flasche war drin.,160392,160394.0
1257473,414666,True,Thu Oct 26 07:35:51 +0000 2017,"@AmazonHelp Ok, I will delete this image, thanks for taking care of our privacy.",1257472,1257474.0
1151717,391034,True,Sun Oct 15 15:26:17 +0000 2017,"I love you &amp; despise you at the same time, @115821",1151716,
131655,145689,True,Fri Nov 24 07:26:05 +0000 2017,"Cher @120533 ton service se dégrade ...
Je fais comment now ???? Il est où le joli bouton « service clients » ?
Et livraison mercredi au lieu de ce matin ??? https://t.co/eewn23idm7",131654,
2798365,483707,True,Tue Nov 21 22:57:31 +0000 2017,@AmazonHelp USPS. I had two packages that were supposed to be delivered and one came but the other wasn’t in my mailbox,2798364,2798366.0
1434011,452957,True,Sat Oct 28 20:39:31 +0000 2017,Letting @115821 box dry after an afternoon in the rain. Any way to request @115817 as our dedicated carrier? They never do this. https://t.co/1bNpm6vL8J,1434010,
1387710,442883,True,Sat Oct 28 10:08:38 +0000 2017,Voilà comment la Poste livre mon colis Amazon en bourrant dans la BAL ! Vraiment honteux l'état de l'emballage.  @AmazonHelp @132743 https://t.co/LkOJyEPmPp,"1387708,1387713,1387714,1387715",
2962775,817538,True,Wed Nov 29 21:15:08 +0000 2017,@AmazonHelp can I ask why a family members bank details - which were used when paying for two kindles from your website - were saved on both kindles when they switched it on post delivery???,2962773,
2343999,677891,True,Mon Nov 13 16:06:01 +0000 2017,@AmazonHelp i checked my bank account and i was charged for something that i wasn’t aware of and i checked my account on amazon and nonthing was their for the charge and i also checked my email and was not notified of the charge,2344001,2343998.0
726735,294083,True,Wed Aug 30 08:16:45 +0000 2017,@115850 @119625 When are you planning to bring Kannada content in Prime Video? I've been waiting from quite long. @24233,726733,
2509282,700231,True,Wed Nov 15 22:10:10 +0000 2017,".@AmazonHelp Still no word from you on what to do with this order that you shipped me in error yesterday. 

The one I contacted you about YESTERDAY.

Should I open it? 
Save it for Christmas? 
Give it to a friend? 

Your link doesn't have a ""Return an item shipped in error"" https://t.co/RLt318HBDb",2509281,
600265,262358,True,Sun Dec 03 20:52:29 +0000 2017,"@AmazonHelp Wenn ich drauf drücke tut sich gar nichts. Weder öffnet sich die App, noch kann ich dann irgendwas anderes drücken außer „Exit“. Ich hab sie gelöscht, aber nach wie vor ist das Problem noch da.",600264,600266.0
1505419,316227,True,Fri Nov 03 16:43:31 +0000 2017,"@AmazonHelp ""An Unknown error occurred""",1505422,1505418.0
1351730,188733,True,Sat Nov 04 05:23:03 +0000 2017,@AmazonHelp そうです,1351731,1351729.0
2723393,144274,True,Mon Nov 20 16:36:22 +0000 2017,"@AmazonHelp Sauf qu'on aurait pris chez un autre vendeur, qui était bien listé. Et l'erreur était que vous aviez listé des mauvais produits.",2723394,2723392.0
965219,334894,True,Sat Oct 14 04:10:42 +0000 2017,@AmazonHelp Once i go through end membership i will not be charged November 12th? Correct?,965221,965218.0
786813,307697,True,Thu Oct 12 09:24:21 +0000 2017,"@115850 I have ordered iphone 6 .It said the delivery date is by 17th Oct,bt nw it show delayed.why? Pls help.","786812,786814",
1739896,525037,True,Wed Nov 08 19:40:09 +0000 2017,@AmazonHelp You call me service is unavailable and im unable to call the number. #Help,1739897,1739895.0
2032957,601142,True,Sun Nov 26 11:47:21 +0000 2017,@AmazonHelp Vielen lieben Dank. Gleichfalls einen schönen Sonntag noch :),2032959,2032956.0
1228698,345301,True,Wed Oct 25 20:18:59 +0000 2017,"@AmazonHelp I've pressed the cancel button but it just says ""we're doing our best to cancel"" I really can't afford to go over limit on my card though","1228696,1228702",1228703.0
1568181,483870,True,Sun Nov 05 11:09:11 +0000 2017,@AmazonHelp Hmm. Der 05.11 und es wurde nichts versendet. Hoffen wir mal das die Xbox One X heute versendet wird und pünktlich zum Release bei mir ankommt. Denn sonst wird es seeehr knapp,"1568183,1568184",1568180.0
2935197,811528,True,Wed Nov 29 10:14:53 +0000 2017,"@115830 
Would like to thank all @115830 staff, especially the delivery drivers at this time of year. Thank you for your hard work.",2935196,
802419,311205,True,Thu Oct 12 16:17:49 +0000 2017,"@116316, ihr solltet im Ruhrgebiet wieder @124285 oder @122924 die Arbeit machen lassen: war zuverlässiger. 😒",802418,
2936611,131812,True,Wed Nov 29 11:25:48 +0000 2017,Duplicate /Fake  Bose Speakers Received from Amazon# Not solving Customer problem #Amazon selling Duplicate product in india# Worst customer experience in the world -Amazon #@115851 @115821 #@AmazonHelp #Cheating Indian customer with Fake Product # Stop buying from Amazon # https://t.co/SKEdZ1Rnjy,2936610,
155275,151610,True,Fri Nov 24 16:35:02 +0000 2017,Lo más chiro es que @116875 te regale dinero por ver series #BlackFriday #AmazonPrime #AmazonPrimeVideo,155274,
1102821,380239,True,Sun Oct 15 06:12:19 +0000 2017,@115850 Frm ystrdy the status remains same. We hvn't hold payment by any means. Nobody infrmd. We called the prsn bt he is having dayoff. https://t.co/0S6PkmDcDj,"1102820,1102822",
438706,219243,True,Tue Oct 10 19:25:37 +0000 2017,@AmazonHelp I didn’t request a change of address on this shipment https://t.co/rVA8tMgdjs,438708,438705.0
2474768,707526,True,Wed Nov 15 13:26:01 +0000 2017,"it’s only Wednesday and amazon prime has overdraft my bank account bc they charged me twice, I’m still in this dumb brace and can’t ball, uk lost last night, and I’m getting annoyed lol",2474767,
170915,155859,True,Fri Nov 24 22:04:11 +0000 2017,@AmazonHelp bought a Fire 7 today. Won’t allow me to register as says email address already exists. Can’t change password as it won’t accept post code on password change.,170913,
588663,259137,True,Sun Dec 03 15:56:03 +0000 2017,@AmazonHelp @115821  thanks for the insult https://t.co/pImOhVzIgB,588662,
1437375,453672,True,Thu Nov 02 14:07:11 +0000 2017,@115850 I have 1st generation @115833 device. When will I get update for it so that I can use it in India. Will I get it ever? ☹️,1437373,
431072,166676,True,Tue Oct 10 14:41:22 +0000 2017,.@115821 I'm showing you guys received a return but just got an email saying it wasn't returned??,431070,
881036,329199,True,Fri Oct 13 16:16:19 +0000 2017,"@115850 @115851 Placed an order on 10th Oct with an assured delivery of 12th Oct. Got a msg that item delivered, though I have not recv",881034,
566688,252867,True,Sun Dec 03 00:56:03 +0000 2017,Second time this month Amazon orders to my house have been 'handed to resident' and 'delivered' but it hasn't been.,566687,
2940247,812621,True,Wed Nov 29 13:21:45 +0000 2017,"@758945 @115821 That's what I'm hoping. I would've thought that living ~10 miles from their new distribution center would decrease my shipping time, not increase.",2940244,2940248.0
2332788,675209,True,Fri Oct 20 04:42:46 +0000 2017,@AmazonHelp I have  to get the Item today itself.  I am leaving from home tommorrow. Else I hav to cancel my order.,2332790,2332787.0
288019,184641,True,Wed Oct 11 09:22:19 +0000 2017,"@AmazonHelp router is in bedroom echo is in living room  30ft away,and this is what my router says , Current Wireless Channel 6 (2.4 GHz), 36 (5 GHz)",288018,288020.0
2431149,232990,True,Tue Nov 14 21:03:54 +0000 2017,@AmazonHelp No. Just says it’s delayed. Not even a reason. I want my items.,2431151,2431148.0
1739871,525033,True,Tue Nov 07 16:59:53 +0000 2017,@AmazonHelp La version bêta n'est pas disponible alors qu'elle est pourtant sortie le vendredi 27 octobre https://t.co/hWHWC8vFpb,1739873,1739867.0
2626388,210455,True,Mon Oct 30 22:37:47 +0000 2017,@AmazonHelp “amazon basics” charger not working 20 days after purchase ??,2626387,
2633207,743487,True,Mon Oct 30 23:48:52 +0000 2017,@115821 delivery chose not to ring door bell and just lean this open ripped damaged box near the porch half in the mulch. https://t.co/ZqcvPnEgtY,2633205,
349767,199844,True,Sun Oct 08 11:10:17 +0000 2017,@115850 @115850  Facing delivery issue..CS says get it dlvrd at othr addrs.. and carry it.. than What IS YOUR DELIVERY SERVICE for?? 😂😂,352625,349765.0
349996,199272,True,Sun Oct 08 09:16:01 +0000 2017,Amazonギフト券不正請求された😠何がムカつくって自分で使えんのにカードの上限額まで買われたからカード使えん😠もうAmazon一生使わん死ね,349995,
352141,199746,True,Sun Oct 08 12:13:30 +0000 2017,"Gotta love it when @115830 completely lie about trying to deliver to your address. Been in all day, bell not rung once. Fuckin useless!!",352140,
1172193,395718,True,Tue Oct 24 19:30:30 +0000 2017,@119625 requesting Alien :covenent 😊,"1172192,1172194",
50767,127389,True,Wed Nov 01 17:42:49 +0000 2017,@115821 @120533 @AmazonHelp @127390 #TurtlesAllTheWayDown Et je ne pense pas être la seule...? Has this happened to someone else? https://t.co/cnkB2p99RQ,50765,
1587293,488265,True,Sun Nov 05 00:13:04 +0000 2017,@AmazonHelp No emails so far,1587294,1587292.0
2144426,630476,True,Wed Nov 08 23:51:45 +0000 2017,@115821 you have some major problems with your delivery service.  Repeated mistakes and lost packages.,2144424,
853938,322829,True,Fri Oct 13 13:43:20 +0000 2017,"@AmazonHelp I tried, got a call and automatic response was ""we're unable to find your order""",853940,853937.0
450746,221869,True,Thu Nov 30 21:45:18 +0000 2017,Hey @115821 why do you guys send a box 10x the normal size of the actual product. Like what the heck??,450745,
1601330,452868,True,Sun Nov 05 05:18:35 +0000 2017,@115850 आप भी इसमें दिए गए मोबाइल को आजीवन मिला कर देख सकते है सायद कभी पावर ऑन हो जाये तो हमे मेरा आर्डर भिजवा दें https://t.co/TYh3KyjAo9,1601328,1601333.0
20431,120466,True,Wed Nov 01 06:36:42 +0000 2017,@AmazonHelp When will Madam Secretary S4 will be available on Amazon Prime Video India?,20430,
991682,326607,True,Sat Oct 14 13:25:14 +0000 2017,"@AmazonHelp Nope, no emails.  Should I have received any?",991683,991681.0
430033,217267,True,Tue Oct 10 10:08:05 +0000 2017,"Through #AppTreasureHunt @115850  may trend on @123765 but by cheating, they are losing customers.",430031,
1150902,390830,True,Tue Oct 24 15:06:15 +0000 2017,"Please, where's my order? Delivery was at 8pm yrstdy, got a text at 7:47p informing me of undelivered package @AmazonHelp  @115821 #URGENT",1150901,
1129308,383095,True,Tue Oct 24 12:30:36 +0000 2017,@AmazonHelp D'accord donc c'est lui qui marque rapide pas vous. J'ai mon explication 😅,1129309,1129307.0
656107,276083,True,Wed Nov 22 22:45:47 +0000 2017,@AmazonHelp I will,656106,656108.0
2888331,800881,True,Tue Nov 28 13:00:46 +0000 2017,プライムはベビメタやでんぱ組などアイドルも多いのがとてもよいです。あと、天野月、イエモン、LUNA SEA、東京事変、BOOWYなどが聴けるのがありがたいです。,2888329,
1435711,453315,True,Thu Nov 02 14:04:15 +0000 2017,@115821 what do I do when your customer service chat folks snubs me? They stopped mid conversation.,1435709,
379904,206125,True,Mon Oct 09 07:53:06 +0000 2017,Day three with unprofessional @115821. Failure after failure,379903,
858731,323509,True,Fri Oct 13 14:27:23 +0000 2017,@AmazonHelp I’m in Belgium waiting for an undelivered package. They told me it was at the post office so I went to pick it up and it’s not there either😩,858733,858730.0
2420269,695254,True,Sun Oct 29 13:03:20 +0000 2017,@AmazonHelp 969988222 it's my ragister number pls cheak now,"2420266,2420278",2420279.0
1321658,428544,True,Fri Oct 27 09:27:10 +0000 2017,@118117 Hey @115821 already have both your services but the fact I can’t order is a problem,1321656,1321659.0
942702,343478,True,Sat Oct 21 16:06:23 +0000 2017,"Dites donc @120533, c'est quoi cette nouvelle politique PanierPlus chez Prime ? Je ne peux plus commander tout, tout de suite? https://t.co/Xs1UZKQ3hw",942700,
2840197,790376,True,Mon Nov 27 16:35:52 +0000 2017,"@AmazonHelp M'voyons... le grand enfant que je suis à déjà tout ouvert :P L'ouverture des cartons, c'est comme un 1er Noël avant l'heure :D",2840199,2840196.0
348161,198899,True,Sun Oct 08 06:20:15 +0000 2017,"Dear @115850 The dead mobile has been returned, delivered to you on 1st Oct, Assured refund multiple times, but no response actually.","348160,348162",
2815511,784933,True,Mon Nov 27 03:04:29 +0000 2017,"@AmazonHelp Hola, sí las había visto pero tardan casi un mes en llegar. ¿Ni una pista de cuándo saldrán las oficiales de Amazon?",2815513,2815510.0
2529627,720167,True,Wed Nov 08 07:15:24 +0000 2017,"Vraiment pas cool @AmazonHelp livraison garantie aujourd'hui, on paye pour le Premium, et là bim je me retrouve encore une semaine sans pouvoir bosser correctement👎:( https://t.co/wVtHRi17l9",2529626,
1271546,417683,True,Sat Nov 25 20:16:50 +0000 2017,@156928 @16385 @156929 why do i get an error? https://t.co/J3mF1mg4TR,1271545,1271547.0
2149494,631743,True,Thu Nov 09 00:58:03 +0000 2017,@AmazonHelp ありがとうございます。問い合わせさせていただきます。( ∩ˇωˇ∩),2149493,2149495.0
1276141,418721,True,Thu Oct 26 16:01:32 +0000 2017,"@AmazonHelp Bonjour :) comme à chaque commande de jeux vidéo en étant prime livraison 2 jours, toujours envoyé en retard...",1276143,1276140.0
1719119,350794,True,Tue Nov 07 08:05:59 +0000 2017,@AmazonHelp Yes but No reply,"1719120,1719121",1719118.0
332005,195056,True,Sat Oct 07 16:47:20 +0000 2017,@115850  When is the Next diwali sale coming?,332004,
438699,219241,True,Tue Oct 10 19:23:15 +0000 2017,@AmazonHelp They already charged my card last night,438701,438698.0
343118,772199,True,Tue Nov 21 04:06:16 +0000 2017,"@115851 @117634 Please Bezos, blue light filter on the Kindle Paper white! I love mine but I want to fall asleep easier while reading!",2759733,343113.0
440032,184653,True,Wed Oct 11 12:01:03 +0000 2017,"@AmazonHelp I hv been a long standing customer wid u al. __email__.Bt did incident has shaken my belief.","440033,440034,440035",440031.0
2336964,291901,True,Fri Oct 20 04:19:01 +0000 2017,"On the plus side, wanted to give @115821 a shout out for sending me live updates the whole way. Customer service always on fleek!",2336962,2336965.0
1137342,387909,True,Thu Oct 26 12:24:11 +0000 2017,@AmazonHelp Getting same response from you everywhere. 'Please allow us sometime' your standard response for each issue,1137343,1137340.0
379941,206130,True,Mon Oct 09 07:52:36 +0000 2017,@AmazonHelp well it's half day and I have to leave thats why I need to speak with the delivery guy,379942,379940.0
2522385,535487,True,Thu Nov 16 01:26:34 +0000 2017,@115821 how come I could get my Kindle delivered to Puerto Rico last year but all Echo products can't be sent here? They are all electronics. Can you help me out? Planning my Xmas Shopping!,2522384,
268130,179930,True,Tue Sep 26 14:53:56 +0000 2017,"@AmazonHelp That has happened before, but not in these 3 cases here",268128,268132.0
2392730,689016,True,Tue Nov 14 11:08:46 +0000 2017,@AmazonHelp I fully intend to 😉 do you know when they’ll be available?,2392732,2392729.0
1646291,503033,True,Mon Nov 06 00:55:49 +0000 2017,"２日に配送したとか通知来てた。。。
でもまだ届いてないんだけどアマゾンさんに問い合わせればいいのかな(´；ω；｀)",1646290,
1486961,465342,True,Fri Nov 03 04:23:49 +0000 2017,Amazonを名乗った迷惑メール最近来るんだが…Amazon側に報告した方がいいのかしら？,1486960,
350143,202402,True,Sun Oct 08 17:18:14 +0000 2017,"@115850 What's the best gift I can give to my wife on Diwali from the #AmazonGreatIndianFestival
#DiwaliKiTayyariWithPammiAunty","364693,364694",350140.0
550590,248261,True,Sat Dec 02 18:33:37 +0000 2017,"Eben @117093 ausprobiert. Lief alles wie am Schnürchen, meinen leeren Kasten Augustiner haben sie auch mit einem Lächeln im Gesicht entgegengenommen. 
Gerne wieder ✌🏽",550589,
1033033,364416,True,Sat Oct 14 18:20:15 +0000 2017,@116928 He cancelado el mimso dia que se me ha cobrado,1033032,1033034.0
2205289,641029,True,Thu Nov 09 22:47:05 +0000 2017,@AmazonHelp I­t­ says Monday for delivery.,2205288,2205290.0
436916,218760,True,Tue Oct 10 16:57:29 +0000 2017,Became a prime user yesterday and this is how amazon sends me my first product. An open toothpaste box. Extremely frustrated #AmazonIndia https://t.co/eRkFdYQ3kP,436915,
1494197,466958,True,Fri Nov 03 11:00:54 +0000 2017,"@AmazonHelp hi, just curious as to why I had to pay £22 in postage and packing &amp; the item was delivered to a newsagents &amp; not my house!!",1494195,
1004611,268872,True,Sat Nov 25 19:55:57 +0000 2017,"@AmazonHelp Also none of them are outside of locker size &amp; weight requirements, so all should be eligible?",1004612,1004607.0
1883355,562032,True,Wed Oct 18 10:43:56 +0000 2017,".@AmazonHelp on my orders it said an order was delivered Monday, it’s Wednesday and it’s still not here? What do I do?",1883353,
2632968,133252,True,Fri Nov 17 19:05:45 +0000 2017,"@AmazonHelp Non pas encore, comment dois-je procéder ?

Je suis en Prime en plus, c'est assez embêtant sachant que je pars de chez moi à partir de demain 12h",2632970,2632967.0
874833,327700,True,Fri Oct 20 19:55:17 +0000 2017,"Alô, @117804 , libera a capa de couro do Kindle paperwhite no site. Quero comprar há meses e não encontro. Maldade. Vai ficar todo ralado",874832,
968024,138194,True,Sun Oct 15 04:19:25 +0000 2017,"@AmazonHelp 9558817746
__email__

check my problem and do thing right","968026,968027",968023.0
2366268,121104,True,Mon Nov 13 22:51:27 +0000 2017,@AmazonHelp I am currently on holiday in New York does having a non USA prime account not work over here ?,2366267,2366269.0
2501897,713649,True,Wed Nov 15 20:05:30 +0000 2017,"@AmazonHelp Hello, any reason why the Kindle Store is not loading on my kindle paperwhite? I click the recommended for you link and I just get a completely blank screen. I’ve tried restarting...",2501896,
1384447,150460,True,Thu Oct 19 09:46:15 +0000 2017,"@192177 @AmazonHelp @442179 Damn it, my bad amazon. Thanks for help both of you!",1384446,1384448.0
2775897,775647,True,Tue Nov 21 15:23:24 +0000 2017,"@AmazonHelp Yes, 2 times now. The first time I was told that because I didn't know the email it was changed to they couldn't help. And the second time I was told that there was no security issues when there clearly were since I wasn't listing these items and the email was changed. https://t.co/aSFhtNOjVc",2775899,2775896.0
2512386,716027,True,Mon Oct 30 06:32:43 +0000 2017,"@AmazonHelp Non, j'ai le suivi via UPS, c'est juste que qd il passe de dépôt en dépôt en restant à chaque fois au moins 1 journée, ça explique leur QoS",2512388,2512385.0
1150869,390825,True,Thu Oct 26 16:21:54 +0000 2017,@AmazonHelp Yes I have seen the reply but asking for the resolution bcoz the same excuse I am hearing from last 2 days..,1150870,1150868.0
1219175,400678,True,Wed Oct 25 14:45:05 +0000 2017,Still mad @115821 😤,1219173,
2490529,287936,True,Wed Nov 15 17:48:35 +0000 2017,@AmazonHelp Thanks team..,2490531,2490528.0
1002622,357323,True,Sat Oct 14 12:43:46 +0000 2017,"@115850 
My tracking #511355783673 
Delivery man didn't handover the package to me. From where to collect?
Where and how to contact you","1002623,1002621",
130254,145378,True,Fri Nov 24 06:47:40 +0000 2017,@AmazonHelp But what was the problem?,130256,130253.0
1955330,580369,True,Wed Oct 18 17:33:12 +0000 2017,"@AmazonHelp @115851 5 days after package was guaranteed delivery, I still dont have it. Amz supervisor hangs up on me. #awful",1955326,
2935199,811529,True,Wed Nov 29 10:12:30 +0000 2017,"@AmazonHelp Customer service is a joke! What's the point of pre ordering to wait until a week after release to receive the item! Hasn't even been dispatched yet and release was yesterday! CS just reiterate estimated delivery, no help at all.",2935198,
2602258,736489,True,Fri Nov 17 08:50:41 +0000 2017,@AmazonHelp Or you could speak to delivery folk and tell them to use some common sense!,2602260,2602257.0
1155157,391746,True,Tue Oct 24 17:28:58 +0000 2017,When you have Prime and have free same day delivery and it ends up being longer then that .... @AmazonHelp I needed my shit like yesterday https://t.co/4f4dG181mo,1155156,
1168764,373357,True,Tue Oct 24 18:56:07 +0000 2017,"@AmazonHelp @115850 can u advise what are next steps for me to get this item,ur courier partner was nt willing to deliver this at my home https://t.co/gqXhEyEdbf","1168763,1168765,1168766",
77518,133269,True,Thu Nov 30 05:35:38 +0000 2017,@133270 @115850 This incident already done with us...Amazon service is very cheap &amp; poor  in india ....I ordered samsung phone and we got the bathing &amp; washing soap instead phone.....,77516,77519.0
699488,286860,True,Thu Nov 23 15:56:09 +0000 2017,"I like @115821 but wish they'd get their act together with packaging, one huge box for one little item 😞 https://t.co/hHuU6LQy5o",699487,
350585,199409,True,Sun Oct 08 10:12:45 +0000 2017,@AmazonHelp When did you start using DPD? I pay for Amazon prime so that I can get my delivery the next day but they're crap,350584,
83348,134316,True,Fri Dec 01 13:46:55 +0000 2017,@AmazonHelp Well as expected my package did not arrive yesterday which was the original date given for delivery,83349,83347.0
2909105,744309,True,Tue Nov 28 21:13:00 +0000 2017,@AmazonHelp If PBS Masterpiece content is free with a prime account why does the fire stick interface prompt me to purchase the channnel/individual shows or sign up for a free 7 day trial?,2909107,2909104.0
545725,140038,True,Sat Dec 02 17:00:32 +0000 2017,@AmazonHelp where do I send this now it’s ready for return and refund? No instructions in the email. https://t.co/01svugICBt,545723,
1890598,563808,True,Sun Nov 26 07:30:21 +0000 2017,@115850 your IVr still sucks.,1890596,
528989,137873,True,Sat Dec 02 09:15:06 +0000 2017,@242496 @115830 The tracker says this https://t.co/jQqxJceN1z,528988,528990.0
2464853,705402,True,Sun Oct 29 19:51:27 +0000 2017,"@AmazonHelp All e-mails say today, website says today... it's almost 8pm and nothing.  What time does delivery stop?",2464855,2464852.0
2389812,688455,True,Tue Nov 14 08:36:21 +0000 2017,Hey @115850 can you check status of order 403-5527477-8373106..no updates seen in tracking since Saturday..by when will it be delivered..,2389811,
2880410,799329,True,Tue Nov 28 08:21:38 +0000 2017,@120533 je ne reçois pas le mail avec le numéro ou alors très longtemps après donc plus valable. Votre bug bloque bcp  de monde,2880409,
2836931,789599,True,Mon Nov 27 15:47:21 +0000 2017,@AmazonHelp AMZL US is the carrier - I’ve reordered and of course there is a price increase!!,2836932,2836930.0
71059,131959,True,Thu Nov 23 05:42:48 +0000 2017,@AmazonHelp やだ・・・中の人かわいすぎかよ・・・(´°̥̥̥̥̥̥̥̥ω°̥̥̥̥̥̥̥̥｀),71058,71060.0
2465677,705591,True,Sun Oct 29 19:22:07 +0000 2017,@AmazonHelp Not only do our 5 subscribe&amp;save items come separately but this..Do u have sustainability goals? Doesnt seem like u do! Absurd. https://t.co/Ai7nyBw2Cr,2465676,
1434920,375444,True,Thu Nov 02 13:51:34 +0000 2017,"Und wo ist der #Lavazza Kaffee, @116316?

Unter ""Angebot ansehen"" steht jedenfalls nichts von Lavazza bei der #Amazon Webseite dazu. 🤡 https://t.co/XHwNEX4Ss8",1434918,
870097,326606,True,Fri Oct 13 15:48:52 +0000 2017,"@AmazonHelp Transporteur : Amazon Logistics n° de suivi CQ0001116063
 CQ0001116063",870099,870096.0
896665,212518,True,Sun Oct 15 20:31:44 +0000 2017,@AmazonHelp En eso estoy! Saludos!! https://t.co/aDmJUotWIs,896666,896664.0
2154463,202131,True,Thu Nov 09 04:14:38 +0000 2017,"@AmazonHelp how can this be. Two separate packages, wo different carriers. Both delayed. Seems like it's on your end https://t.co/hhc2abWAZ2",2154464,2154462.0
815474,314198,True,Tue Nov 07 16:35:14 +0000 2017,@115821  what a joke 2 days you have tried to deliver my item you say . Nope you haven’t customer service can’t speak English 😡😡😡😡,815471,
500819,147818,True,Fri Dec 01 19:33:30 +0000 2017,Gracias @135806 y @116928 x tnerme TODO el dia en casa sperand 1pakete qfinalmnte NO ha llegado @137605 @AmazonHelp,500818,
2698907,758278,True,Sun Nov 19 20:04:31 +0000 2017,@AmazonHelp can I still get my battery changed by amazon on my kindle third generation,2698906,
2628900,742471,True,Fri Nov 17 17:04:23 +0000 2017,@115850  I am Kunal Rajput (pH no: 9910985835) I purchased 5 bedsheets but those qualitiy was very bad so I returned the bedsheets and they gave the refund in my Amazon pay account and it won't transfer to my bank account. I want my money back in my bank account,2628899,
2578454,729886,True,Thu Nov 16 21:58:19 +0000 2017,@115830 been waiting for a call back from a supervisor since 8pm.. it's nearly 10pm 😑,2578452,
627864,268700,True,Wed Nov 22 14:53:25 +0000 2017,"@AmazonHelp @115830 disappointed to receive my parcel like this, especially with Christmas presents in which have been damaged https://t.co/gvHvAOwWAg",627862,
2440779,700010,True,Tue Nov 14 14:37:26 +0000 2017,@700006 @120465 @116313 私も映画が途中から見れなくなりました,2440788,2440777.0
2573811,729897,True,Thu Nov 16 20:23:49 +0000 2017,i'm confused how i can pay for @115821 prime for two day shipping and still consistently never have my package in two days. Is that even allowed i'm ready to sue lmao,2573809,
2852131,792984,True,Mon Nov 27 19:52:03 +0000 2017,"@AmazonHelp hey, when would you like to give me back the £1 that's been pending in my account since 11/11???",2852129,
418991,214939,True,Tue Oct 10 04:28:59 +0000 2017,@11598 despite being cancelled my order no. by @115850 my friend was scammed and later found a piece of plastic instead of Card.. https://t.co/N3yFQ3XfuX,418989,
2318459,578187,True,Thu Oct 19 22:56:35 +0000 2017,I ❤️ @115821 but they make it SO difficult to report a Lost/missing package. If their goal is to get u to give up then mission accomplished,2318456,
75934,133000,True,Thu Nov 30 11:30:53 +0000 2017,"@AmazonHelp Ce qui a de plus désolant, c'est surtout que ca arrive systématiquement avec Colis Privé. Arrêtez de traiter avec eux, ca ne peut pas continuer là...",75932,75935.0
2374456,684963,True,Tue Nov 14 02:02:23 +0000 2017,@AmazonHelp Yeah it’s not expected to be here tomorrow or Wednesday. 🙄 what’s the point in paying from prime if the shipping isn’t guaranteed 2 days? I need these by Saturday!,2374455,2374457.0
164948,154233,True,Fri Nov 24 19:50:43 +0000 2017,"@AmazonHelp Well, so much for that - failed to deliver again! Guess I’ll need to cancel it &amp; reorder it to be delivered to my work place. #reallyannoyednow #amazonlogisticsfail",164946,164949.0
1254597,414275,True,Thu Oct 26 06:33:25 +0000 2017,Amazonでトリートメント頼んだら梱包めちょ適当やったwww https://t.co/GTZP0DrneP,1254595,
1366407,438086,True,Sat Nov 25 12:07:09 +0000 2017,I GOT IT!  I GOT IT!  I GOT IT! 🤩😄❤️  Thank you @115821 &amp; @142136 for making this 🇨🇦 girl's week! https://t.co/XTn2HjPVYu,1366406,
25302,121472,True,Fri Nov 03 23:30:37 +0000 2017,土曜日の朝、アマゾンの箱で猫と遊んでいたら、猫たちが箱の穴越しに戦い始める(=^･_･^=) https://t.co/2XOwrE1xwb,25300,
2689302,756096,True,Sun Nov 19 15:55:26 +0000 2017,@AmazonHelp No! Not logging into my account and follow up on this. Done it before and you guys didn't follow up. Go check your Facebook page. Ppl needs to know how you would resolve this matter.,2689304,2689301.0
438666,219238,True,Tue Oct 10 18:03:19 +0000 2017,@120540 non controlla le recensioni che confondono.un libro per un altro. Dilettanti e incapaci amazon,438663,
1332678,430887,True,Fri Oct 27 13:22:11 +0000 2017,@AmazonHelp Muchisimas gracias por solucionarme la duda tan rapido y tan bien.,1332677,1332679.0
1123351,384925,True,Wed Oct 25 08:19:14 +0000 2017,@AmazonHelp Replied to the email,1123352,1123350.0
179071,158229,True,Wed Oct 04 10:06:50 +0000 2017,"@AmazonHelp Del producto en el que puse la reclamacion no me sale esa opcion, unicamente ver estado devolucion, comprar de nuevo y dejar una opinion, imagino que podreis acceder vostros mismos y comprobarlo. El otro envio lo he recibido hace un momento.",179069,179073.0
1265738,416387,True,Thu Oct 26 13:04:01 +0000 2017,@AmazonHelp @117634 when I have to spend 15 minutes trying things I already did to ONLY then be xFered to a kindle specialist…. #inefficient,1265740,1265736.0
62158,130236,True,Wed Nov 01 21:39:09 +0000 2017,@AmazonHelp Amazon.ca,62160,62157.0
651686,274975,True,Tue Oct 10 18:23:12 +0000 2017,@116618 What happened to the download option in the iOS app? The button is completely gone.,651684,
423247,215768,True,Tue Oct 10 12:51:46 +0000 2017,"@AmazonHelp Merci @AmazonHelp j´ai réglé cela au téléphone, le colis a était perdu par @120534, merci pour votre service.",423248,423246.0
1510481,389945,True,Fri Nov 03 19:48:21 +0000 2017,@AmazonHelp Oui,1510482,1510480.0
972594,350702,True,Sat Oct 14 06:39:21 +0000 2017,@AmazonHelp え、もう連絡してしまって、名前もいいましたけど,972593,972595.0
426643,216472,True,Tue Oct 10 12:34:38 +0000 2017,@AmazonHelp it’s not letting me cancel my order please help?,426640,
1041649,366347,True,Tue Nov 21 01:00:47 +0000 2017,"@AmazonHelp Se que son una excelente empresa, pero les falla en esto, en estas fechas es mejor o deshabilitar la opción de un día o de plano agregar una nota de que el pedido puede no llegar en la fecha promesa por la sobredemanda",1041652,1041648.0
2468557,706252,True,Tue Nov 21 14:37:42 +0000 2017,@116316 grad fix bei euch eine Bestellung abgeschickt. Nachschub an glutenfreien Nudeln. Vorbei an meinem Warenkorb den ich noch nicht fertig habe und nicht leeren wollte. Super Feature!,2468556,
1478291,463272,True,Thu Nov 02 18:44:28 +0000 2017,@AmazonHelp au walletでAmazonプライムに登録しようとしてこのようになりました、原因と解決策はなんでしょうか https://t.co/4ahbYtdKzw,"1478290,1478292",
1565905,483379,True,Sat Nov 04 15:27:02 +0000 2017,"Appena staro' meglio quel che basta da fare le scale se suona il corriere mi faccio un regalino su @120540 che me lo merito, ecco ;)",1565903,
1219900,406214,True,Wed Oct 25 15:47:24 +0000 2017,"@AmazonHelp yep, tried all of the above, including restarting the router. i keep getting a wi-fi error message when i try to connect.",1219901,1219899.0
1252589,411803,True,Thu Oct 26 05:21:28 +0000 2017,"@115821 To update the story, I got a refund!",1252587,1243795.0
2950834,408978,True,Wed Nov 29 17:18:46 +0000 2017,@AmazonHelp What happened to this in shipping? I'm afraid to feed my cats half of these cans because they're that damaged. https://t.co/338hgby0rx,2950832,
2462195,704889,True,Wed Nov 15 08:33:40 +0000 2017,@AmazonHelp alredy informed him but told me to wait for seller reply.   seller not giving any reply.   why seller give reply when he had done fraud.  if he cant deliver then he can cancelled order but he had done fraud work here send same tracking to eveyone. i JUSt want my LEd TV  asap,2462197,2462194.0
138238,147134,True,Fri Nov 24 08:52:21 +0000 2017,"&lt;1/1&gt;Today I witnessed a great customer satisfaction service by @2005 Instead of providing compensation in form of replacement for the @3977 Y1 mobile damaged during delivery, asked me to book the same in next flash sale. @147135 @115851 @115850 #Nahargarh","138236,138242",
239499,172907,True,Sat Nov 25 02:22:49 +0000 2017,"@116313 
アマゾン使った事がないんですが、どうしたらいいですか？ https://t.co/c14bmdNePK",239498,
758382,301218,True,Wed Oct 11 18:56:57 +0000 2017,@115821 i ordered a package on 9/30. expected 10/4 but never came. help me please because amazon is a great place.,758381,
2924595,809256,True,Wed Nov 29 02:40:35 +0000 2017,@115821 i love you and i pay for prime but this is the fourth time my order hasn’t arrived by the guaranteed date and i’m kinda pissy tbh,2924594,
2294558,179047,True,Sat Nov 11 23:50:31 +0000 2017,@AmazonHelp Both,2294556,2294559.0
1614857,495326,True,Tue Oct 17 10:36:00 +0000 2017,@115850 Is the cashback of 499 for new Amazon Prime members on purchase of Fire TV Stick discontinued ?,1614856,
872294,294899,True,Sat Oct 14 15:02:12 +0000 2017,@AmazonHelp how about a link for a formal complaint instead.  I don't trust Amazon practices anymore.,872295,872293.0
1678019,510379,True,Mon Nov 06 14:53:11 +0000 2017,Los odio @115821 solo la compré por que decía que me la entregaban hoy como para que ahora me digan que no 👎 https://t.co/ka8ufA6h9J,1678017,
2890482,801358,True,Tue Nov 28 14:39:14 +0000 2017,@AmazonHelp Already spoken to 2 customer care representatives but your policy can't touch the seller (as per them) as they have initiated the refund.Moral: Time has no value.Dissatisfaction doesn't matter any more.,2890484,2890481.0
1473744,462111,True,Fri Nov 03 01:48:09 +0000 2017,@AmazonHelp what’s wrong with this picture??? https://t.co/LNpAcpc4uW,1473743,
474221,227877,True,Fri Dec 01 10:27:38 +0000 2017,"@AmazonHelp I understand but receiving calls is also a good option you see,called him several times ,I have to leave for some work and nobody would be home",474224,474220.0
1694551,514168,True,Tue Oct 17 15:43:54 +0000 2017,@115850 Is something not right in this??? Is a GREAT INDIAN FESTIVAL celebrated with a damaged idol!!! #Damage #AmazonGreatIndianFestival https://t.co/xx2BtuToc9,1694550,
1556276,481173,True,Sat Nov 04 12:06:01 +0000 2017,"Wtf 
Hey @115850  no one attempt any delivery for my product...
But your app shows it..
I m prime member but still 4 days 2 deliver prodct https://t.co/dRRzLLqaci",1556275,
2840193,790374,True,Mon Nov 27 16:26:54 +0000 2017,"I pay for 2 day shipping to only get my shit the next week 
Great fucking shit Amazon 😑
@115821",2840191,
2500764,286780,True,Fri Nov 17 14:57:41 +0000 2017,@AmazonHelp Okay the amazon seller name is it just Amazon? Do you have a direct link? Thank you,2500765,2500763.0
1303654,339106,True,Fri Oct 27 01:22:33 +0000 2017,"How low do you have to go in online marketing..? Free product for a 5* review, really?

#fail
#ecommerce
#Amazon
@115821
#marketing
#online https://t.co/5tVnJgnfNe",1303653,
229985,170803,True,Thu Oct 05 09:05:30 +0000 2017,@AmazonHelp Why late,229987,229984.0
125350,144105,True,Fri Nov 24 02:22:48 +0000 2017,"@AmazonHelp A lista é sempre grande. O que mais tá sendo vantagem são os importados. Tô de olho em 2, apesar de não ser o melhor preço, vou pela confiança que tenho na #AmazonBrasil.",125347,125353.0
1635836,349928,True,Sun Nov 05 21:20:37 +0000 2017,Not happy @AmazonHelp that I've pre-ordered something as birthday present released October 31st and it doesn't arrive until 13th November,"1635834,1635837",
18684,120168,True,Wed Nov 01 05:41:02 +0000 2017,"@115850 I ordered an Alexa and it's stuck in customs. @120169 sends me an email to upload the KYC. However, the link doesn't work. #Help","18683,18685",
2938167,812157,True,Tue Nov 14 22:49:06 +0000 2017,@AmazonHelp what’s with orders being delivered without any packaging or boxes?,2938166,
1201259,137608,True,Wed Oct 25 12:33:34 +0000 2017,@115821 glad you're paying attention to your customers! What happened to your Customer Service? It used to be top notch. This is ridiculous. https://t.co/wfApxsBexo,1201258,1201260.0
2878615,798971,True,Tue Nov 28 07:18:01 +0000 2017,@AmazonHelp Not only one every list,2878614,2878616.0
1744994,525275,True,Tue Nov 07 14:23:33 +0000 2017,"@AmazonHelp PUTRID CustSupp! My acct hacked on 30Oct, have been infrming u, NO ACTION FROM UR SIDE... PATHETIC guys!","1744992,1745014",
521715,240453,True,Sat Dec 02 03:25:16 +0000 2017,"@123967 @amazonhelp
 #ImgPlay https://t.co/1rcjbUbBu1","521716,521714",
2663754,750489,True,Tue Oct 31 07:56:31 +0000 2017,@AmazonHelp A link to sign in? I’ve been thru this before...,"2663756,2663757",2663752.0
1658918,427870,True,Tue Oct 17 15:01:24 +0000 2017,@AmazonHelp I don't understand when it was dilvery of one day and during order it takes 4 days and even Amazon prime doesn't work....,"1658920,1658921",1658916.0
57456,128484,True,Wed Nov 01 19:37:07 +0000 2017,@AmazonHelp read what i wrote. amazon india is listing pantry products under prime. and pantry does not have free prime shipping.,57455,57457.0
550600,142541,True,Sat Dec 02 18:48:17 +0000 2017,"Prime Reading strikes again. I get to read Planet Hulk, World War Hulk, Unworthy Thor, Thor: Goddess of Thunder (V1) &amp; Deadpool: Secret Invasion (V1). Thanks @115830. https://t.co/VUoOb5x1mH",550599,
786541,307631,True,Thu Oct 12 09:34:29 +0000 2017,@AmazonHelp ご丁寧にありがとうございます！出品者には連絡済です。連絡待ってみます！,786540,786542.0
367900,203157,True,Sun Oct 08 21:21:31 +0000 2017,"TIL that Amazon Prime Now is a separate company from Amazon. Hence, your Now orders won't show on Amazon order history. #Annoying",367898,
231456,171125,True,Thu Oct 05 10:30:02 +0000 2017,"@115850 - have written one mail. Request you to respond, as its urgent https://t.co/ZWu0SOIk3y",231454,
711129,290065,True,Tue Oct 10 22:10:11 +0000 2017,@AmazonHelp Fecha prevista 09-10-2027 https://t.co/MXhcg3cPEi,711130,711128.0
2581902,731738,True,Fri Nov 17 05:46:21 +0000 2017,"@AmazonHelp The information is all in that tweet. App tells me two things, one of which is not true, was never delivered to my address. @126705 will have to take this one then.",2581904,2581901.0
1279202,419335,True,Thu Oct 26 17:29:43 +0000 2017,"@AmazonHelp Yes, but when I follow that link, there are no links to subtopics on my left sidebar.  We’ve just replicated the problem, one tier down",1281333,1279198.0
2119339,530472,True,Wed Nov 08 15:01:56 +0000 2017,"@AmazonHelp Oui, je vais voir avec le SAV, merci.",2119340,2111140.0
1006035,358105,True,Sun Oct 22 19:18:54 +0000 2017,@AmazonHelp any update?,1006034,1006036.0
2124866,199286,True,Wed Nov 08 18:29:48 +0000 2017,@AmazonHelp So you guys don’t provide social support?,2124868,2124865.0
1652913,504621,True,Mon Nov 06 07:58:07 +0000 2017,"@AmazonHelp Yes. 'We’re sorry your parcel is late. If it hasn’t arrived by Thursday, 9 Nov, please come back for more options'",1652915,1652912.0
172287,156260,True,Fri Nov 24 22:24:08 +0000 2017,Bruh @115821 One day pick up is God Tier !,172286,
1499815,468211,True,Fri Nov 03 15:05:54 +0000 2017,"@AmazonHelp Eso si @AmazonHelp los mail genéricos que mandáis como si fuesen personalizados, genial!Ya tengo 4 iguales firmados con nombres distintos...",1499812,1499822.0
2511607,312716,True,Wed Nov 15 23:00:10 +0000 2017,"@115821 hey guys. So I ordered a product and it says it was delivered, but the item was stolen from the business because we close @ 4pm and it shows it was delivered @ 7ish.",2511605,
1806521,542750,True,Wed Nov 15 05:33:12 +0000 2017,@AmazonHelp Your representative was in some foreign country. Kept denying that you quoted a release date of the 12th when I saw this clearly on not only the Web page but the checkout page. When did your representatives begin lying to customers about what Amazon put on its own Web pages?,1806522,1806520.0
2296954,666838,True,Sun Nov 12 13:03:18 +0000 2017,バイプレイヤーズ、めっちゃおもしろいやんけ！ありがとう、Amazonプライム！！,2296952,
2275936,661961,True,Sat Nov 11 08:02:38 +0000 2017,@AmazonHelp i did purchase a honor 6x with sbi dr card cash back offer upto 15% but back cash recieve only 11 %,2275934,
1558760,481736,True,Sat Nov 04 12:47:21 +0000 2017,"@AmazonHelp @115850 
6200 rupees deducted from my atm card while adding money on amazon pay.",1558758,
979575,350050,True,Sun Oct 15 11:14:34 +0000 2017,@AmazonHelp I have also replied to the same. Check it,979576,979574.0
485422,230486,True,Fri Dec 01 14:59:04 +0000 2017,"Señores de @130687 , había recibido un correo electrónico diciéndome que me traíais un paquete de @116928 de 13:45 a 14:45. Y aquí me tenéis, esperando. Lo de leer el reloj lo lleváis mal, ¿no?",485421,
857020,323511,True,Fri Oct 13 13:34:12 +0000 2017,"@115825 GhostInTheShell wird in den Empfehlungen als Prime-Titel angezeigt, muss in der Detailansicht aber weiterhin gekauft werden?",857018,
421382,215401,True,Thu Oct 12 06:26:08 +0000 2017,"@115850 We are sorry to inform you that a return pickup cannot be arranged for this order,","781670,781671",421372.0
2398203,690191,True,Tue Nov 14 13:25:24 +0000 2017,あ、Amazonさんから発送メール来てた(*'ω'*)Reason明日届くぞ〜〜🙌🙌,2398202,
1110744,375108,True,Tue Oct 24 01:43:44 +0000 2017,"My @115821 order hasn’t even shipped so I guess I’m looking at four day shipping now, at best. ☹️",1110743,
2619633,740259,True,Fri Nov 17 15:32:00 +0000 2017,"https://t.co/l3p5TM4J9Y
@117086 @101276 @101277",2619632,
789032,308156,True,Thu Oct 12 11:08:49 +0000 2017,"@AmazonHelp Thank you very much for righting a wrong that wasn't even your fault! The ""lost"" package you resent to me arrived last night.",789031,
789697,297517,True,Fri Oct 13 12:30:26 +0000 2017,@AmazonHelp Frgt abt email today is day4 where the hell is my stupid order oh god m tired n frustrated with you all @115821,789698,789696.0
2417834,694788,True,Sun Oct 29 12:23:14 +0000 2017,@AmazonHelp 手続きは完了しているので後日返送します(* ^ー゜)ノ,2417836,2417833.0
2342062,677437,True,Mon Nov 13 14:46:15 +0000 2017,. @115821 -- I'm glad drivers deliver to my porch. But can u tell 'em not to put heavy boxes right in front of the storm door. #cantopendoor,2342060,
415696,214138,True,Tue Oct 10 02:05:46 +0000 2017,"@AmazonHelp hello, is there a twitter account for ""amazon prime""? (not AP now)",415694,
637278,222203,True,Wed Nov 22 18:53:53 +0000 2017,@AmazonHelp Non puisque je n'ai encore jamais commande chez vous,637277,637279.0
967764,349714,True,Sun Oct 22 00:54:13 +0000 2017,@AmazonHelp I did not get the email and the chat appears to be still open. The rep appears confident yet won’t provide employee id,967765,967763.0
427049,216573,True,Wed Oct 11 08:44:50 +0000 2017,@AmazonHelp Please please please... do something to fix this issue once and for all.,427050,427048.0
769587,303756,True,Wed Oct 11 22:58:29 +0000 2017,@115821 @AmazonHelp thanks for sending me a item that was returned.  Including the hand written note from the last customer 👀 https://t.co/xMJQgCQ4II,769586,
325406,193512,True,Sat Oct 07 15:27:23 +0000 2017,"@115850 
Refund on order 407-3203290-5373105
Truly love ur service n d way u handled it. Kuddos!!! #LongLiveAmazon #greatcustomerservice","325405,325407,325408",
1633258,499717,True,Sun Nov 05 20:19:44 +0000 2017,"@AmazonHelp A previous one has been Royal Mail, the one that’s late today is Hermes!","1633260,1633261",1633257.0
870032,326590,True,Fri Oct 13 21:16:39 +0000 2017,@AmazonHelp El problema no es del transportista sino vuestro. Ponéis una fecha exacta de entrega y el mismo día avisáis de que ha habido un problema,870033,870031.0
1553218,480561,True,Sat Nov 04 11:01:53 +0000 2017,間違えてAmazonプライム、ポチっちまったんでとりあえず戦闘車を観てる。,1553216,
1322934,428736,True,Fri Oct 27 09:46:13 +0000 2017,"Amazon emailed me this morning saying my copy of Super Mario Odyssey is gonna be delayed, why must you do this to me?",1322932,
264676,179062,True,Tue Oct 10 06:21:47 +0000 2017,@AmazonHelp I have already update the detail link through FB but everytime i m not getting result.,"417261,417262",264675.0
1532188,387412,True,Fri Nov 03 20:35:22 +0000 2017,"@AmazonHelp I’ve tried but my order can’t be found apparently, the money has come out but I’m left with nothing? When will I get it?",1532190,1532187.0
62386,130292,True,Sun Nov 26 00:57:41 +0000 2017,Pero cómo sois tan geniales @130293,"62385,62387",
306922,150588,True,Fri Oct 06 23:33:49 +0000 2017,"@AmazonHelp Will do, thanks!!","306921,306923",306924.0
2841797,131413,True,Mon Nov 27 16:54:47 +0000 2017,"@AmazonHelp hi, i have to ask you something about amazon photos.",2841796,
1424224,450936,True,Thu Nov 02 10:08:28 +0000 2017,@116313 ちなみに分割発送だったときは同時注文で、「可能な限りまとめて発送」にチェックしていました。,"1424222,1424226",1424227.0
2937392,811995,True,Wed Nov 29 12:03:18 +0000 2017,@AmazonHelp すぐにサポートに電話をして、対応していただきました。リプライありがとうございます。,2937391,2937393.0
2950873,132139,True,Wed Nov 29 18:54:59 +0000 2017,@AmazonHelp :-) singende Pakete :-) zum Abschied... gute Nacht euch! ;-) https://t.co/QtMwFKuNZD,2950875,2950872.0
779930,306231,True,Thu Oct 12 05:53:53 +0000 2017,@AmazonHelp @115821 Refusing replacement and asking customer to take refund and order again at higher prices...depicts poor ethics,"779934,779935",779928.0
2609258,738004,True,Fri Nov 17 10:32:21 +0000 2017,@AmazonHelp Tentative de distribution hier à Strasbourg a 10h09,2609256,2609260.0
1816332,545624,True,Wed Oct 18 02:57:27 +0000 2017,@AmazonHelp I'm literally watching you reply to more recent tweets than mine. Shameful. https://t.co/FkEMRxNHpP,1816331,
1197962,401471,True,Wed Oct 25 03:18:34 +0000 2017,@115821 Mrp 295 ko 325 show karna. What an business idea sirji...,"1197961,1197963",1197964.0
373952,204634,True,Mon Oct 09 00:38:50 +0000 2017,@AmazonHelp No. It only plays a handful of the songs by the artist. Even though all of them say they are available to play,373954,373951.0
23189,121050,True,Wed Nov 01 08:40:11 +0000 2017,@115830 having problems getting a parcel delivered as it’s to a business address. They keep coming at 5:30 which is too late.,23187,
2837007,789614,True,Mon Nov 27 15:01:27 +0000 2017,"@AmazonHelp Not, as Andrew in logistics suggested, ""check with your neighbors because that's going to be the fastest way of getting your package.""","2837005,2837009",2837010.0
420769,215288,True,Tue Oct 10 08:06:09 +0000 2017,"@AmazonHelp And, despite a strong BIG internet connection, it keeps freezing, and then when I ‘retry’, it starts alllllll over again. I hate digital.",420771,420767.0
1862337,556559,True,Mon Oct 30 06:24:23 +0000 2017,@AmazonHelp ありがとうございます。電話番号を検索したら公式のものではにとわかったので無視をしようとしていましたが、今お言葉をいただけたので確信いたしました。対応が大変かと思いますが、どうか頑張ってください。自分の知り合いにも周知して注意を促そうと思います。,1862336,1862338.0
1426202,122493,True,Thu Nov 02 04:28:58 +0000 2017,"As said b4, the agent's details are shared 2day, one day""Fake Promise""
Shame @115850 @115821. No-one even had the shame to call and inform https://t.co/2BszaBZW2L",1426201,
2622547,135209,True,Fri Nov 17 17:12:16 +0000 2017,@AmazonHelp It says Wed. I don't know as to why though since the game came out today. Should be here at least by Mon with 2 day Prime shipping right?,2622549,2622546.0
2823920,786818,True,Mon Nov 27 09:03:45 +0000 2017,Amazon返金初めてやるからすごい戸惑ってる。。,2823919,
493448,232635,True,Fri Dec 01 17:03:06 +0000 2017,"@AmazonHelp Meine Bestellung wurde heute ""zugestellt"" per Hermes. Keine Karte im Briefkasten oder an der Tür. Im Haus war auch niemand, der hätte Unterschreiben können. Können Sie mir sagen, wo meine Bestellung ""zugestellt"" wurde?",493447,
2697196,757893,True,Sun Nov 19 19:27:11 +0000 2017,@AmazonHelp Merci de votre réponse aussi rapide. Je vais de ce pas sur le lien. Bonne soirée,2697198,2697195.0
382197,206625,True,Fri Oct 27 11:17:45 +0000 2017,"@AmazonHelp Stupendo!!! 😂
Ci siamo arrangiati con gli spazi disponibili, ma siamo sicuri che sarà difficile trovarlo anche così",382199,382196.0
42540,125400,True,Tue Nov 07 10:37:27 +0000 2017,@AmazonHelp still no action. Disappointed,42541,42539.0
2291495,665528,True,Fri Nov 10 03:29:35 +0000 2017,@AmazonHelp Yes. It shows me return items window down for me.,2291493,2291506.0
2835729,789310,True,Mon Nov 27 14:43:47 +0000 2017,The #amazon delivery guy has just been... I don't think he knew his arse from his elbow... I bet it was his first day... it could quite possibly be his last too #cockup,2835728,
2471720,603869,True,Wed Nov 15 23:06:37 +0000 2017,"@AmazonHelp Así es, ya esperando que llegue para poder probarlo",2471722,2471719.0
2973851,820170,True,Thu Nov 30 01:59:44 +0000 2017,@123813 ya hay fecha para q tenga la App en mi AppleTV? 🙄,2973850,
485378,230477,True,Fri Dec 01 15:09:44 +0000 2017,Why would i rejoin prime when the last two orders i place with Amazon were late?? @115830 @AmazonHelp https://t.co/gbNna0BHcW,485374,
453208,222532,True,Thu Nov 30 22:47:54 +0000 2017,Killer job on the delivery today @115821 and @115817. One of my items was completely smashed on the bottom. https://t.co/w2wuRf0Vr8,"453207,453209",
1229458,408370,True,Mon Oct 16 01:28:07 +0000 2017,@AmazonHelp Thank you very much!,1229460,1229457.0
225494,169868,True,Tue Oct 10 13:52:21 +0000 2017,@AmazonHelp Can you make sure this time your service person come on time. It is tomorrow 10:00 AM,225495,225493.0
1398074,445122,True,Sun Oct 29 04:12:00 +0000 2017,"@AmazonHelp Fake accounts are set up with no tracking # or a fake one., Are you paying merchants before tracking has been checked and confirmed, Fix It!",1398076,1398073.0
281656,183109,True,Fri Oct 06 11:40:36 +0000 2017,@AmazonHelp I used call back earlier on this morning and the issue was resolved but I was just wondering if callback was free thanks for your help,281658,281655.0
149164,142709,True,Fri Nov 24 15:10:40 +0000 2017,"@AmazonHelp Tanto no navegador como no aplicativo Android aparece a frase ""Carregando compras adicionais..."" e ela provavelmente tranca o carregamento do script de avaliação.",149167,149163.0
367474,203044,True,Sun Oct 08 20:49:52 +0000 2017,Okay so why would Amazon tell me my package has been delivered on a Sunday ? Why @115821  Why ?,367472,
1168502,394855,True,Sun Oct 15 19:58:16 +0000 2017,Ab wann gibt es @181310 in OV ohne Untertitel? @115825,1168501,
2273184,661253,True,Sat Nov 11 13:53:41 +0000 2017,@AmazonHelp なんかすみません！！楽しみにしてます😁いつもありがとうございます！,2273185,2273183.0
2727983,422787,True,Mon Nov 20 14:14:44 +0000 2017,@AmazonHelp 2/2 it and take £8 off to cover their charges but I’ve already paid for delivery?! Please can you advise?,2727981,
75844,132980,True,Thu Nov 30 06:53:16 +0000 2017,@AmazonHelp Now it doesn't matter of previous orders but make sure this will deliver toay itself. Today is last delivery date. IT IS URGENT,75842,75845.0
2385815,352295,True,Fri Oct 20 09:24:20 +0000 2017,"@AmazonHelp Product is returning to seller without deliver.2nd time ordered this product,bt  undelivered.Is this fault of courier facilate? https://t.co/uc2xfssE8W","2385814,2385816,2385817",
2970576,819373,True,Thu Nov 30 00:42:51 +0000 2017,Trying to figure out how my @115821 package that was going to be 1 day shipping turned into 2 day shipping at check out and here we are two days later and it still hasn’t even shipped 🤔,2970574,
651732,209458,True,Tue Oct 10 17:50:21 +0000 2017,@118702 Please help @115850 to deliver order to me :( https://t.co/YiABUH1i8U,651731,
1245822,412267,True,Mon Oct 16 02:41:21 +0000 2017,@412268 @351627 @115850 @115850 is not refunding my money I had returned the order which was cheap quality,1245821,1245823.0
981986,352828,True,Sun Oct 22 14:06:54 +0000 2017,"@115821 is really messing up with their ""2 day shipping"" ordered on Thursday &amp; might not get it until Tuesday I was better going 2 Wal-Mart",981985,
2126650,417421,True,Wed Nov 08 18:41:11 +0000 2017,@AmazonHelp and u guys did it again. Why do u show products if it's unavailable. You make us wait for it and give nonsense excuses,2126648,
2087397,413188,True,Thu Oct 19 15:00:27 +0000 2017,@AmazonHelp No. I cannot believe how terrible Amazon support has been to authors. I'll be calling KDP AGAIN today.,2087398,2087396.0
2805854,782571,True,Wed Nov 22 02:59:13 +0000 2017,@AmazonHelp dear Amazon this packet is of rs90 and you are losing for rs.2241... Even after reporting on your site 10 days back... No action https://t.co/9HU27cFlR2,2805853,
2858076,794301,True,Mon Nov 27 21:45:44 +0000 2017,@115850 @AmazonHelp I didn't know that ordering car speakers from u would be a night mare for me..they didn't deliver the item but I received a delivery confirmation msg..had to go to ware house to confirm the same..the item was right infront but they denied to hand over..,2858074,
965121,326613,True,Wed Oct 18 11:58:31 +0000 2017,@AmazonHelp I has been more than 24 hrs,965122,965118.0
1881627,561519,True,Wed Oct 18 10:38:15 +0000 2017,@115850 order no. 447199191841 is still pending since 16th fake message by Amazon team,"1881625,1881630,1881631",
2758994,772028,True,Tue Nov 21 09:02:47 +0000 2017,"@AmazonHelp Ich habe auf den Link geklickt und keine Ahnung wie ich mich beim Support melden soll. Email geht nicht, Twitter geht nicht, Telefonnummer gibs nicht. Sieht aus als sei das Labyrinth Absicht bis die 24-Stunden rum sind!",2758995,2758993.0
111765,140827,True,Thu Nov 23 20:31:15 +0000 2017,@115830 Not happy my new computer case (which I paid for to be delivered today) can be dispatched twice and still not arrive! :(,111763,
1470357,123478,True,Mon Oct 16 20:32:44 +0000 2017,Não sei vocês mas um dos meus passatempos preferidos é ficar passeado pelas categorias do Kindle Unlimited da @117086 só livros incríveis,1470355,
2882604,799757,True,Wed Nov 29 06:24:07 +0000 2017,@AmazonHelp  https://t.co/t01NadrJ5L,2882605,2882601.0
2625653,741658,True,Mon Oct 30 23:37:07 +0000 2017,@116875 Alguien robó los datos personales de mi tarjeta y con ella compró algo en @116875. Ustedes pueden hacer algo?,2625652,
2619650,498077,True,Fri Nov 17 15:28:08 +0000 2017,Hey @117634 - your update is faulty. My music keeps starting up and playing no matter how many times I pause/stop.,2619649,
2605669,733786,True,Mon Oct 30 20:27:50 +0000 2017,"Tranquilo, @AmazonHelp, el papel con el que habéis rellenado EL 90% DE LA CAJA y el producto que estaba en una esquinita están correctos. https://t.co/FQ9eYxStvy",2605668,
1752502,527945,True,Wed Nov 08 19:42:16 +0000 2017,"@AmazonHelp Any update on this? Had a number of emails from the seller, A-MONTAIN, distancing themselves from responsibility. Very upsetting.",1752503,1752500.0
922261,338935,True,Fri Oct 13 22:19:11 +0000 2017,"Alô, @117086, te amo.",922260,
397339,210092,True,Fri Oct 27 13:15:38 +0000 2017,So my @115830 order which was due yesterday and then I was promised would be here today isn't coming today either 😡 Prime is rubbish!,"397338,397340",
2884886,800215,True,Tue Nov 28 11:24:13 +0000 2017,Amazon💢💢💢💢ほんまに困るわ💢💢💢前までコンビニ決済も代引きも出来たのにクレジット決済しか出来んって困るわ💢💢💢なんなん💢💢💢💢💢💢,2884884,
379590,206059,True,Mon Oct 09 09:14:21 +0000 2017,@AmazonHelp Yes but can take 48hrs. Hacker has access to my DOB current and previous addresses. Why can nothing be done immediately?,379592,379589.0
1515347,471573,True,Sun Nov 05 01:22:00 +0000 2017,"@AmazonHelp oh and he throws the boxes, never walks them to the door.",1515350,1515346.0
427383,216648,True,Thu Oct 19 10:30:46 +0000 2017,@AmazonHelp Still nothing guys. Worst customer service I've ever encountered. Where can I send a formal complaint?,427384,427382.0
1286391,229177,True,Thu Oct 26 18:43:55 +0000 2017,Quand je vois qu'il est bientôt 21h et que @AmazonHelp n'a toujours pas expédié mon Mario Odyssey et la cadeau (urgent) pour mon père. https://t.co/tvtFfoUVTp,1286389,
480516,229195,True,Fri Dec 01 14:03:02 +0000 2017,@AmazonHelp i already spoke with someone by phone yesterday who was absolutely unhelpful and also advised i would receive an email confirming escalation--which i never received. i will try your chat but am expecting similar results.,480518,480515.0
2226571,307769,True,Fri Nov 10 09:00:18 +0000 2017,"@AmazonHelp
Cashback of 15% not received on my SBI card during Great India sale on month of August 2017.Please provide cashback asap.
In future sale try to implement instant discount 10% or 15% as flipkart or snapdeal.
Don't use cashback it is very delay not satisfied.",2226569,
2281420,663163,True,Mon Nov 27 13:42:23 +0000 2017,"@AmazonHelp Hi @AmazonHelp , its been 6 hour, and no one have contacted nor ur product came in.... VERY VERY VERY SAD AND DISAPPOINTING..... #SHAME#AMAZON",2281421,2281419.0
838296,319496,True,Fri Oct 13 10:49:09 +0000 2017,@AmazonHelp No it is not,838297,838295.0
2166590,576190,True,Thu Nov 09 09:00:10 +0000 2017,"@AmazonHelp il faudrait vraiment ditch Colis Privé, c’est votre pire service en France.",2166589,
204988,164555,True,Thu Oct 05 00:04:44 +0000 2017,@AmazonHelp I haven't heard back.,204987,204989.0
465818,127186,True,Fri Dec 01 18:16:37 +0000 2017,@115850 Suggesting people don't buy mobiles from Amazon specially Mi products. They are delivering refurbished devices. Be aware of this. I am one of the victim lost 12K because of this. Device dead and service center not claimed the warranty. Says already opened,495793,465817.0
1604069,492213,True,Sun Nov 05 08:11:48 +0000 2017,密林でかった商品が届かないのだが…,"1604067,1604071",
455526,223128,True,Thu Nov 30 23:33:31 +0000 2017,@AmazonHelp I ordered 2 eye sleep masks and they were supposed to arrive yesterday and it was delayed i got a notification they were out for delivery at 9:30 am and they still have not arrived,455524,455530.0
982985,353045,True,Sun Oct 22 14:28:32 +0000 2017,@AmazonHelp Buenas me podeis ayudar por mensaje direccto unas dudas sobre una tarjeta grafica?,982984,
1586216,488006,True,Sat Nov 04 17:20:15 +0000 2017,@115850   with the product delivery. Status is delivered.  What kind of service is this. https://t.co/jElZqeM14z,"1586215,1586217",
1384279,442143,True,Sat Oct 28 08:25:27 +0000 2017,Dropped bag with @117634  in it. Broken Kindle :(,1384277,
2644126,343645,True,Tue Oct 31 03:45:35 +0000 2017,"I’m a little annoyed I can’t gift an ebook I’ve read already to a friend. No, I have to purchase it again. No issue deleting it. @115821 👀👀👀",2644124,
377975,205686,True,Mon Oct 09 04:23:23 +0000 2017,@AmazonHelp 返事来ません(T_T),"377974,377976",377977.0
1242813,411551,True,Wed Oct 25 23:10:49 +0000 2017,@AmazonHelp OnTrac,1242815,1242812.0
1263927,403726,True,Thu Oct 26 11:59:11 +0000 2017,@AmazonHelp I want result,1263929,1263925.0
2318884,672174,True,Wed Nov 15 17:01:41 +0000 2017,@AmazonHelp I would like an email address to make an official complaint as no one I speak to will let me have one,2318885,2318883.0
2835710,789305,True,Mon Nov 27 14:44:51 +0000 2017,"@789306 @115830 It's a microSD card - how much frustration can they remove?
Was the original box gold-plated!?!? 😜",2835708,2835712.0
98672,137597,True,Thu Nov 30 16:45:51 +0000 2017,"@AmazonHelp So if I need something in a hurry, the one day shipping from Amazon means jack shit? https://t.co/skUMcAqqKp",98670,98673.0
1727444,522415,True,Tue Nov 07 05:58:49 +0000 2017,"@AmazonHelp Hey, wie erfahre ich denn, warum ein Paket gar nicht erst ankam. Fehler bei DHL oder beschädigt? Steht nirgends -.-",1727442,
2260649,658244,True,Sat Nov 11 00:29:58 +0000 2017,@115821 One was from you... Two were from third parties. But I still went to you guys for help and you didn't do shit. https://t.co/kCtRoSfxFq,2260648,
1850439,553966,True,Wed Oct 18 07:09:37 +0000 2017,@115850 This Great Indian Sale Delivered iPhone 7 Damage and customer care was not respond to me bloody Froud,1850438,
2983701,822777,True,Thu Nov 30 04:43:19 +0000 2017,@120540 dovevate consegnare ieri un pacco con tracking BAG000379723 mi date info?,2983700,
1908911,196792,True,Tue Oct 31 12:31:35 +0000 2017,@AmazonHelp hey I order a light for bike but I got the empty https://t.co/UbNyR2tZOD only screws .&amp; No lock on box it's already opend box https://t.co/JuXGYJxjHQ,1908910,
11336,118163,True,Wed Nov 22 13:46:58 +0000 2017,"@AmazonHelp ご親切にどうもありがとうございます。
買おうと思った商品が出品者の意向でキャンセルになり、同じ商品が出品されたまま１万円値段が上がっていました。不可解です。",11338,11335.0
2200695,643619,True,Sun Nov 26 14:18:30 +0000 2017,Segun @116928 acaban de entregar un paquete... en domingo. Gracias pero no era necesario. #noesprecís,2200693,
2104299,621231,True,Wed Nov 08 12:25:45 +0000 2017,"@115830 You guys are absolutely shite, Amazon prime delivery was expected yesterday, did not come, may come today by 10pm- NOT good enough!!",2104297,
2290885,665417,True,Mon Nov 13 15:52:38 +0000 2017,"@AmazonHelp Luckily not, but that's hardly the point. If it had been made of paper it would have been severely damaged.",2290887,2290884.0
2240696,653295,True,Fri Nov 10 15:29:09 +0000 2017,"@115821 you all got me fucked up, you’re telling me you can ship me a package that I didn’t even want with free shipping but you’re going to take half my refund for shipping back 🖕🏼🖕🏼🖕🏼🖕🏼🖕🏼",2240695,
1687291,275126,True,Mon Nov 06 18:17:24 +0000 2017,"@AmazonHelp I have a Problem with my Account, please help me!",1687290,
493440,232633,True,Fri Dec 01 16:31:04 +0000 2017,"@115830 Hi, I have an issue with my fireTV stick. Who can help me with it?",493439,
134830,146394,True,Fri Nov 24 09:25:54 +0000 2017,@AmazonHelp abgeschickt,134832,134829.0
1323955,428957,True,Fri Oct 27 10:27:33 +0000 2017,@AmazonHelp Placed order for book on 31/08/17 due for release on 19/10/17 not received yet so had to cancel very disappointed for holiday,1323953,
2644744,325008,True,Tue Oct 31 04:44:51 +0000 2017,@AmazonHelp I want help seriosuly u guys kicked me,"2644746,2644747",2644743.0
2858141,794313,True,Mon Nov 27 22:07:51 +0000 2017,"@AmazonHelp That it is re-ordered for Wednesday. But that is what they said yesterday for delivery today. It should have been here Friday. Simply, you don't care. You have our Prime Membership and so no incentive to sort! #shockednotshocked","2858143,2858144",2858140.0
1091299,377482,True,Mon Oct 23 23:24:59 +0000 2017,@115821 I have been trying to get my account resolved for THREE DAYS? You call that good service for a loyal 7 year customer?,1091297,
1206160,403256,True,Thu Oct 26 18:44:37 +0000 2017,@AmazonHelp I didn’t get a response when I contacted you online!!! It’s an absolute disgrace! I don’t know how a prime customer can be treated so appallingly,1206161,1206159.0
2679229,624553,True,Tue Oct 31 19:24:33 +0000 2017,"@AmazonHelp gostaria q isso fosse resolvido, pois compramos para uma sobrinha, e ela não recebe o kindle, pq?",2679230,2679228.0
668459,279384,True,Thu Nov 23 04:08:43 +0000 2017,12PMのR2-D2と怪獣王のアニゴジソフビがAmazonから届いた。 https://t.co/zuCymEfJVj,668458,
482350,229713,True,Fri Dec 01 13:46:11 +0000 2017,@115830 I received my order but part of it is missing but my account say it's delivered. Box was partly open. Parcel left in flower Box!!! Who do I contact? #xmaspresent,482348,
1208415,403728,True,Wed Oct 25 10:14:03 +0000 2017,"Hola @116928, tenéis algún problema en la pagina web(y app)en mostrar los pedidos?Compré una cosa y no aparece.(Tengo número en el email)",1208414,
1135894,214833,True,Sun Oct 22 11:11:18 +0000 2017,@AmazonHelp Your delivery timeline was 21-24 oct. so technically it's not late. But I wonder how it will reach in 2days if it hasn't been shipped as yet,1135893,1135895.0
986048,132467,True,Wed Oct 04 05:43:58 +0000 2017,What kind of offers are these? Increasing the official price and reducing to show discounts? @115850 https://t.co/swfgvagZtN,"986046,986049",
769579,226445,True,Wed Oct 11 23:13:11 +0000 2017,@AmazonHelp Perfect. Is it 24 hour chat as I am at work now and can’t focus as I would like to.,769581,769578.0
2945457,813612,True,Wed Nov 29 15:27:39 +0000 2017,@115821 losing packages isnt fun..having a customer rep hanging up on you is even more fun...,2945456,
1890697,563843,True,Tue Nov 14 21:34:16 +0000 2017,@115850 @115851 @115851 jeffbez @115850 does anyone care to resolve my issue or all I would get is standard template reverts !! Complaint for my order 171-3005820-5427508 in progress since last 25 days.,2432726,1890696.0
952537,345990,True,Sat Oct 21 21:12:34 +0000 2017,@Amazonhelp AMZL said they made an attempt to deliver. Been home all day. AMZL is like the ENRON of delivery services.,954997,952534.0
281691,161562,True,Sun Oct 08 11:33:51 +0000 2017,@AmazonHelp You told me to keep you updated. I keel getting emails from the store asking me to cancel the A-Z claim. What do you recommend.,281692,281690.0
101835,138306,True,Thu Nov 30 16:59:28 +0000 2017,Looks like @115850 hasn’t been paying their content team well. https://t.co/iEgHN1hzL6,101832,
2668786,751701,True,Sun Nov 19 10:17:07 +0000 2017,@120474 so I have 4 tickets for @263821 .. then I don’t ...then I do and it’s placing order ... but now the ticket countdown has run out . Do I have them or what 😡,2668783,
75974,133005,True,Thu Nov 30 11:39:17 +0000 2017,"Bien le bonjour @120533, une idée sur une futur promo pour la Logitech G603 ? 😀",75972,
2438371,699418,True,Tue Nov 14 22:03:50 +0000 2017,@115821 so asking to speak to a supervisor means hang up? Nice.,2438369,
584584,257947,True,Sun Dec 03 14:22:27 +0000 2017,@AmazonHelp angry and unhappy with Amazon customer service. Using Amazon prime to place order and have been promised delivery dates twice for item but still no delivery. #AmazonPrime is a joke,584582,
971009,294193,True,Sun Oct 22 07:53:26 +0000 2017,@AmazonHelp I have not received any..i have already shared problem what sense it makes to reply 100emails ? What's the purpose?,971011,971008.0
2923580,187538,True,Wed Nov 29 02:17:28 +0000 2017,Estoy impresionado de la rapidez con la que llego mi pedido que hice ayer por la tarde en @116875 lástima que se lo voy a dar a mi sobrino hasta navidad.,2923579,
2543863,723152,True,Thu Nov 16 13:28:54 +0000 2017,"@AmazonHelp あぁぁ！わざわざありがとうございます。
アプリもダウンロードしましたので、これから楽しいAmazonビデオタイムを満喫したいと思います。",2543862,2543864.0
1325749,429346,True,Mon Oct 16 12:19:25 +0000 2017,Dear @115850 during recently u r tying out hard to become @118702 in terms of service n customer care.! Such a sorry state of affairs.!,1325747,
478448,228681,True,Fri Dec 01 13:58:50 +0000 2017,"@AmazonHelp I already told you. I am from Chennai, Tamil Nadu, India, Asia, Earth, Milky Way.",478449,478447.0
954138,346397,True,Sat Oct 21 22:36:17 +0000 2017,@AmazonHelp Nothing is working. I have already written a message. I am fed up now.,"954139,954140",954137.0
495916,233285,True,Fri Dec 01 18:19:18 +0000 2017,@116928 La fecha  que pone era hoy 1 de diciembre,497369,495915.0
2044915,604734,True,Wed Oct 18 22:57:32 +0000 2017,I think @115821 has a glitch: https://t.co/cOSkylUaCx,2044914,
737202,295897,True,Wed Oct 11 12:10:54 +0000 2017,"@AmazonHelp SG, is thr ny timeline? been following up since ystrday n all I get is ""that we r lking in2 it/wld refund"". Dn't be so high hnded. @115850",737200,737206.0
1174757,305629,True,Sun Oct 15 16:15:19 +0000 2017,"@AmazonHelp same mail over and over again, magically my problems and my apprehension will get solved. Nice. Big round of applause for u giys",1174756,
851571,322292,True,Fri Oct 20 15:23:38 +0000 2017,"@AmazonHelp Done, many thanks for getting in touch!",851570,851572.0
2212042,646521,True,Fri Nov 10 04:57:31 +0000 2017,@AmazonHelp I just uploaded the details onto that link. Please help asap,2212041,2212043.0
2434168,698513,True,Sun Oct 29 14:15:10 +0000 2017,@AmazonHelp I was told UK couldn't deal with it as it is a .com fraud. which is ludicrous,2434170,2434167.0
673203,280575,True,Thu Nov 23 09:21:25 +0000 2017,Ma gli sconti del black friday su amazon ci sono gia da oggi? #amazon #BlackFriday,673202,
2663409,279432,True,Tue Oct 31 07:09:21 +0000 2017,"@115850 why my return pickup is rescheduled , first you send a different product and then you are taking time in returning the same",2663408,
396851,210000,True,Mon Oct 09 18:52:16 +0000 2017,@AmazonHelp Hola.Que va en estos días la veré.,396853,396850.0
1133082,386994,True,Tue Oct 24 12:17:20 +0000 2017,"はやく来いよ....
Amazonなにしてんの.... https://t.co/lCYun9mjcA",1133080,
1606829,493587,True,Sun Nov 05 10:50:10 +0000 2017,@AmazonHelp Um livro físico,1606831,1606828.0
26887,121888,True,Wed Nov 01 09:56:42 +0000 2017,"@120474 Ok, thanks. It wasn't showing on the page I was looking at x",26884,26891.0
394052,209355,True,Mon Oct 09 17:21:16 +0000 2017,@2005 Please revert how I will get my money back.please find order I'd and date https://t.co/7j3UkUvI2R,"394051,394053",394054.0
872109,327053,True,Fri Oct 13 15:32:23 +0000 2017,"@AmazonHelp Bekam heute morgen diese Mail, der Artikel ist jetzt auf der Produktseite ausverkauft. Werde ich den trotzdem noch bekommen? https://t.co/tYor0Uh5fR",872107,
2504844,682712,True,Wed Nov 15 21:11:15 +0000 2017,Livraison toujours pas expédié @120533 vous doutez quoi bordel ?! 😡😡😡😡😠,2504843,
989577,354426,True,Tue Oct 24 19:02:42 +0000 2017,@AmazonHelp So....parcel arrived today.....how the item is still inside is a shock! Both ends opened and damage to contents!,989578,989576.0
1104411,370614,True,Sun Oct 15 15:16:59 +0000 2017,@AmazonHelp Arranged a call back.Your guy was clueless.3rd class response.Initiate refund asap.Useless chaps who have no idea what hpnd 15 days before.,1104412,1104410.0
987059,353900,True,Sat Oct 14 15:03:49 +0000 2017,@AmazonHelp Instead find solutions to solve such basic issues. Build mechanism where the final price must be lower than the MRP,987060,987058.0
91464,130274,True,Thu Nov 30 01:14:20 +0000 2017,"Seriously @115821 twice in 5 days you have failed to deliver on time as guaranteed. What is going on with you? You deliver part of my order, then drop the ball on the rest. Starting to lose sight of the benefits of membership.",91463,
2193242,169989,True,Fri Nov 10 09:20:09 +0000 2017,@AmazonHelp I would request a call back for the same,2193243,2193241.0
356755,200709,True,Sun Oct 08 22:04:39 +0000 2017,"@AmazonHelp On Amazon it show as arriving today, but shipping status is delivery attempted. DPD does really have a status, but the email say tomorrow.","356756,356757",356753.0
125297,144097,True,Fri Nov 24 02:18:52 +0000 2017,"Até agora: 14 livros comprados 😍 TE AMO, @117086 🙈",125296,
549519,247951,True,Sat Dec 02 18:16:22 +0000 2017,What is this @115850 ??? ... i odered my reebok sneakers (cost ₹1948) on 27th of nov ‘17 and got used broken slippers which was not even of 20 rupees ! Sorry will not use amazon any more .. u have broken my trust of 2 years. https://t.co/I6pDmbhQAW,549518,
2437243,699162,True,Sun Oct 29 15:27:32 +0000 2017,@AmazonHelp Hola! Quiero comprarme unas converse. Yo tengo el 6UK que corresponde al 39 pero segun la tabla es más pequeña.Cual es mi talla?,2437242,
535143,243961,True,Sat Dec 02 12:10:44 +0000 2017,"@AmazonHelp La verdad, no me parece nada bien que, ofrezcáis un servicio ""Premium, envío en un día gratuito"", cuando luego no se cunple el plazo de envío por no se qué retrasos.",535142,
2154045,632901,True,Mon Nov 20 16:15:05 +0000 2017,@AmazonHelp Chronopost https://t.co/WvKRF4Kcw5,2154043,2154048.0
1343589,433362,True,Fri Oct 27 16:04:47 +0000 2017,Fab. Waited in all day for an @115830 delivery and it's been delivered next door without even bothering to knock at mine. What a waste 😡😡😡,1343587,
2290206,532172,True,Mon Nov 13 00:28:37 +0000 2017,@AmazonHelp #KDPAmazon how many people ask to be reopened years later? all they do is resend NO. its pretty bad customer service.t they do everything if you buy something but not if your a author,2306469,2290193.0
2956000,680718,True,Wed Nov 29 18:53:28 +0000 2017,@116935 I’ve got numerous amazon echos I’ve got unlimited music how Can I link all to amazon music,2955998,
163500,153818,True,Fri Nov 24 19:36:03 +0000 2017,"@AmazonHelp Perdona? el transportista debería haberse puesto en contacto conmigo que yo soy quien debe recibir el paquete, si no sabe llegar a la dirección de entrega, por lo menos que contacte al cliente para pedir alguna indicación, no creo que sea tan difícil.",163498,163503.0
2666815,683230,True,Sun Nov 19 09:05:25 +0000 2017,@AmazonHelp There isn't an update. No new date of delivery as of yet.,2666814,2666816.0
348798,199027,True,Mon Oct 09 15:14:31 +0000 2017,@AmazonHelp Yes I had received an email.,348799,348797.0
789269,308218,True,Thu Oct 12 11:30:49 +0000 2017,"アナゾン？からメール来たw

アナゾンどころかアマゾンの登録すらした事ないけど(笑) https://t.co/L7KmRyB43a",789267,
1718698,520363,True,Tue Nov 07 08:21:26 +0000 2017,@AmazonHelp iball tab showin 6700 and while checking out showing Rs 7299,1718699,1718697.0
2628814,175064,True,Fri Nov 17 17:23:41 +0000 2017,@AmazonHelp I can’t stream music on my Echos or via phone app in London UK. Been down all day. Is there an outage??,2628812,
676904,281477,True,Thu Nov 23 05:56:16 +0000 2017,Amazonプライムでペルソナ5のサントラ聴けるの素晴らしい,676903,
1739093,524873,True,Tue Nov 07 16:17:27 +0000 2017,@AmazonHelp Nope! Never heard back after my issue was relayed to an investigation team,1739092,1739094.0
152008,150735,True,Fri Nov 24 16:04:51 +0000 2017,Meu pai acabou de comprar uns 9 livros de Natal pra mim 😍❤️ OBRIGADA @117086!!!!#BlackFridayEnAmazon,152007,
370344,203706,True,Sun Oct 08 22:11:59 +0000 2017,Sérieusement @120533 ?? https://t.co/cQNjh7pMuO,370343,
2198875,444728,True,Fri Nov 10 02:13:37 +0000 2017,@AmazonHelp I've called and emailed and @153820 did nothing to fix the issue #done,2198873,2198876.0
1687773,512522,True,Mon Nov 06 20:05:19 +0000 2017,@AmazonHelp Yeah done that - twice! Got nowhere. Won't be so quick to order from Amazon again. Not impressed,1687774,1687772.0
2033228,601204,True,Wed Nov 08 08:17:47 +0000 2017,"@115830 guys, your customer service is diabolical.",2033226,
2349839,679213,True,Mon Oct 30 05:13:34 +0000 2017,@AmazonHelp Done this already. Got same template reply,2349840,2349838.0
2456114,703560,True,Wed Nov 15 03:58:01 +0000 2017,"@115821 @115850 @AmazonHelp item picked up already for return, not yet reflecting in my orders.
Agent said he has updated in system. Help https://t.co/xmPVeamHll",2456113,
181070,158528,True,Wed Oct 04 20:53:22 +0000 2017,"@AmazonHelp I did... 8 hours later, no call, and I need to go to bed",181072,181069.0
218054,167987,True,Wed Oct 04 22:53:09 +0000 2017,Hey @115830 please pay my seller funds which has been held for over 115 days! __email__ https://t.co/wHmSmsfR5p,218053,
2306490,456269,True,Mon Nov 13 00:41:02 +0000 2017,"@AmazonHelp Pues ya va para un mes que lo estoy esperando. Me habían contactado de que no había en stock, sin embargo el seguimiento es muy bueno y ya llego la notificación que llegará en la semana #YouRules",2306492,2306489.0
1135953,387617,True,Tue Oct 24 09:05:31 +0000 2017,"@951 Hi, I bought moto g5s plus mobile on october 11 by amazon, but today unfortunately my mobile cameras both are not working....",1135952,
723662,293295,True,Wed Oct 11 03:41:11 +0000 2017,@AmazonHelp That would be AMZL US. didn't even stop.,723664,723661.0
1502469,468730,True,Fri Nov 03 16:28:23 +0000 2017,"@115821 My package was delivered to NJ, not Chicago, and I feel like the seller isn't going to resend my package or give me a refund. I'm so mad!",1502467,1502471.0
2831650,788409,True,Mon Nov 27 13:29:05 +0000 2017,@115830 why is your Amazon Prime one day delivery actually 3-4 days? Order today get it 30 Nov? NOT one day then!,2831648,
485373,230476,True,Fri Dec 01 15:08:34 +0000 2017,Oye @116875 si van a vender la edición especial de Xenoblade Chronicles 2? O si quiera la edicion estándar?,485372,
873796,327450,True,Fri Oct 20 23:42:29 +0000 2017,"@AmazonHelp Still says ""Delivery attempted."" I did not receive it nor get a notice from USPS about how to get it redelivered.",873798,873795.0
635773,270765,True,Wed Nov 22 17:05:32 +0000 2017,"I'd just like to thank @115821 for the #samedayfreeshipping benefit for prime members. Now, my procrastinating ass &amp; the fam can take some dope photos with my @3083 instax cam for #thanksgiving 🍗 #gobblegobble",635772,
1446415,322332,True,Thu Nov 02 17:16:26 +0000 2017,@AmazonHelp Are the kid apps for Freetime designed differently than the regular App Store apps? Is it the app?,1446418,1446412.0
346228,198406,True,Sun Oct 08 04:03:09 +0000 2017,@AmazonHelp Restarts never help and my WiFi is always strong on fire tv. But it just seems to only kick me back to home after twoish episodes,346230,346227.0
1676430,509971,True,Tue Oct 17 16:56:06 +0000 2017,"@AmazonHelp C10040234853 et svp ne me dites pas que la livraison sera effectuée le jour prochain ouvré, je veux savoir pourquoi vous ne respectez","1676431,1676432",1676429.0
728315,294483,True,Wed Oct 11 07:32:33 +0000 2017,"@119356 @115821 @AmazonHelp Ordered Canon 80D with 18-135mm lens instead got 700D. Now after 15 days exchange/refund denied. 
Disappointing","728314,728316,728317",
704297,288298,True,Thu Nov 23 19:11:03 +0000 2017,"@115830 Guys, how can something be on “Prime” but, once ordered says 7 day’s delivery?",704295,
2352342,679786,True,Mon Nov 13 17:19:42 +0000 2017,"@115850 please help regarding an order, as return was requested on 18/10, yet nothing from seller. https://t.co/3DkNhyzeu7",2352341,
2504836,682712,True,Thu Nov 16 04:16:46 +0000 2017,@AmazonHelp Oui,2504838,2504835.0
752398,299826,True,Wed Oct 11 14:50:19 +0000 2017,@AmazonHelp net connection is too good able play video through chromecast,752399,752397.0
318855,192068,True,Sat Oct 07 12:43:00 +0000 2017,@AmazonHelp Instead your support responded I can delete items if I don’t want to place an order. That’s not the point. But now does not clear cart.,318861,318853.0
2814515,507610,True,Mon Nov 27 02:19:13 +0000 2017,@AmazonHelp They were both shipped with AMZL US,2814513,2814516.0
314266,191026,True,Sat Oct 07 08:14:30 +0000 2017,"@AmazonHelp No, I don't want to cancel the order, I just wonder if I can trust Prime for my orders",314267,314265.0
2790438,778824,True,Tue Nov 21 20:28:08 +0000 2017,"@AmazonHelp I've got my dot connected to my soundbar and it sounds fantastic, the voice controlls for your music are great. I'm well impressed with the dot, just thinking about getting an echo because it's got a decent speaker, probably have it in the bedroom, yer I'm getting one tomorrow.",2790440,2790437.0
476162,228185,True,Fri Dec 01 10:44:44 +0000 2017,@AmazonHelp is next day delivery at the weekend no longer a thing for prime? Very confused as to why all the prime items say they'll be delivered by Monday😪,476161,
643659,184638,True,Fri Oct 13 05:44:07 +0000 2017,@AmazonHelp Ok,643658,643660.0
1079075,374546,True,Mon Oct 23 19:21:01 +0000 2017,@AmazonHelp I just found out today that my account was hacked and the email address was changed. Is there anyway to get it back?,1079073,
458920,223986,True,Fri Dec 01 01:14:55 +0000 2017,"Thank you @115821 driver for throwing my package against the front door and leaving without knocking or ringing the doorbell. If it weren’t for the App, I wouldn’t know it had been delivered.",458919,
787560,307860,True,Thu Oct 12 11:43:26 +0000 2017,@AmazonHelp None of which apply to my current problem.,787562,787559.0
590837,259758,True,Sun Dec 03 16:29:56 +0000 2017,@118919 Is this the exact product ? 😅@AmazonHelp @115821 #AmazonIndia https://t.co/rPMGspLzIL,590836,
1409552,447631,True,Sat Oct 28 19:14:41 +0000 2017,@AmazonHelp who do I contact about getting charged for a amazon prime membership when I never signed up for it so now I'm out 89 dollars,1409550,
309946,189996,True,Sat Oct 07 01:37:33 +0000 2017,@116439   Thx for great customer support.  still have the issue but a+ for having a live rep &amp; tech like remote viewing!!,309943,
2463922,703797,True,Thu Nov 16 08:03:48 +0000 2017,"@AmazonHelp WAITING STILL MY ORDER WAS PREPAID AND TWO TIMES YOUR SERVICE NOT DELIVER SAME PRODUCT AS WELL NOT INFORM ME ANYWHERE ,
HOW BORING SERVICE PF @115850 PRIME,
HOW CAN YOU TAKE 500 BUCKS FOR YOUR SERVICE IF YOU DONT DELIVER PRODUCTS ON TIME 5TH NOV ORDER STILL NOT DELIVERED TO ME",2463923,2457066.0
2812796,784300,True,Wed Nov 29 02:02:07 +0000 2017,@AmazonHelp The tracking number was TBA569724726000,2812798,2812795.0
1862531,556594,True,Wed Oct 18 07:48:23 +0000 2017,@AmazonHelp how do I add a gift card to a pre-order I’ve already made?,1862529,
1377732,378148,True,Sat Oct 28 03:09:30 +0000 2017,"@115821 this is the 4th delivery in less than a week from the same hub in Smyrna, GA that has not made it to my house! Ur in-house delivery service is awful. Sick with @115817 &amp; @118706 #unacceptable https://t.co/E8QYeFWaq9",1377728,
1937600,576397,True,Sun Nov 12 03:02:08 +0000 2017,"I m getting such mails since 2 months.. where is solution ?? Better to provide solution solution then playing on mails. U must check and update complain, there were 3 orders not 2, even I hv shared over mail comm. @115850 @115830 @115821 https://t.co/RrSMF2G78e",1937599,
854346,322915,True,Fri Oct 20 17:36:03 +0000 2017,"@AmazonHelp I'm not sitting on hold for an hour with the USPS for them to tell me that all they know is what the online tracking says, again, yes i have",854348,854345.0
637107,271080,True,Wed Nov 22 19:32:05 +0000 2017,"Can Anybody Help
@115850 is not providing gst credit for B2B purchase @145910","637108,637103",
1508632,460614,True,Fri Nov 03 14:04:10 +0000 2017,@115851 @AmazonHelp the fact that Amazon customer service is not helping me get refunded for a fake item I was sent is depressing.,"1508630,1508633",
2465354,297694,True,Sun Oct 29 19:27:33 +0000 2017,"@AmazonHelp need to register a Amazon Javline drop box to my account but can’t, how do I? Thanks",2465353,
275498,181810,True,Fri Oct 06 10:30:04 +0000 2017,@AmazonHelp Well it is already out there. Why am I filling this form? i don’t see any point if the feedback is going back to amazon.in. Already sent thm,275499,275496.0
2852197,567155,True,Mon Nov 27 20:39:02 +0000 2017,@AmazonHelp Multiple carriers. Unless I'm getting a monetary reimbursement for your tardiness I don't really care to relitigate this.,2852198,2852196.0
2905067,804494,True,Tue Nov 28 19:36:07 +0000 2017,"@AmazonHelp And they are showing as ""unsubscribed"" in the device settings on the web page",2905070,2905066.0
2280745,521437,True,Fri Nov 10 19:50:01 +0000 2017,"Amazon is not delivering the item I ordered, rather their CC are forcing me to cancel the order and purchase something else. #Amazon #AmazonIndia #jeffBeroz https://t.co/DejcqG89EA",2280743,
1427985,451691,True,Mon Nov 06 15:07:03 +0000 2017,@115850 @AmazonHelp The order 405-9355278-9105910 was placed on 14/10 and below is it's status even today. #AmazonPrimeSucks @115851 https://t.co/jkRdTCKWkp,"1427984,1427986",
2397086,689918,True,Tue Nov 14 12:38:39 +0000 2017,"@115830 2.5 months and still no delivery, 5+ attempts to cancel. Please. My cats will be geriatric before their activity centre arrives.",2397085,
1501838,468593,True,Fri Nov 03 19:03:51 +0000 2017,"@AmazonHelp So no answer for this, then?",1501839,1501835.0
206209,164818,True,Mon Nov 06 09:17:42 +0000 2017,"@AmazonHelp It's all correct and up to date, I have used the same card recently elsewhere, and previously on Amazon to order without hassle.",206208,206210.0
2568505,728532,True,Mon Oct 30 16:06:57 +0000 2017,"@AmazonHelp Por ustedes. No es el pedido, sino el servicio. Donde puedo saber Que pasó?",2568503,2568507.0
567581,253123,True,Sun Dec 03 01:45:15 +0000 2017,Hey @AmazonHelp why did your delivery driver think this was an okay way to deliver my mother’s packages? 🤔🤔🤔 https://t.co/r4Vf71Uc6M,567579,
2746001,158716,True,Mon Nov 20 22:07:12 +0000 2017,"@AmazonHelp Two, but quite a few in the past.",2745999,2746003.0
490423,231829,True,Fri Dec 01 16:27:02 +0000 2017,"@AmazonHelp Ganz genau! Eigentlich fehlt jetzt nur noch ein Skill der die Fahrzeug App ersetzen kann. Ein paar Sprachbefehle wie ""Alexa, fahr mich auf Arbeit!"" währe natürlich auch nicht verkehrt.  🤔@AmazonHelp",490422,490424.0
2171320,636862,True,Fri Nov 17 20:32:32 +0000 2017,@AmazonHelp I ordered a package on the 15th and it was due before any time today before 8pm it's 8:32 now and still nothing?,2171319,
2524368,718852,True,Thu Nov 16 02:50:39 +0000 2017,amazonプライム会員になって11ヶ月、今頃になってプライムビデオをテレビで見れることを知った。おかいつもあったのに、もったいな〜。だいすけおにいさぁぁぁん https://t.co/F971AB0cnt,2524367,
1558032,481567,True,Sat Nov 04 12:56:31 +0000 2017,"@AmazonHelp Oui un très gros soucis meme ! J'ai commandé un téléphone à plus de 400e,je viens de recevoir le colis et le téléphone n'est pas ds la boite",1558034,1558031.0
562994,251789,True,Sat Dec 02 23:04:43 +0000 2017,@AmazonHelp @25713 In addition to packages getting lost delivery drivers are entering a space that that they shouldnt be able to enter without a keycard. We have these security measures in place for safety reasons. We all LOVE shopping w/ @115821 how can we remedy this situation? 2/2,562992,562995.0
1246332,412403,True,Thu Oct 26 00:45:54 +0000 2017,@115821 I paid $5 for overnight shipping to receive my school book today and now it's saying it may not be here until Saturday?! https://t.co/lX4KpNHV80,1246331,
1626657,498083,True,Sun Nov 05 17:52:40 +0000 2017,How can I get Alexa to pronounce my daughter's name correctly? @115833,1626656,
480327,229159,True,Fri Dec 01 13:35:05 +0000 2017,"@AmazonHelp Received the email on 25/11 stating it would be collected ""next business day"". The delivery is with Hermes so I would assume it is the same for collection, email doesn't specify.",480326,480328.0
2811377,466644,True,Tue Oct 31 19:11:29 +0000 2017,@AmazonHelp Just told to contact bank and that amazon would do nothing. Contacted bank and they said it’s amazon that have charged me 3 times,2811379,2811376.0
546515,247080,True,Sat Nov 25 07:20:14 +0000 2017,@115850 @AmazonHelp @120692  Why is the technical issue not getting resolved between Amazon and SBI for past one week? Is it only with SBI? https://t.co/1cBauHGZr1,"546516,546514",
158614,152468,True,Fri Nov 24 18:03:04 +0000 2017,@AmazonHelp You use to do charts for free books most sold. Do you still have those? This link looks like only two lists.,158612,158615.0
356411,200624,True,Sun Oct 08 15:16:07 +0000 2017,@AmazonHelp Cela fait quand même 2 jours que j'attend ... mais je vous fait confiance.,356412,356410.0
1104587,380659,True,Mon Oct 23 22:59:03 +0000 2017,@115830 why has £7.99 taken out off my account AMAZON UK PRIME https://t.co/gNfKxqJ4Pl.U https://t.co/qmNxLBx98C LU. not a prime customer,1104583,
1536955,476520,True,Sat Nov 04 00:36:16 +0000 2017,"@AmazonHelp Provided info, now what?!? Your delivery guy still messed up!",1536953,1536956.0
2843673,319988,True,Mon Nov 27 17:50:44 +0000 2017,@AmazonHelp It says ‘too many redirects occurred’ therefore ‘unable to complete the purchase’?,2843676,2843671.0
839423,319711,True,Fri Oct 13 11:08:22 +0000 2017,@AmazonHelp absolute BS - awake since 8.30 am haven't see or heard anyone at the house 😤 https://t.co/scnvZxGlU1,839421,
341565,197583,True,Sat Oct 28 07:24:12 +0000 2017,@AmazonHelp .in,341564,341566.0
2825574,575001,True,Mon Nov 27 10:26:31 +0000 2017,@AmazonHelp Not in stock apparently.  Only way I'm getting it this year is to order from Amazon us and pay nearly£20 p&amp;p.  Unhappy especially as I'm a prime member as well so should have no shipping cost.,2825575,2825573.0
1349253,336328,True,Mon Oct 16 14:05:03 +0000 2017,"@AmazonHelp Not the Fire Stick, it's the Fire TV... 

https://t.co/X5651i39a1","1349255,1349256",1349252.0
2507116,714816,True,Sun Nov 26 19:06:10 +0000 2017,"Dear @115850 either you are sending me my order or you aren't. But please be clear about it. App says its on way while @AmazonHelp says it's not. On d top of it your representative is saying that I should ""accept"" the fact that my @132995 5T isn't coming! https://t.co/5tnEXDaAUC","2507114,2507118",
1107225,381320,True,Sun Oct 15 08:55:44 +0000 2017,"@115850 Sir I tried caling you guys but call discnted stating the syetm is not able to find my order , I hv some qury can I gt  call back",1107224,
695149,285790,True,Thu Nov 23 15:40:48 +0000 2017,"@AmazonHelp No the box is fine, it just looks like it has been dragged across the factory floor. The actual sleeper bed is fine as far as I can see",695147,695150.0
155084,151568,True,Sat Nov 25 09:55:08 +0000 2017,"@115830 Ok I’ll let you off this one, just had an email saying it’s out for delivery today. 😀",843706,155082.0
69667,131788,True,Thu Nov 30 09:39:12 +0000 2017,"@AmazonHelp I am waiting to hear back from the seller. I don't really think a reason would even matter right now. I paid, and then some time later they shipped it. Could I get it for the same price I purchased it for if they put it back up for sale? Can't find anything similar on Amazon.",69664,69668.0
1167738,394661,True,Tue Oct 24 18:41:35 +0000 2017,@115830 - ordered on 20th and still not despatched?!?! https://t.co/awThoaiA6Q,1167737,
2777407,282926,True,Tue Nov 21 16:05:58 +0000 2017,"@AmazonHelp Safe place is always ignored if no one is present, or like today, courier doesnt bother to knock.
Same as update texts never work, despite having live chat assistants set it up for us both.
At times, amazon help are stupidly unhelpful 
(to counter, on occasion they help - a lot).",2777409,2777406.0
1058862,170313,True,Mon Oct 23 12:04:04 +0000 2017,"@AmazonHelp  
15% Cashback of Great Indian Sale is still not credited in my Amazon pay a/c.",1058861,
2670806,283699,True,Tue Oct 31 09:21:46 +0000 2017,@228164 @115850 Received the prize today. Thanks! #AppTreasureHunt #Amazon #AmazonAppTreasureHunt #Prize #Contest #Skybags @79111 https://t.co/m5dzTPhZs5,2670805,2670807.0
2391879,688860,True,Tue Nov 14 10:40:14 +0000 2017,"@AmazonHelp 可愛いですよね😊
amazonさんは品数も配送も早いので助かります🐤また利用しますね🎾",2391881,2391878.0
1497290,467638,True,Fri Nov 03 12:27:15 +0000 2017,@115830 I have a package coming through Prime delivery supposed to be here today but it still says its preparing for dispatch?,1497289,
486740,230819,True,Fri Dec 01 15:42:09 +0000 2017,@AmazonHelp The confirmation said Monday.  Five days after it was ordered.,486742,486739.0
2102461,620867,True,Thu Oct 19 03:46:57 +0000 2017,@AmazonHelp Your customer service is terrible! You are holding my money and haven’t sent my item and won’t do anything to help me!,2102453,
2386364,687723,True,Fri Oct 20 10:11:45 +0000 2017,Ordered Water dispenser on @115850 on 12-Oct and still haven't received yet. But received email saying delivery attempted #badservice,"2386362,2386366",
887995,330845,True,Mon Oct 16 00:30:13 +0000 2017,@AmazonHelp What are my options to cancel this order now?,887997,887994.0
1096629,125354,True,Sun Oct 15 09:43:36 +0000 2017,"@378781 @115850 To be specific, primarily on Firefox.",1110415,1096628.0
124101,143756,True,Fri Nov 24 01:09:32 +0000 2017,Menos de 1h para a Black Friday. @117086 espero que você coloque o frete grátis para qualquer produto.,124100,
2543929,722965,True,Thu Nov 16 13:12:45 +0000 2017,@AmazonHelp No i havent reported yet,2543928,2543930.0
561617,251428,True,Sat Dec 02 23:11:07 +0000 2017,@AmazonHelp hi there. Had a delivery coming today and it hasn’t arrived. Have been home all and says a delivery was attempted at 5 but was definitely Home! It says “a problem occurred”. What does this mean? Thanks! https://t.co/IawAhGGn0j,561615,
1384316,442147,True,Sat Oct 28 08:13:53 +0000 2017,@115850 no cost emi available for 1+5 phone ?,1384314,
1030398,363792,True,Sat Oct 14 18:55:19 +0000 2017,@AmazonHelp Just got this message no attempt has been made to deliver ! I ordered this as I have a junior football match to referee tomorrow morning ! https://t.co/cpuVyYS39J,1030400,1030396.0
612634,265698,True,Wed Nov 22 13:53:06 +0000 2017,".@117093 saved my life this morning, in more ways than one! Thank you!! 🤗🤗🤗",612633,
1203470,402718,True,Wed Oct 25 13:41:29 +0000 2017,"@116928 me cobráis una pasta por el envío... me lo entrega @4496 y ni me llaman ni me dejan aviso ni nada... Pues ""muy bien"" los dos",1203468,
115912,141803,True,Fri Nov 24 03:29:26 +0000 2017,@AmazonHelp Seems like it's a translation issue with non-English languages.,115914,115911.0
740445,297074,True,Wed Oct 11 13:26:13 +0000 2017,"""But I have so many packages"" and ""your building should have reception"" are not excuses for @115830 to not do job and go to doors for sig!",740442,
857755,323705,True,Fri Oct 20 17:29:13 +0000 2017,@AmazonHelp no,857756,857754.0
2829437,787930,True,Mon Nov 27 12:25:38 +0000 2017,"Preciso parabenizar a @117086 pela agilidade na entrega nas compras de blackfriday, tão rápido que assustou O.o",2829436,
1100414,652183,True,Fri Nov 10 18:35:41 +0000 2017,@115850 worst after sales service by Amazon,2236314,1100412.0
2772364,774912,True,Mon Nov 27 00:35:28 +0000 2017,@AmazonHelp Só passou uns 4 dias e já estão bem pertinho💙,2772369,2772363.0
1063004,371004,True,Mon Oct 23 14:28:56 +0000 2017,@AmazonHelp No. https://t.co/5BA1oMe9xR shipped to India.,1063006,1063003.0
120245,142693,True,Thu Nov 23 22:43:47 +0000 2017,Disappointed my return to @115821 arrived back to you over a week ago and you have still yet to refund my $220 purchase.  Normally it is instant.  I’m not sure what the delay is!,120244,
2383323,226637,True,Tue Nov 14 06:48:28 +0000 2017,@115830 must have pretty bad system issues if it’s cancelling orders..,2383321,
435770,218510,True,Tue Oct 10 16:16:53 +0000 2017,Is newton movie amazon exclusive on @119625??,435768,
1279046,419290,True,Thu Oct 26 15:51:57 +0000 2017,Ordered a package for a 1day delivery from @115821 but it's gonna take two days to send it....,1279044,
2817780,785454,True,Mon Nov 27 04:28:41 +0000 2017,guess who forgot to cancel amazon prime and got charged for $50 when she only had $2.34 in her account :),2817779,
1533661,475631,True,Sat Nov 04 06:15:38 +0000 2017,"@AmazonHelp お忙しい中ご回答ありがとうございます。
重ねて質問させていただきたいのですが、Amazonで購入した開封済みの商品が初期不良で使用できない場合、返金額は購入額の半分となるのでしょうか。また、交換対応をする場合はどうすればいいですか。",1533663,1533660.0
722113,188699,True,Wed Oct 11 02:05:59 +0000 2017,"@AmazonHelp Explain this. Shipped on a Tuesday but won't deliver till Friday, when originally promised Thursday. It's Prime. Why not 2days https://t.co/XMq4FLuobN",722112,
1318279,427882,True,Fri Oct 27 08:09:45 +0000 2017,"Preordered an item 2 months ago, @115830 decide to tell me 5am day of release that it's delayed. Thanks for nothing.",1318278,
150603,150351,True,Fri Nov 24 15:15:45 +0000 2017,Also Bisher ist dieser @116316  #Amazon #Prime Test ein schlechter Witz was Lieferungen betrifft.Die Ware wird in mehrere Pakete aufgeteilt was nervig ist &gt;Zeit dann bis alles da ist wie ohne Prime&gt; Oder Sinnfrei wie Heute Spielekonsole Geliefert ABER nicht die Spiele dazu ?,150601,
206907,164994,True,Wed Oct 04 21:28:44 +0000 2017,"@AmazonHelp Ja, habe ich. Die wollten das überprüfen. Es hat sich dennoch bis heute nichts getan!",206906,206908.0
78841,133580,True,Thu Nov 30 12:27:12 +0000 2017,@115830 never experienced such poor customer service with anyone like we have with you. How to contact a UK agent?,78837,
758925,301351,True,Wed Oct 11 19:40:05 +0000 2017,@AmazonHelp No.,758924,758926.0
274798,181650,True,Sat Nov 25 02:31:39 +0000 2017,@118919 i have not been getting any e-mail updates for each n every product since from last 3-4 months,274797,
2286545,664399,True,Sat Nov 11 23:28:48 +0000 2017,ME PUEDE LLEGAR YA MI LIBRO? Gracias @115821,2286544,
1033223,364451,True,Mon Oct 23 05:43:27 +0000 2017,amazonからまだ届いてないんだけど… https://t.co/ogtBbBkW27,1033222,
1424273,450942,True,Thu Nov 02 10:54:53 +0000 2017,@AmazonHelp Je ferai aussi remonter ça à la DGCCRF si vous n'êtes pas capables de me proposer un produit équivalent ou supérieur au même prix.,"1424274,1424275",1424272.0
2956040,815978,True,Wed Nov 29 19:10:23 +0000 2017,@AmazonHelp AMZL US with a TBA tracking number. The delivery driver(s) in the 77006 area are NOTORIOUS for this kind of stuff! Enough is enough already!,"2956042,2956043",2956039.0
2369562,683834,True,Tue Nov 14 00:13:53 +0000 2017,"@AmazonHelp Por supuesto, y hacen caso omiso.",2369564,2369561.0
29661,122516,True,Thu Nov 30 19:49:16 +0000 2017,@AmazonHelp Ya I've done that already and it's still telling me I need to link my account...,29663,29660.0
910638,336288,True,Mon Oct 23 10:09:46 +0000 2017,@AmazonHelp Is there any update on this issue?,910640,910637.0
448690,221308,True,Thu Nov 30 21:57:30 +0000 2017,@AmazonHelp Por Amazon,448692,448689.0
856039,323282,True,Thu Oct 19 07:42:59 +0000 2017,@AmazonHelp  https://t.co/C9wid8ecZj,2128488,856037.0
108195,140015,True,Thu Nov 23 19:33:53 +0000 2017,"@115830 Hi, I’ve received a parcel today, signed for by a neighbour who I don’t know, the box is like this. Items missing, can you help? https://t.co/vTNWpowLm7",108193,
1260862,383566,True,Wed Nov 08 01:25:03 +0000 2017,@AmazonHelp @115821.in @99545 can you both plz co-ordinate well ? Can we still trust @115850 for online transactions ?,1260863,1260860.0
2830701,788222,True,Tue Nov 28 06:15:00 +0000 2017,@AmazonHelp Return Pickup was done yesterday but I am still waiting for product,2830702,2830700.0
1240491,410966,True,Mon Nov 13 07:48:06 +0000 2017,@AmazonHelp Thanks. Hopefully i will get it on or before Wednesday,1240493,1240490.0
2547042,387803,True,Thu Nov 16 14:09:44 +0000 2017,I ordered something from amazon last month and it still hasn't arrived. I've emailed twice and I've heard nothing back. @AmazonHelp pls help :(,"2547041,2547043",
450798,221883,True,Thu Nov 30 21:40:31 +0000 2017,Así yo cuando @116875 me pide paciencia para mi envío. Dos semanas y no llega mi #MacBook que espere al siguiente jueves 🤬#Buenfin2017 https://t.co/YetBMF2EIJ,450796,
977264,351782,True,Sun Oct 22 05:16:01 +0000 2017,@AmazonHelp USPS is shipping it,977265,977263.0
2287689,664669,True,Sun Nov 12 02:48:32 +0000 2017,@AmazonHelp A couple times this past month,2287687,2287691.0
456576,223423,True,Fri Dec 01 00:03:10 +0000 2017,Ordered something of Amazon with Prime and 5 days later still nothing. What kind of crap is that. @AmazonHelp,456574,
1178034,397059,True,Tue Oct 24 21:22:48 +0000 2017,I am tired of this literal year-long battle with @115821 to seriously just get back into my account. Beyond irritated.,1178032,
576499,255523,True,Sun Dec 03 09:25:53 +0000 2017,"@AmazonHelp Question for you: if you saw that tracking data, would you have any confidence that the package is even arriving by Tuesday, given its history?",576500,576497.0
1080347,374861,True,Tue Oct 24 03:56:44 +0000 2017,"@AmazonHelp Don't show your fake care about customer, i already suffered with your care.#Wahiyaaaat",1080349,1080346.0
779520,306166,True,Thu Oct 12 05:04:19 +0000 2017,@115821 Arrogance leads 2 downfall. 15 dys since I paid for&amp; didn't receive kindle content. Earlier content wiped out! Only Empty promises.,"779517,779529",
2811791,784068,True,Wed Nov 22 07:57:00 +0000 2017,うにはアマゾンの箱が大好物で、荷物届くたびに箱をぼろぼろになるまでかじり続ける(´•ω•｀) https://t.co/Pa0mTcMk4W,2811790,
1075370,295783,True,Mon Oct 23 16:18:02 +0000 2017,@AmazonHelp It's been 7 days! When my refund is going to get credited? @115821 @115850,1075368,1075375.0
779938,306231,True,Fri Oct 13 13:43:11 +0000 2017,@AmazonHelp 24 hours..no action yet,"779939,779940,779941,779942",779937.0
508060,236655,True,Fri Dec 01 21:55:28 +0000 2017,These fuccin CLOWN @115821 divers that are non-UPS/USPS/FedEx SUCK FUCCIN DICK. Pulls up bumping loud music and delivers my package across the street.,508059,
390805,174539,True,Mon Oct 09 15:23:35 +0000 2017,@115850 You must shut down your improper business. Now when the payment is done you're coming up with nasty excuses. Read the DM.,390803,
2602243,735945,True,Fri Nov 17 09:17:12 +0000 2017,"@AmazonHelp Sir,I am surprised that Amazon India refused to speak regarding order as if to force the item on the buyer.There is no choice at all for personal https://t.co/Ob2xF5x2kW disappointed and that is frustrating",2602245,2602242.0
2471038,706756,True,Wed Nov 15 11:19:11 +0000 2017,@706757 @706758 @706759 @116316 Still no shipping confirmation. Hello @116316!!!!,2471037,2471039.0
74845,132746,True,Thu Nov 30 11:21:07 +0000 2017,@AmazonHelp Already reported. Please re-ship my order. I'll not place a fresh order.,74847,74844.0
572881,254627,True,Sun Dec 03 05:25:46 +0000 2017,@AmazonHelp Initial out for delivery was 11/30. And then shows out for delivery today and nothing.  UPS is the carrier. https://t.co/5RT2ZNmDHF,572880,572882.0
205179,164601,True,Wed Oct 04 23:46:44 +0000 2017,@115821 How do I change from shipping label to amazon box return?,205178,
2905121,804504,True,Tue Nov 28 19:22:28 +0000 2017,"@AmazonHelp poxa Amazon, comprei o box de livros de Desventuras em Série, chegou adiantado até, mas quando abri estava amassado. Chateadíssima aqui :(",2905119,
117896,142146,True,Thu Nov 23 21:34:14 +0000 2017,"Oh wow, talked to @116090 support, and they offered to upgrade me to premium shipping for free. but they added it to the invoice.... https://t.co/f8QJ9T6LC7",117895,
2936616,811820,True,Wed Nov 29 11:26:09 +0000 2017,@115830 Shame that @115830 seem happy to deliver to “a resident” without notifying which one (given an block of multiple apartments. Also that I answered the bell to the delivery driver 3 times at the time it was “delivered” &amp; they still didn’t bother to actually deliver it to *me*.,2936614,2936617.0
1737093,483484,True,Tue Nov 07 09:26:28 +0000 2017,"The one time I use Amazon Prime because I NEED something the next day, I'm informed it's been delayed. Oh why do you hate me so, @115830 ?",1737091,
1973387,539494,True,Wed Oct 18 17:37:46 +0000 2017,@AmazonHelp Request you to kindly deliver my product between 2 - 5 pm order # 408-3487683-8821161. It’s  request else I’ll hv 2 cancel,"1973386,1973388",
777880,305629,True,Thu Oct 12 03:38:40 +0000 2017,@115850 unable to contact Amazon. Whats there for customer redressal??,777874,
2940179,812608,True,Wed Nov 29 13:23:24 +0000 2017,@115821 Hey Guys I found out a glitch on your site!Fix it!,2940178,
1249012,337669,True,Thu Oct 26 02:40:34 +0000 2017,"@117093 boy epic fail lack of quality of fruit, 2the unbelievably rude, sloppy, dirty looking driver trying to start a fight w neighbor",1249010,
348523,198965,True,Sun Oct 08 07:42:02 +0000 2017,@AmazonHelp Thank you for your prompt and kind reply 😊,348524,348522.0
2943149,813105,True,Wed Nov 29 14:32:54 +0000 2017,"@AmazonHelp Arriving by the date specified hasn't been a problem, it just seems wrong to call it ""Two-Day"" shipping when the item is going to show up a week later. It's making me start to question the value of my Prime membership",2943147,2943150.0
2823954,786977,True,Mon Nov 27 09:19:05 +0000 2017,@786820 @115830 @AmazonHelp Was looking for something yesterday we need for a move on Wednesday. It wouldn't be delivered until Wednesday on prime. Still said one day delivery.,2824739,2823953.0
1591763,489308,True,Tue Oct 17 08:15:51 +0000 2017,@AmazonHelp will I not receive my South Park fractured but whole because of the hurricane #Ophelia  ? You better not be keeping me from FBW https://t.co/7a4IZUq6lu,1591761,
1408123,447293,True,Sat Oct 28 20:03:55 +0000 2017,@AmazonHelp Connection lost,"1408124,1408125",1408121.0
503505,235325,True,Fri Dec 01 20:04:49 +0000 2017,"@115830 Fails to deliver on time again.
Supposedly out for delivery since 9.00 this morning. https://t.co/MLZDkpJYy6",503503,
2129444,626833,True,Sun Oct 29 03:27:37 +0000 2017,@115821 can you help me figure out what email I signed up with? I know I can recover a password but how can I recover an email?,2129443,2129445.0
1773271,532956,True,Wed Nov 08 02:43:01 +0000 2017,"@AmazonHelp ∑(･ω･ﾉ)ﾉ
毎日ありがとうございますm(_ _＊)m゛",1773273,1773270.0
2892299,546715,True,Tue Nov 14 01:22:21 +0000 2017,I wonder if Amazon will reimburse me the overdraft fee I acquired after my subscribe and save item was charged to a card I didn't choose. 😑,2892298,
2564064,727551,True,Thu Nov 16 18:17:08 +0000 2017,"@AmazonHelp They tried to deliver the order, I was out, they didnt try my neighbours (who were all in, both sides and opposite). So I wanted to login and specify that they can leave it with a neighbour, but I got that message.",2564062,2564065.0
751258,299562,True,Sun Nov 05 02:55:53 +0000 2017,Dear @137341 &amp; @117634  some bug with new app since day 1. Clicking see more makes the description text appear in white. https://t.co/zws6GkFkbB,751256,
920553,338511,True,Sat Oct 21 11:17:15 +0000 2017,@115830 what a joke! Pay for express delivery waiting in as it says before 1pm... And nothing customer services totally unhelpful,920552,
1498568,467935,True,Fri Nov 03 18:38:33 +0000 2017,@AmazonHelp pls let me know what detail you require ?,1498569,1498565.0
2383444,687045,True,Fri Oct 20 07:30:54 +0000 2017,@116316 Your website is misbehaving. Can't view options for my stuck package because the website is generating javascript errors. https://t.co/Cg8Llp1H10,2383442,
2593172,665983,True,Fri Nov 17 02:15:49 +0000 2017,@AmazonHelp I spoke to one of your agents tonight on the phone and he went above and beyond (even a follow up email)! Anyway to ID so I can fill out a survey of some sort??,2593171,
2610731,738301,True,Fri Nov 17 11:11:41 +0000 2017,@120533 @AmazonHelp Hello! Nous attendions un colis de votre part mais il n'est jamais parvenu et vous a été retourné. Nous sommes toujours preneur de la marchandise. Sinon procédez-vous à un remboursement? Bon de commande : 404-8001690-7505903,2610730,
2418453,55043,True,Tue Nov 14 18:12:17 +0000 2017,"@AmazonHelp My other half ordered a coffee machine on PrimeNow. It arrived in just the product box, no packaging. It leaked hot water everywhere when setting it up. He tried to arrange a return - no option to have it picked up. Called, but told he would have to find a box and pay for return.",2418455,2418452.0
1398472,445210,True,Sat Oct 28 16:44:10 +0000 2017,@AmazonHelp #402-4850497-7360331 could you bother to have my consent before using my money. Who asked u to put in Amazon pay,"1398473,1398474",1398471.0
2891862,261147,True,Tue Nov 28 14:39:11 +0000 2017,"After a error on @115830 s half, they have tried to charge me £190 12 times 🙃 they’ve also lost my original £190 and won’t accept any fault lol good times",2891859,
1034624,364756,True,Mon Oct 23 06:49:34 +0000 2017,@AmazonHelp No but will do,1034626,1034623.0
350990,191924,True,Mon Oct 09 16:56:24 +0000 2017,@AmazonHelp demain avec un geste commercial!!!!,350991,350989.0
600280,262361,True,Sun Dec 03 21:03:01 +0000 2017,@AmazonHelp i clicked for an amazon prime free 30 day trial but it seems to have now put my account onto a full prime membership. Please could you advise how i can cancel this as it doesnt give me an option on my account...,600278,
1693701,220654,True,Mon Nov 06 18:42:20 +0000 2017,Apparently if I wait at home until 9pm they *might* attempt to delivery my package again. @AmazonHelp “might attempt” but can’t confirm.,1693700,
956265,346900,True,Wed Sep 20 18:36:23 +0000 2017,@AmazonHelp vous ete un robot ? ou vosu ne comprenez pas l'ironie ? cela fait maintenat 15 jour que j'ai poser ma question,956264,956266.0
230068,170819,True,Thu Oct 05 09:37:36 +0000 2017,"@AmazonHelp C'est bon, vu avec colis privé, mais pas cool ce retard...surtout avec l'abonnement prime. Bonne journée",230067,230069.0
1520113,472566,True,Tue Oct 17 00:26:09 +0000 2017,以前amazonプライム会員無料の時にお試しで入ったやつがずっと継続で引き落としされてた,"1520112,1520114",
641784,272309,True,Wed Nov 22 20:42:34 +0000 2017,Bonsoir @120533 aller vous laisser le prix de la Behringer UM22 à ce prix la jusqu'a Noel ou pas? https://t.co/490qLgEpK5,641782,
841339,146322,True,Fri Oct 13 11:46:40 +0000 2017,@AmazonHelp hello! Can I please get a call back. This is regarding a delivery status of a package.,841337,
1758033,529279,True,Tue Nov 07 19:33:33 +0000 2017,"@AmazonHelp Hi what has happened to prime 2day shipping? you are quote 3 to 7 days to ship,so why should i pay for Prme if it  weeks2 ship ?",1758032,
1545726,478710,True,Sat Nov 04 10:50:03 +0000 2017,"@AmazonHelp No, I already addressed that.",1545727,1545725.0
1116567,186343,True,Tue Oct 24 03:27:29 +0000 2017,"I bought something on @115821, paid extra for 1 day shipping and it isn’t here. Who do I complain to? @AmazonHelp",1116565,
1603806,492160,True,Sun Nov 05 07:35:25 +0000 2017,@115850 everytime Del2 creates problem in receiving shipment. We hv tried all ways to resolve but seems they don't want to resolve.,1603805,
264767,179073,True,Wed Oct 11 11:53:52 +0000 2017,"@AmazonHelp Its 11 oct,i haven't received my order.dnt want replcment,its adptr to use piano.i want my order at any cost.",264768,264766.0
947718,344746,True,Sat Oct 21 19:18:36 +0000 2017,"@115850:My order #
408-2274794-3329941 is not yet shipped, ordered the same product 2 times but @115850  failed to deliver the product.","947717,947719,947720",
1059561,370178,True,Mon Oct 23 12:40:08 +0000 2017,@115850 @AmazonHelp need support on order no 171-7352190-1637951. Size is very small need replacement or return,"1059562,1059563,1059560",
529949,242725,True,Sat Dec 02 09:39:58 +0000 2017,"@120533 J’ai commandé un pack PS4 pendant le Black Friday, mais tout était séparé et mes colis sont en retards. Pourriez-vous m’aider ?",529948,
277824,164991,True,Fri Oct 06 08:35:22 +0000 2017,"@AmazonHelp One was the day before yesterday, one was yesterday and the last one is today.",277825,277823.0
922600,339013,True,Fri Oct 13 22:50:57 +0000 2017,@AmazonHelp I just had a kind discussion with your chat support they just snubbed it off after telling me multiple accounts were using my info,922602,922599.0
725945,293898,True,Wed Oct 11 04:30:53 +0000 2017,@115850 @115821 Click bait!!!??? That's a cheap trick for global giant https://t.co/AnTf4yGUtk,725943,
446789,220843,True,Thu Nov 30 20:32:13 +0000 2017,@AmazonHelp aew!,446790,446788.0
436903,218759,True,Tue Oct 10 17:21:27 +0000 2017,@AmazonHelp UK? Easier to DM?,436902,436904.0
2151090,632181,True,Thu Oct 19 08:07:24 +0000 2017,@AmazonHelp returned my defective product on 13Oct. So many days and yet to receive my refund. What kind of a service is this?,2151088,
151994,150733,True,Fri Nov 24 16:20:28 +0000 2017,"@AmazonHelp AUCUNE. Commande : 407-6181636-6520342

Tout était marqué ""livraison vendredi 24 novembre"", jusqu'il y a 20 minutes.",151995,151993.0
989772,354467,True,Sat Nov 25 11:10:47 +0000 2017,@AmazonHelp Amazon EU S.a.r.L.,989774,989771.0
1486230,465152,True,Fri Nov 03 04:14:23 +0000 2017,"@115821 sucks! Lost our $800 order, 3 e-mail/2 hour phone calls, no refund, no replacement. Thieves/fraud. NOT GOOD ENOUGH. @AmazonHelp",1486226,
1362450,437232,True,Fri Oct 27 20:35:45 +0000 2017,@115830 why do I bother paying for Amazon Prime! #Fedup #Annoyed https://t.co/PQZzipbG2j,1362449,
1953292,579928,True,Thu Nov 16 12:17:01 +0000 2017,@AmazonHelp Vendredi 10 novembre.,1953291,1953293.0
1427828,451673,True,Mon Nov 06 15:51:34 +0000 2017,"@AmazonHelp Ok, je suis donc pas plus avancé 😉. Mais merci beaucoup pour votre réactivité. Je croise les doigts pour l'avoir demain 😎",1427829,1427827.0
522605,240712,True,Sat Dec 02 13:13:00 +0000 2017,"@AmazonHelp Só não estou lendo mais porque está chegando semana de provas hahaha 
Estou AMANDO O Colecionador de Cérebros da @24349 ♥ Simplesmente incrível!!",522606,522604.0
1842281,552087,True,Wed Oct 18 06:58:22 +0000 2017,"@AmazonHelp Already spoken to customer services, who have to talk to yodel etc. It's so much better when you use your own couriers!",1842283,1842280.0
1288160,375977,True,Thu Oct 26 19:55:51 +0000 2017,@AmazonHelp Resolvido 'u',1288162,1288159.0
495978,233301,True,Fri Dec 01 17:59:08 +0000 2017,"@AmazonHelp bonsoir Impossible de me connecter à mon compte, le mot de passe n'est plus reconnu",495976,
831123,317909,True,Fri Oct 13 03:33:31 +0000 2017,@AmazonHelp frustrated with an assembly of a furniture. It is pending from Monday even after 2 escalation s,831122,
1457921,458391,True,Thu Nov 02 20:48:07 +0000 2017,@AmazonHelp Yeah it says today and nothing..,1457923,1457920.0
745965,298331,True,Thu Oct 12 13:23:51 +0000 2017,@AmazonHelp Am I able to message you? As there is a lot more to say than just a few characters worth :),745967,745964.0
2698959,758286,True,Sun Nov 19 19:46:34 +0000 2017,"Hey, @115821 this is what your #AMZL #AMZL_US workers are doing at 6:00pm. 3 trucks. Hanging out and chatting/laughing with someone's packages sitting in the street. Is there any management or quality control with hiring these delivery drivers?! https://t.co/SX2WmvYEny",2698958,
481469,229447,True,Fri Dec 01 14:14:20 +0000 2017,@AmazonHelp Es un libro. No ha pasado nada. Pero no es forma de trabajar.,481471,481468.0
965042,326613,True,Sun Oct 15 12:12:39 +0000 2017,@AmazonHelp I wish 5his 2 b escalated to your CEO,965050,965040.0
411093,213048,True,Tue Oct 10 00:08:07 +0000 2017,@AmazonHelp oi! o dicionário pt-br sumiu do meu kindle (tenho só os outros na pasta de arquivos). tenho como acessá-lo gratuitamente?,411092,
848208,321577,True,Fri Oct 20 14:37:49 +0000 2017,@AmazonHelp sent DM about an item I have no idea on if I cancelled successfully or not.Please respond.,848207,
511688,237635,True,Sat Dec 02 00:12:34 +0000 2017,"@AmazonHelp ok, to be clear your own website says this aside from advertising 8pm everywhere else 'We use a range of carriers to provide our One-Day service and delivery time frames may vary by carrier, but all deliveries will be attempted by 21:00' no mention of 10pm",511689,511687.0
991866,354950,True,Sat Oct 14 11:25:29 +0000 2017,Pathetic experience with one of leading online shopping portal.. @AmazonHelp @115821  ....after all fake conformation received  nothing 😡 https://t.co/GDd8ko3Yyb,"991867,991865,991868,991869,991870",
467412,226263,True,Fri Dec 01 05:44:46 +0000 2017,@AmazonHelp Sure did. Was suppose to receive my items today by 8pm. I am now being told could be up until December 5th....,467411,467413.0
1110779,382156,True,Tue Oct 24 02:32:45 +0000 2017,"@AmazonHelp いつも30分くらいで来てたのでなんでかなーっと思ってたところでした！
ご丁寧にありがとうございます！🙏",1110780,1110778.0
1265144,416246,True,Thu Oct 26 12:11:21 +0000 2017,"@416247 ""Transporteur : Amazon Logistics"" j'en sais rien en gros :/",1265143,1265145.0
387538,207729,True,Mon Oct 09 13:30:36 +0000 2017,@115850 ordered Dell Inspiron laptop....for same day delivery I paid 100rs extra.... product is still not delivered. https://t.co/WfgDLTtuOt,"387539,387537,387540",
2663557,750590,True,Tue Oct 31 07:25:04 +0000 2017,@115850. Dear amazon we always trust you. I ordered this product but another product is delivered to me today. Don't break our trust plz😭😢 https://t.co/IkJlkFd4IQ,2663556,
782217,306728,True,Sat Nov 25 09:25:36 +0000 2017,@AmazonHelp There is meant to be additional content on the CD https://t.co/bww06spTUh,782216,782218.0
599026,262070,True,Sun Dec 03 20:16:05 +0000 2017,"To the tune of #OhChristmasTree
Oh @115821 oh @115821 how y’all have failed me 🤯🤬🤬🤬😔😔😢😭😭😭",599024,
232423,171325,True,Fri Oct 06 08:09:28 +0000 2017,@AmazonHelp Still waiting😡,"232424,232425",232422.0
180116,158388,True,Wed Oct 04 10:55:42 +0000 2017,@115850  I ordered motoG5S plus frm Amazon by credit card.But they giving me refund. I paid interest of credit card for nothing.,180115,
789013,131998,True,Thu Oct 12 11:14:01 +0000 2017,"@AmazonHelp Can you respond, please? If someone's hacking my details or you're being paid to give them out, it needs immediate discussion?","789011,789015",789016.0
223892,169497,True,Thu Oct 05 13:43:57 +0000 2017,@AmazonHelp I’m sure I’m not the only one that thinks that. Thanks for your help!! God bless,223894,223891.0
2895971,270206,True,Tue Nov 28 16:41:30 +0000 2017,"@AmazonHelp This order is with Amazon France (I also use Amazon UK &amp; https://t.co/eWl2fqfSWE). I am on the phone to Amazon.fr customer services. They are currently refusing to speak English to me, which is unusual because I normally get call backs from INDIA!",2895974,2895970.0
469380,226775,True,Fri Dec 01 07:15:23 +0000 2017,@115821 When I specify for my packages to be delivered in a specific location (especially when they’re expensive electronics) please deliver them to that place 🙃,469379,
975008,321492,True,Sun Oct 22 03:33:55 +0000 2017,@351224 @115821 If possible also please change my brick which you Amazon have delivered in place of Mobile phone.,975007,975009.0
444310,220252,True,Thu Nov 09 22:24:36 +0000 2017,"@AmazonHelp Thanks for your quick response! I have already requested a refund on my account, but I no longer have the original packaging for return and I'm unsure what to do as the item is v large.",444309,444311.0
520680,240197,True,Sat Dec 02 03:05:47 +0000 2017,"son. I paid EXTRA for 1 day shipping on amazon. Came home just waiting for my book to be here , check the site .. my order is delayed. Well y’all better delay my $3.00 extra that i paid 🗣🗣",520678,
156732,151994,True,Sun Nov 19 18:17:30 +0000 2017,@115830 @AmazonHelp an item I ordered in October is faulty and leaks everywhere your chat service is useless and the people on the phone so unhelpful! Can you help?,156731,
751296,299569,True,Sun Nov 05 03:09:12 +0000 2017,Plz link @115850 @117634 to @122951 for payment purpose.,"751295,751297",
1373661,439722,True,Sat Oct 28 00:21:45 +0000 2017,@115821 and you are doing absolutely nothing about it.,1373659,1373663.0
424032,215944,True,Tue Oct 10 11:18:15 +0000 2017,"Bonjour, @AmazonHelp. Suite erreur de @215945, je n'ai pu recevoir mon colis 5 jours après l'avoir commandé. Comment annuler? Merci. https://t.co/vyfK6W7vlH",424030,
1331103,430545,True,Fri Oct 27 12:54:34 +0000 2017,@AmazonHelp *Wozu,1331101,1331105.0
920932,343710,True,Thu Oct 19 11:43:00 +0000 2017,@115850 worst service..i have booked an item for diwali but they didn't deliver and i 3 times call to customer care but not satisfactory reply..,943548,920929.0
2497899,712778,True,Mon Oct 30 03:23:33 +0000 2017,@AmazonHelp Yes. Was supposed to come today. Never showed.,2497901,2497898.0
1116533,383457,True,Tue Oct 24 03:59:26 +0000 2017,なんかamazonから身に覚えのない請求が来ててこわいんだけどwww,1116531,
69713,131793,True,Wed Nov 29 16:51:18 +0000 2017,"@115850 I ordered a book called ""The Baker In The World'. It was suppose to arrive today. Later got a text saying couldn't arrive due to no payment. BUT NOBODY CAME HOME FIRSTLY TO DELIVER? WHY THIS TORTURE??",69712,
2781933,669050,True,Tue Nov 21 16:34:07 +0000 2017,"Evening @AmazonHelp, do you sell anything like this for UK delivery? https://t.co/Wu3fpj3W1z",2781931,
622572,267764,True,Wed Nov 22 16:35:59 +0000 2017,"@119625 why not even a single #Punjabi #movie in your #Prime collection? 
No Punjabi movies at all? You have movies in #Marathi, #Telugu,#Tamil and more but not a single in Punjabi language",622571,
86252,134830,True,Thu Nov 30 13:41:38 +0000 2017,Today I discovered you cannot have a @115833 Alexa and a dog in the same room https://t.co/lHziabIwCO,86251,
1434053,380664,True,Sat Oct 28 20:23:48 +0000 2017,@AmazonHelp I was told I'd get a free textbook since mine was not printed correctly but got this instead??? I'm confused https://t.co/nLRjsKjyX9,1434052,
1266319,416511,True,Tue Oct 17 06:19:51 +0000 2017,@AmazonHelp @116439 @126235 @143798 I can't be up at 5:30am to live stream but a 30 mins highlights package would be amazing! 🙌 #NFL #ThursdayNightFootball @128308 😀,1266320,1266317.0
1581315,486812,True,Sat Nov 04 21:27:08 +0000 2017,"@AmazonHelp Ach, bitte nicht wieder telefonisch. Würde ich dieses Medium nutzen, würde ich mit Prinzipien brechen. Geht's nicht irgendwie anders?",1581317,1581313.0
1298932,423575,True,Thu Oct 26 23:00:39 +0000 2017,"Wow, @115821 customer service is going downhill. I just had the worst experience, topped off by an absolutely crazy email from their rep.",1298930,
2898946,183701,True,Tue Nov 28 17:10:07 +0000 2017,@115821 is amazing.,2898945,
259395,177683,True,Thu Oct 05 20:32:36 +0000 2017,@AmazonHelp  https://t.co/9NMimvkVAR,259393,259396.0
54403,128314,True,Wed Nov 01 18:49:21 +0000 2017,@115821 trying desperately 2 use reward points-not recognizing that have almost 9K 2 use. Using the Message Center is a joke...help please!,54402,
1132132,386771,True,Tue Oct 24 12:05:23 +0000 2017,@AmazonHelp わざわざありがとうございます,1132131,1132133.0
1484801,464811,True,Sat Oct 28 21:14:05 +0000 2017,@115830 driver didn't even ring my bell. Tried to call me no voice on his end. I went to the door and he was driving off... prime = joke,1484799,
2616467,739537,True,Fri Nov 17 14:12:40 +0000 2017,Hey @115830 can you please explain to me why I’m wasting money on Prime if this is what it gets me? https://t.co/vDC09shChS,2616465,
355536,200472,True,Sun Oct 08 12:54:06 +0000 2017,@115850 Since last two days no one has contacted me and I receive sms and call of unsuccessful delivery. Pissed of. https://t.co/3faiQmpJoE,355535,
1163548,393708,True,Sun Oct 15 10:44:07 +0000 2017,アマゾンで刀ステのブルーレイ予約してるけど支払い番号来ない。明後日か明明後日に発売だった気がするけどまだなのー？？,1163547,
2216577,171909,True,Fri Nov 10 06:31:59 +0000 2017,"@115850 told me to self return when I did , the return charges are rs710 , refuse to give return charges as very high when I show policy to them , they closed my account, cheating level damn High @115851",2216576,
2919834,808145,True,Wed Nov 29 00:50:52 +0000 2017,"@AmazonHelp Signed my wife up for Prime with her mobile number and have not been able to sign back in since the acct was created like 5 days ago. There’s no email associated with this acct yet. Super strange. Never had this issue before. And before I’m charged, I need to use the acct 1st.",2919833,2919835.0
1370733,439072,True,Fri Oct 27 23:34:57 +0000 2017,@AmazonHelp AMZL,1370732,1370734.0
2706768,760162,True,Sun Nov 19 23:08:19 +0000 2017,Chulada el servicio de @116875 entregas en menos de 24 horas. #Granservicio,2706767,
1103561,380422,True,Sun Oct 15 13:24:07 +0000 2017,@AmazonHelp @AmazonHelp  basically you are only concerned with your commission from sale revenue and no concern with best prices Deal for customers....,1103563,1103560.0
275123,181733,True,Fri Oct 06 06:44:35 +0000 2017,@AmazonHelp So now this person has my credit card details and I can’t sign in to stop them from using it!!!,275125,275121.0
425075,150894,True,Mon Nov 20 14:59:34 +0000 2017,So i closed my @115821  account over a year ago because of fraud and to find out they never closed it and took £179 out my account does that bot scream fraud too #Fraud #Amazon EXPLAIN .....,425074,
682634,282902,True,Sat Oct 21 12:44:02 +0000 2017,@115830 your driver has lied about trying to deliver my order and your phone support have hung up on me twice,682633,
1258010,414670,True,Thu Oct 26 08:00:02 +0000 2017,@AmazonHelp Yes,1258009,1258011.0
1840594,551612,True,Wed Oct 18 06:43:54 +0000 2017,@AmazonHelp U missed and crossed the deadline ...m getting out for delivery msg since last 3 days and then in day end unsuccesful msg..nobody even visit,1840596,1840593.0
319824,192234,True,Sat Oct 07 12:03:46 +0000 2017,@AmazonHelp Amazon sold me a jiofi device and NOTHING was mentioned that you wont get any offers from jio and now I m left cheated!! Please help!!,319826,319823.0
487831,231112,True,Fri Dec 01 15:24:13 +0000 2017,@115850 please i request all of you that please don't buy anything from amazon they told lie and the make fool to the customer they are lair..,"487830,487832",
2361815,658540,True,Tue Nov 14 05:32:19 +0000 2017,@AmazonHelp Does not even have a date at all. This item was already released over a week ago and I don't have my item. I just want to know why they didn't prioritize my pre-order before regular orders? https://t.co/e2OEca3DfJ,2361818,2361814.0
626577,268370,True,Mon Oct 23 13:30:22 +0000 2017,"When will it deliver  can you give me  delivery boy's contact no so i can contact him and ask him about expected delivery time.
@AmazonHelp https://t.co/2QrYtBDZWu","626576,626578,626579,626580,626581",
682609,282900,True,Sun Oct 22 14:44:29 +0000 2017,@AmazonHelp another false commitment (see screenshot) @115850 https://t.co/awQHXg2tYe,682610,682606.0
2667993,751546,True,Sun Nov 19 09:53:34 +0000 2017,Amazon Prime会員に自動的になるヤツオフにするの忘れてたｗｗｗまぁいいか,2667992,
2686420,755453,True,Tue Nov 21 07:09:19 +0000 2017,"@AmazonHelp i already have asked for refund ,... and there is no option to update status (only option available is to cancel the return )",2686423,2686417.0
2072922,613113,True,Thu Oct 19 02:05:01 +0000 2017,@AmazonHelp Amazon EEUU,2072921,2072923.0
2600839,209321,True,Fri Nov 17 08:25:01 +0000 2017,@AmazonHelp This link just takes me to my orders! Then what?! There’s no option given that makes sense,2600840,2600837.0
520637,240184,True,Sat Dec 02 03:24:22 +0000 2017,@AmazonHelp There is a digital order in my account that I did not purchase. How do I go about a refund?,520636,
2467211,705755,True,Sun Oct 29 21:37:14 +0000 2017,@AmazonHelp Not keen to ring again Amazon having tried this twice already. If I’ve paid to get something today I’m confused as to why it’s not here?,2467212,2467210.0
103094,138675,True,Thu Nov 30 17:39:29 +0000 2017,"@116090 Curious, how is a week shipping now 'Prime?' We have been noticing the term 'prime shipping' being used more and more loosely where 5-7 days is becoming too common.",103093,
608084,264530,True,Thu Nov 23 03:59:11 +0000 2017,@AmazonHelp But why it has nt been completed? If ur portal provide to choose the timing slot then why no one turned up? I'm is it professional?,608085,608082.0
1665827,507533,True,Mon Nov 06 10:23:45 +0000 2017,@AmazonHelp Hi I had place a request for a pick up for an item that had to be returned. They cancelled the pickup without notifying at the last minute,"1665826,1665828",1665829.0
2677985,753632,True,Sun Nov 19 13:14:18 +0000 2017,@AmazonHelp Finally received a delivery today. But not all of. Why do I pay for Prime ?!?,2677984,2677986.0
1517802,472136,True,Fri Nov 03 19:23:31 +0000 2017,@AmazonHelp Exatamente o que eu precisava. Muito obrigado,1517804,1517801.0
748681,298981,True,Wed Oct 11 17:18:36 +0000 2017,Euh @120533  y'a moyen de l'avoir avant 2045 ? Je voudrais bien pouvoir le lire avant d'être trop vieux #servicerapide https://t.co/KdNraTDyg2,748680,
1432637,452658,True,Fri Oct 20 08:30:29 +0000 2017,What's the point of @115830 pre-order? Mastodon didn't come for a week... email says I won't get Trivium til next Thurs!?,1432635,
174508,156911,True,Fri Nov 24 23:20:15 +0000 2017,Waited in all day for my stuff from @117795 first order not complete - 2nd order returned to depot because damaged ...... 23 items? WTF - NOW is a big fail - get from @117093 or @115830 - #PRIMENOW USE PEOPLE with cars who have no idea what they are doing.. https://t.co/gjSpzCOcYa,174506,
526634,241876,True,Sat Dec 02 06:58:23 +0000 2017,@AmazonHelp Why do you people think I hacked my own account.  2 times in two days I have been locked out after buying Google Play cards.  Walmart never gave me this kind of trouble.  #unhappy,526627,
1323232,428798,True,Mon Oct 16 12:03:19 +0000 2017,@115821 My kindle has turned up its toes less than halfway thru a 2 week holiday. Am bereft. Anywhere I can buy one in Malta?,1323230,
2103734,621130,True,Thu Oct 19 04:10:58 +0000 2017,Nothing beats being super sick for days and ordering a @621131 humidifier on @115821 and it doesn’t even work.,2103733,
2356850,680847,True,Mon Nov 13 19:15:03 +0000 2017,@115830 is this really efficient packing?? https://t.co/sbmCZIK9na,2356849,
421568,215401,True,Tue Oct 10 09:26:33 +0000 2017,"@AmazonHelp It is cheating customers!, prime or whatever!.",421570,421567.0
215099,167106,True,Thu Oct 05 01:20:34 +0000 2017,@AmazonHelp I paid 8$ extra for my shipment to arrive today and it is yet to arrive it says that it has been delivered but it hasn’t,215096,
323362,158430,True,Sat Oct 07 14:02:28 +0000 2017,@115850 dear amazon i want buy a 3 pickle from same seller 336 each but it take delivery charges 140 each you say free delivery above 500 https://t.co/8RwHQpXnx0,323361,
1353437,126564,True,Mon Oct 16 14:24:08 +0000 2017,"@AmazonHelp Subtitles for 'The Town' are out of sync, about 30 seconds behind. Please fix. Tried different platforms.",1353435,
757762,301084,True,Thu Oct 12 18:12:46 +0000 2017,@AmazonHelp I already reverted pls reply on my email,757763,757761.0
533230,243535,True,Sat Dec 02 11:32:35 +0000 2017,Amazonプライムでモヤさま見れるよ！って聞いてホイホイ釣られてみたら、シーズン９まであって無限に時間使わされる覚悟してる,533229,
2540287,482927,True,Thu Nov 16 10:48:05 +0000 2017,@AmazonHelp any idea why my parcel that I had set for next day delivery on prime is now not going to arrive for 3 more days? @407058,2540285,
859601,324099,True,Fri Oct 20 17:06:06 +0000 2017,@115850 @118919 @115851 pls specify till what floors will your person deliver the products.,859600,
2280850,387181,True,Sat Nov 11 21:08:35 +0000 2017,"@AmazonHelp Amazon Prime. You've always had such great customer service but, all I got when disputing this (phone) was repeatedly 'you have no account I can't discuss this with you' despite me then repeating there must be an account, you've taken the £79! Hopeless. I just want my money back",2280852,2280848.0
468827,226626,True,Fri Dec 01 06:55:35 +0000 2017,"@AmazonHelp So he told guy to just leave it at door. Second guy comes, says there was no order.",468828,468825.0
1071051,372747,True,Mon Oct 23 16:18:28 +0000 2017,@AmazonHelp Looking forward for some good content from Amazon originals. Good to hear from you,1071053,1071050.0
2364714,682710,True,Mon Nov 13 22:02:22 +0000 2017,"Solamente 5 minuti dall'invio della mail al servizio clienti alla risoluzione del problema, con telefonata da Dublino inclusa.
Incredibile.
Se non è perfezione poco ci manca.
@120540 https://t.co/qD0HDxuEga",2364712,
659381,115848,True,Wed Nov 22 23:42:55 +0000 2017,"@amazonhelp and couriers have no problem lying. This is clearly becoming a pattern. False info-I didnt request delay, no delivery attempt made. Furious. Been Prime since it was first available. Need better couriers.",659378,
444293,172546,True,Thu Nov 23 02:36:35 +0000 2017,@115850 Bhaio Amazon se bhul kar v mobile tablet mat kharido kyuki inka polcy h no return no refund no exchange,667008,444292.0
2959996,816942,True,Wed Nov 29 20:34:30 +0000 2017,"@AmazonHelp the man high castle, MARAVILHOSA 💙",2959998,2959995.0
1815233,545288,True,Mon Oct 16 00:32:28 +0000 2017,"私にも来た。
Amazonからの振り込め詐欺？

⚠皆さんご注意⚠ https://t.co/pYCXqLzlvO",1815232,
205998,164791,True,Mon Nov 06 11:23:40 +0000 2017,"@AmazonHelp You do realize I cannot log in to the account as it is closed, right?",205997,205999.0
470807,227096,True,Fri Dec 01 08:10:59 +0000 2017,@115821 being told I received an item I ordered (when I didnt) then being made to look like I'M the guilty party. #disappointed with how #blackfriday orders have been dealt with.,470805,
2230352,650860,True,Fri Nov 10 15:36:51 +0000 2017,"@AmazonHelp Ok thanks! Just found out I can track it and got this, will it still arrive you reckon? https://t.co/bGxUMIV0PP",2230353,2230351.0
2942067,638632,True,Wed Nov 29 13:53:00 +0000 2017,"@AmazonHelp why has your shipping times become pathetically Slow. Gone also is one day shipping options on everything that’s shipped/sold by Amazon. One week to receive an item literally 2 hours away.. (Vancouver island, BC). This has changed in the last month shipping times.. https://t.co/BTlu5xKsox",2942065,
2795276,254064,True,Tue Nov 21 22:47:04 +0000 2017,"@AmazonHelp todo excelente en el servicio, solo y simplemente yo lei mal las especificaciones.",2795278,2795275.0
2457829,193006,True,Wed Nov 15 05:30:56 +0000 2017,"@AmazonHelp Order #

171-6367669-7801956

Send full details via DM","2457831,2457832",2457827.0
417877,214700,True,Wed Oct 11 04:54:40 +0000 2017,@AmazonHelp Hi there! Support emailed me today and offered to either refund or replace the item and I chose to replace it but no tracking has been sent.,417878,417876.0
28955,122370,True,Tue Oct 31 11:48:32 +0000 2017,@115850 Today is my bad experience with your deliveryboy who is use abusive languagesas maadar chod bahan chod he crying out my order,28954,
2318869,193006,True,Mon Nov 13 11:00:28 +0000 2017,"Funny, frustrating experience with @115850 Based on false assurances, I am still waiting for a delivery.  Grrrr...",2318868,
1907455,568322,True,Wed Oct 18 13:00:34 +0000 2017,"@115850 Ordered Redmi 4, one 32GB Samsung memory Card during Diwali sale on 14th October. But receive this China Mobile and no memory card https://t.co/DNtjruhh3Y",1907453,
316310,191530,True,Sat Oct 07 07:54:53 +0000 2017,"@AmazonHelp sumthing wrong in my account, lost prime membership, no order history, cust service not taking my calls. Manisha Chandnani",316308,
2510700,307929,True,Mon Oct 30 04:19:08 +0000 2017,@AmazonHelp Miscommunication at its best. Thanks to @115850  email support.,2510698,
191662,127959,True,Wed Oct 04 14:32:21 +0000 2017,"@115850 @AmazonHelp : Just look at the tone taken by your executives who don't understand that if I'm buying something worth 60k, I need to be assured of the installation/demo.
@115851: I still don't have an answer! https://t.co/t5HmE5p9gb",191661,
2320237,672459,True,Mon Nov 13 13:40:51 +0000 2017,@AmazonHelp Online it says out for delivery today. I've just gotten a text message and email saying delivery next Saturday however,2320239,2320236.0
1397858,445079,True,Sat Oct 28 15:36:24 +0000 2017,"Hey @115821 could you right quick define ""undeliverable"" for me? https://t.co/krmwQljT3c",1397856,
288054,184645,True,Wed Oct 11 10:35:25 +0000 2017,"@AmazonHelp Sent an email explaining my issue, hopefully they are as speedy at responding as you guys :)",288055,288053.0
1587310,150316,True,Sat Nov 04 22:46:43 +0000 2017,@115850 It is not available please do recheck,1587307,1587337.0
1029004,363471,True,Mon Oct 23 03:44:44 +0000 2017,"When your @117795 order is supposed to be delivered between 8-10 and still shows up as ""being prepared"": https://t.co/FVQU2ZE1mf",1029002,
1570892,484260,True,Sat Nov 04 18:34:24 +0000 2017,@AmazonHelp I dont care.I just need my money,"1570893,1570894,1570895",1570891.0
205985,164790,True,Mon Nov 06 11:20:45 +0000 2017,@AmazonHelp  order id  #4__credit_card__ cancelled it but it is on the way as per status on app. When will I get my refund?,"205984,205986",
2356703,680823,True,Mon Nov 13 19:52:44 +0000 2017,I went all the way to a pick up and my code is letters but you can only type numbers WTF 😡😡😡😡😡😡@AmazonHelp,2356700,
2170953,636804,True,Thu Nov 09 12:20:22 +0000 2017,"@AmazonHelp When you pay £164 for a office chair, you expect better packaging, rejected delivery",2170952,
1070009,372482,True,Mon Oct 23 15:53:35 +0000 2017,"2 packages outside my house in plain sight, and 1 “delivered” but nowhere to be seen. @AmazonHelp your drivers are making you look terrible","1070007,1070011,1070012",
1666040,507573,True,Tue Oct 17 16:34:20 +0000 2017,"@AmazonHelp Check the details with mobile number 8430301778, ABHINAV Saxena","1666042,1666043,1666044",1666038.0
577037,255524,True,Sun Dec 03 09:34:27 +0000 2017,@AmazonHelp Just this one https://t.co/q3xQvoFJgF,577036,577038.0
2226346,649904,True,Fri Nov 10 09:30:00 +0000 2017,"@AmazonHelp Yes, because there is trust and faith in your services always.",2226345,2226347.0
424084,215952,True,Tue Oct 10 11:05:15 +0000 2017,Can't believe @117795 @AmazonHelp takes more than 10 days to ship an order to PR. https://t.co/aS8HaUUH0B,"424082,424085",
2229054,650528,True,Sun Oct 29 04:49:16 +0000 2017,@AmazonHelp https://t.co/v48rCRXHp3,2229053,
1370728,439071,True,Sat Oct 28 00:00:40 +0000 2017,"@AmazonHelp Well, it's 8pm, and still no package.",1370729,1370727.0
1043686,366798,True,Mon Oct 23 18:58:39 +0000 2017,"@AmazonHelp @115821 @115850 Just tell me my product was supposed to be delivered on Saturday. It's Tuesday today, when will it get delivered",1043687,1043685.0
222644,169191,True,Thu Oct 05 03:44:50 +0000 2017,"@AmazonHelp Issue is still not resolve fully. When I contacted the seller for refund, he asked me to contact you. Pls refund the full amount ASAP",222643,222645.0
1762360,530267,True,Tue Nov 07 20:29:59 +0000 2017,@AmazonHelp Hi. Is there a valid reason why your courier left my £450 Xbox by the front door of a public office building this morning rather than walk up a flight of stairs &amp; deliver to me like they’re supposed to?,1762359,
1826006,353325,True,Wed Oct 18 04:09:45 +0000 2017,"@115850 Why this ? Ordered Red/Grey |color, got different color and shape also(means I got different model) ORDER # 406-3204098-3609908 . Attaching both images ordered and received. https://t.co/jiS3fznCaZ","1826005,1826007",
347943,198858,True,Sun Oct 08 06:24:50 +0000 2017,@AmazonHelp Yes I know tht...want to know will I get valid warranty if purchased frm othr e-commerce site?,347945,347942.0
989727,354456,True,Sat Nov 25 10:52:10 +0000 2017,@AmazonHelp hey there. I’m a Prime member and have just made an order on Prime Now but seem to have been charged £3.99 for delivery... why is this when I have Prime?,989726,
2515839,716686,True,Wed Nov 15 23:57:44 +0000 2017,@AmazonHelp I’ve tried. And got NO WHERE. Absolutely no where. Twice. Via phone. And once via chat. Any other options?,2515840,2515838.0
1321099,428461,True,Fri Oct 27 09:35:28 +0000 2017,@AmazonHelp __email__,1321100,1321098.0
2864814,795715,True,Mon Nov 27 23:42:30 +0000 2017,Ａｍａｚｏｎ便利,2864813,
2401520,690951,True,Fri Oct 20 13:14:51 +0000 2017,@115830 @AmazonHelp my account has been locked after trying to purchase an item please can you unlock the account?,2401517,
2715888,762367,True,Mon Nov 20 05:41:45 +0000 2017,"#BlackFriday @120533 bizarre votre disque dur externe Maxtor de 2To qui passe de 59€ (00h30)à 69€ (6h30) ,encore des pseudo « soldes »...",2715886,
2762776,772889,True,Tue Nov 21 07:25:18 +0000 2017,"アマゾンでセラミックファンヒーター買った。
あったかい(о´∀`о) https://t.co/VC8bfXJWlh",2762775,
2184736,639883,True,Thu Nov 09 17:10:54 +0000 2017,#AmazonIndia logistics is deplorable. Delivery agents without visiting gives feed back no one at address. #AmazonPrime #Amazon,2184735,
2964056,817836,True,Wed Nov 29 22:34:50 +0000 2017,@AmazonHelp After my last email to customer service I received a response saying someone would get back to me in 6 hours. This is after a day of talking with customer service. . .,2964059,2964055.0
669744,279740,True,Thu Nov 23 05:06:26 +0000 2017,@115850 @115851 @146956 @120320 @2517 @144775 @8210 @135788 Please see attached SS FYR the qty is written 600 and @115850 sends only 5 pcs. This company is biggest online fraud company. Making Fool of people for the hard earned money. https://t.co/Q4n4Z0VkRw,669743,
1412560,448249,True,Thu Nov 02 01:08:20 +0000 2017,@117634 Seems I can no longer use the Kindle app on my iPad. I’m stuck at my last book which demands a review before I can move on.,1412559,
1569525,484115,True,Sat Nov 04 16:51:54 +0000 2017,@AmazonHelp what is a parcel box and where do I find it cause I kinda need my package 🙃🙃,1569523,
99900,137875,True,Thu Nov 30 17:13:10 +0000 2017,@115821 necesito escribirles por privado por un inconveniente con mi cuenta. Gracias,99899,
389955,208321,True,Tue Oct 10 02:09:20 +0000 2017,@AmazonHelp @115851 concern is very simple - u promised a delivery then failed !! Did not even inform and now need 48 hrs to investigate !!,389956,389954.0
1170083,359872,True,Tue Oct 24 19:17:50 +0000 2017,"I order some very expensive scientific instruments from @115821 and they don't require the mailman to wait for a signature.
Packages stolen!",1170081,
848145,321569,True,Fri Oct 20 14:33:40 +0000 2017,"Ordered RO ID 406-4553098-2090717 @115821 @115850 @AmazonHelp paid 100 for delivery on 17-10-2017, yet not received #disappointed  #Diwali","848144,848146",
1458000,458403,True,Thu Nov 02 19:03:30 +0000 2017,My order from @115821 just was delivered. Opened it and there’s NOTHING IN IT,"1457999,1458001",
2959971,816936,True,Wed Nov 29 21:15:07 +0000 2017,@AmazonHelp No luck. Nothing arrived,2959972,2959970.0
1234083,409452,True,Wed Oct 25 17:57:43 +0000 2017,"@130687 @116928  se puede ser más vago, mentiroso y flojo que el que reparte en Cartama?algún día me traerá el envió a mi casa?",1234081,
2674333,752853,True,Sun Nov 19 12:56:39 +0000 2017,@AmazonHelp I called amazon and they don’t know were my package is,2674335,2674332.0
1319906,428206,True,Fri Oct 27 08:22:21 +0000 2017,@115850 Please process my refund...Its almost a month now Order ID 408-8894703-4175531 #AmazonIN #RefundPlease,"1319904,1319908",
365229,202516,True,Mon Oct 09 07:33:40 +0000 2017,@AmazonHelp Done attached is the proof of completion https://t.co/XxE9PXkBrx,365230,365228.0
436395,169710,True,Tue Oct 10 16:42:49 +0000 2017,"@115850 First time delivery failed due to lots of deliveries in a day second time no response from that delivery boy
Amazon should look into this",436394,436396.0
1024229,362392,True,Mon Oct 16 01:17:53 +0000 2017,@AmazonHelp Awesome thanks #amazonprimevideo @AmazonHelp,1024231,1024228.0
2105727,621518,True,Thu Oct 19 04:19:38 +0000 2017,"I just ordered a giraffe onesie for my wife on @117795, best day ever.",2105726,
2808372,783224,True,Wed Nov 22 04:09:00 +0000 2017,@215324 @115850 Product was Amazon echo and order id was : 408-7061296-9680103,"2808371,2808373",2786293.0
2834213,300766,True,Mon Nov 27 14:33:06 +0000 2017,Why is it when I get a parcel from @115830 that it never arrives singing just like the adverts?,2834211,
1225188,407434,True,Wed Oct 25 15:58:59 +0000 2017,"@AmazonHelp Kaufe neues Notebook für 1.300, erhalte geöffneten Karton, keinerlei Beihefte oder Garantiezettel, keine Schutzverpackung und","1225189,1225186",
545707,246871,True,Sat Dec 02 17:04:55 +0000 2017,I hate every service that marks packages “delivered” when they are in fact not. What the f*ck kind of system is that? Im looking at you guys @115821 @81,545705,
2772305,774903,True,Mon Nov 27 01:34:03 +0000 2017,@AmazonHelp Yes,2772307,2772304.0
763038,302332,True,Fri Oct 13 14:31:59 +0000 2017,@AmazonHelp Still figuring it out. Thank you for asking.,763039,763036.0
529951,242726,True,Sat Dec 02 09:56:53 +0000 2017,@AmazonHelp Sold by you,529953,529950.0
2776346,755453,True,Tue Nov 21 09:17:04 +0000 2017,"@119350 @115821 @AmazonHelp @115850 DIE DIE...!!

my refund over the month has not been processed..!!",2776345,2776347.0
1030158,363737,True,Thu Oct 19 01:47:44 +0000 2017,"@115821 - 2 day delivery? No prob. Pkg arrived in town this am.😍

@118706 - 😂🤣🖕We're gonna leave it sit in town for an extra 2 dys just cuz!",1030157,
138154,147118,True,Fri Nov 24 10:30:30 +0000 2017,@AmazonHelp Am I doing the right thing to get a replacement TV by having it returned? It turned up broken and I’m doing what the site says,138153,
1117708,383726,True,Tue Oct 24 04:20:21 +0000 2017,@AmazonHelp I’ve tried getting a refund for Order no 403-2127911-4989966 but it’s tied up in red tape for weeks. Please look into this.,"1117707,1117709,1117710,1117711",
1727554,522430,True,Tue Oct 17 20:16:53 +0000 2017,"@AmazonHelp Hey, no it hasn’t arrived :/",1727555,1727553.0
2302205,668106,True,Sun Nov 12 18:23:06 +0000 2017,"@AmazonHelp I've ordered two items one a few months ago, one last week that I've paid for next day delivery on both, all my money's been taken out and I've not received any of them.",2302204,
2548097,724098,True,Mon Oct 30 13:22:02 +0000 2017,"@AmazonHelp can't sign into account.Changed password 5 times,every time I'm told incorrect password.can't access contact page w/o signing in",2548095,
789318,308223,True,Thu Oct 12 11:23:39 +0000 2017,@115850  facing issue with order 408-7317716-1118709. can someone look into it,"789317,789319",
158736,152491,True,Fri Nov 24 17:17:36 +0000 2017,HELP! Can’t get in to Amazon on Safari. Just comes back not secure connection. Have cleared history etc but still won’t work.,158735,
1491768,466439,True,Fri Nov 03 10:00:53 +0000 2017,"@AmazonHelp タイムラグって何時間ぐらいまでが仕様なのですか？　
今日着予定と聞いて勝手に夕方までには受け取れるものと勝手に想像してしまうので…",1491767,1491769.0
2144421,630475,True,Wed Nov 08 23:49:11 +0000 2017,"@AmazonHelp ordered on prime and it said 2 days then get email that says 7 days! Needs to be fixed, please!",2144418,
765784,303013,True,Sat Nov 25 10:05:08 +0000 2017,@AmazonHelp Nothing on the website. Just the sms messages.,765785,765783.0
1110258,382016,True,Tue Oct 24 01:40:39 +0000 2017,@AmazonHelp I placed the order less than an hour ago. My one day shipping takes 4 days though... https://t.co/efbk08Jz14,1110260,1110257.0
1677998,510375,True,Mon Nov 06 15:07:22 +0000 2017,@115821 will Amazon prime access my normal Amazon if I order??.i made a mistake and didn't want Amazon prime...will they jump on my account.,1677996,
1721630,353675,True,Tue Oct 17 18:09:48 +0000 2017,"@115821 I PAID for shipping to get my package today but it says it’s delayed until tomorrow, which I wouldn’t have had to pay for. COOL",1721629,
1394456,444288,True,Sat Oct 28 14:01:02 +0000 2017,What’s the point in @115821 prime delivery for NEXT day if they don’t even bother to try and deliver it??,1394455,
519692,239937,True,Sat Dec 02 02:45:43 +0000 2017,Really disappointed by @115821 and it’s Prime service. Package is late and it is not possible to get access to @117634 version until the physical package arrives #CustomerService,519691,
2756082,771383,True,Tue Nov 21 01:52:07 +0000 2017,@115850 Bug in offer page. See pix of same page https://t.co/YKShMDsmC4,2756081,
1780113,534825,True,Tue Oct 17 23:23:35 +0000 2017,@AmazonHelp Status says it’s fully shipped,1780115,1780112.0
1917093,571006,True,Wed Nov 08 06:06:16 +0000 2017,"Hey @116439 ,

My dog ate my remote, how do i get another one? https://t.co/0yLRRkQodz",1917091,
1802911,161464,True,Wed Oct 18 01:41:19 +0000 2017,"@AmazonHelp Also, would you please answer my question about how to avoid USPS.",1802914,1802910.0
872190,327067,True,Fri Oct 13 17:31:11 +0000 2017,@AmazonHelp Such a careless reply from you.. @115850 should take care of,872191,872188.0
823591,316186,True,Fri Oct 13 00:53:38 +0000 2017,@AmazonHelp I'll send you a DM now.,823593,823590.0
528221,242290,True,Sat Dec 02 08:15:13 +0000 2017,@242291 @AmazonHelp @115830 I have requested on 21 and so far no discount has been made and I have not been charged. I do not want to cancel the order. I want to ship to Saudi Arabia,528212,528222.0
710638,246259,True,Wed Oct 11 05:11:17 +0000 2017,"@AmazonHelp No there was not any estimated date.
If u take more than one week who will buy that?
I want before Friday otherwise I will cancel my order","710640,710641",710637.0
1959487,581261,True,Sun Nov 26 09:59:46 +0000 2017,What has happened to your delivery service? Is next-day delivery no longer a thing or...? @AmazonHelp @115830 https://t.co/8siGquVdq2,1959485,
1100481,379638,True,Sat Nov 25 18:17:48 +0000 2017,Ahhh wicked my order from Amazon my electric guitar will be here on Wednesday can't bloody wait I got it on Black Friday it was £130 pounds but all I paid was £60 pounds last one as well in stock bit of luck guess lol 🍀,1100479,
174481,156902,True,Fri Nov 24 17:59:10 +0000 2017,Amazonで買った本がなかなか届かなくてやっと発送通知きたと思ったら1週間以上かかるってなっててそうこうしてるうちに忙しさにかまけて忘れてしまって「そういえばあの本どうなったんだ！まだこないじゃん！」って注文履歴見に行ったら10日前に配達完了になってる(T_T) 届いてないよ〜も〜〜,174479,
2867104,796277,True,Tue Nov 28 01:38:10 +0000 2017,@AmazonHelp Short if it.. Wait for your package and suck it up consumer... Not by Amazon.. Amazon didn't do anything bad. USPS is the joke.,2867105,2867103.0
2184649,183921,True,Thu Nov 09 16:28:32 +0000 2017,@AmazonHelp I was on the fnaticshop to bought it,2184648,2184650.0
361707,201666,True,Sun Oct 08 17:52:31 +0000 2017,"@AmazonHelp Jaja no requerí ayuda, gracias. Solo les hice mención porque en el pastel los nombraron",361706,361708.0
446379,220724,True,Tue Nov 28 18:47:30 +0000 2017,Your store is broken. I keep trying to check out with @115821 and it loads @115993 instead.,"446378,446380",
246996,174676,True,Thu Oct 05 16:25:29 +0000 2017,"@AmazonHelp Que mi cuenta ha sido bloqueada por motivos de seguridad, y recibi un correo de que ya estaba liberada",246998,246995.0
814291,296913,True,Fri Oct 20 17:02:33 +0000 2017,@116618 @AmazonHelp When will be available to watch Mr Robot season 3 in Colombia?,814289,
1499804,468209,True,Fri Nov 03 14:41:11 +0000 2017,"@115821 Hi just got a call claiming it's from Amazon, number : 206-508-4014, is this from you guys?",1499802,
2456068,703557,True,Wed Nov 15 04:53:33 +0000 2017,@AmazonHelp My wife reported.. they are saying we did not select emi option.. while I did it myself... They are not helping at all...,2456070,2456066.0
2721676,746587,True,Tue Nov 21 10:50:41 +0000 2017,"@AmazonHelp Nein, hab ich nicht. Warte ich eben auf das nächste Angebot. Danke!",2721677,2721674.0
1337991,432082,True,Fri Oct 27 15:24:23 +0000 2017,"@AmazonHelp No they say ""Delivery Delay: Your Amazon package..is still on its way, but will arrive later than expected. And tracking info says the same",1337993,1337990.0
1216263,405395,True,Wed Oct 25 17:14:04 +0000 2017,@AmazonHelp I don't think this is an appropriate place to leave my package. I live in a block of flats and this could have been stolen. https://t.co/huOodXzcd1,1216262,
182809,159012,True,Wed Oct 04 18:38:51 +0000 2017,"@AmazonHelp Ya contacté para otras reclamaciones anteriores, pero como seguís trabajando con ésta empresa necesito mostrar mi indignación públicamente.",182810,182807.0
2104368,532172,True,Thu Nov 09 22:46:32 +0000 2017,"@AmazonHelp they checked my email and filled a form for me to be reach by the KDP department, usually take 2 to 3 business days to get in contact with you",2104369,2104366.0
2849050,792283,True,Mon Nov 27 19:13:59 +0000 2017,@AmazonHelp I received an email about a seller account but this is a buyer account that I don't sell anything on,2849052,2849049.0
2288401,664838,True,Sun Nov 12 13:17:22 +0000 2017,"@AmazonHelp I haven't, but I will now. Thanks",2288403,2288400.0
27389,122000,True,Wed Nov 01 10:07:16 +0000 2017,@120474 have priority for the morrisey tour and trying to get tickets but it is saying I’m exceeding minimum tickets?!,27388,
331296,194883,True,Sat Oct 07 17:55:58 +0000 2017,@115850 Please clarify on below encircled updates for my package tracker..very strange https://t.co/EL0f1Voq2V,"331295,331297",
1634116,280428,True,Sun Nov 05 20:35:19 +0000 2017,@AmazonHelp I've just emailed. Don't know why I bother paying prime when the items never arrive.,1634115,1634117.0
1642155,501972,True,Tue Oct 17 13:34:24 +0000 2017,@AmazonHelp Je veux bien savoir où dans le site est Le SAV. Dois je renvoyer l'article ou y'a t il un SAV dans le site ?,1642153,1642157.0
101668,138274,True,Thu Nov 30 17:39:54 +0000 2017,"@AmazonHelp Entrega estimada para 1/dez - 7/dez, porém até agora não mudou o status. Posso entrar em contato com algum atendente?",101666,101670.0
747717,298743,True,Wed Oct 11 17:28:33 +0000 2017,@AmazonHelp Have you asked  him that is your service  area on some specific pin code is only 4km bcz they want to save money of staff..,747718,747710.0
2318194,392654,True,Mon Nov 13 10:04:25 +0000 2017,"Hmm. Was stimmt mit der Düse nicht, @116316? 🤔 https://t.co/v7ISeWsdgy",2318192,
318794,192052,True,Sat Oct 07 10:52:40 +0000 2017,@AmazonHelp bonjour je pourrais avoir ce sweat c’est pour un cadeau pour mon frère et j’ai plus sous sur mon compte merci 😁 https://t.co/4ArvQOxnqm,318792,
435082,218353,True,Tue Oct 10 16:43:33 +0000 2017,@AmazonHelp I had to pick up Destiny and Forza at the couriers office as well because they were going to be a day late if i didnt...,435085,435080.0
295892,186466,True,Fri Oct 06 17:28:15 +0000 2017,@AmazonHelp what's the craic with paying next day delivery and it not being here ? Is this a joke ?,295890,
2067246,611306,True,Sun Nov 26 12:30:41 +0000 2017,@AmazonHelp そういう神対応すこ,2067248,2067245.0
2141351,629685,True,Wed Nov 08 22:30:38 +0000 2017,. @AmazonHelp it says you may have lost my package and has no estimated delivery date. My package is almost a month late. 🙄,2141350,
1449095,456250,True,Wed Oct 18 04:50:01 +0000 2017,@AmazonHelp I was told I was getting a refund of £9. I got £5.01. Amazon are fucking useless!,1449096,1449094.0
2611585,738469,True,Fri Nov 17 12:06:01 +0000 2017,"@AmazonHelp Dice que está en camino desde las 9am, pero no en reparto",2611587,2611584.0
1807172,542922,True,Sat Dec 02 08:26:36 +0000 2017,"La spesa è già arrivata conc@amazonprimenow, e pure @74571! 💕 grazie, ottimo inizio per un sabato di gelo. #amazonfan #Delivery #lazy https://t.co/CkCAYijmWj",1807171,
2490600,711139,True,Wed Nov 15 17:27:32 +0000 2017,Liefert @116316 nicht mehr an Packstationen? Kann diese nicht mehr als Adresse auswählen bei Primeversand.,2490598,
136998,133574,True,Fri Nov 24 09:53:18 +0000 2017,@AmazonHelp Please can you confirm that these are suitable for HMRC’s perspective as a VAT invoice?,136996,137000.0
191565,161028,True,Wed Oct 04 15:40:29 +0000 2017,"@AmazonHelp Bonjour, j’ai bien reçu mon colis, mais du coup pour le MacBook ? 🙄😂",191564,191566.0
1215545,219482,True,Wed Oct 25 16:43:59 +0000 2017,When you are initiating my refund. @115850 @amazonHelp.,1215544,
944887,344051,True,Sat Oct 21 16:44:25 +0000 2017,@115850 what is the real diff in both these products.. 240 is in prime account. 160 is in normal account #Amazon https://t.co/x6pQFcqNvR,944885,
1771666,532541,True,Sat Nov 11 10:41:34 +0000 2017,@AmazonHelp Nope don't have anything to do with Amazon. I used to have Amazon video but that was over a year ago.,1771665,1771667.0
1189732,120780,True,Wed Oct 25 06:54:58 +0000 2017,"@AmazonHelp What do u want me to do
I already spoke with customer care on this but have not received any confirmation yet.
I don't want this product (1)",1189734,1189730.0
519845,239971,True,Sat Dec 02 02:23:14 +0000 2017,"Hey @115821, could you explain your 2-day shipping promise? Because my package deliveries eventually show up after 5 days. #terribleservise",519843,
162094,153420,True,Fri Nov 24 18:42:16 +0000 2017,@117634 your cloud reader STILL is not working for me,162093,
970243,350245,True,Sun Oct 22 07:39:01 +0000 2017,"@AmazonHelp Fancy words and freeloading of marketing masquerading as customer satisfaction. If it's clear to one that he WILL receive free delivery,1/2","970245,970246",970242.0
2429411,311015,True,Sun Nov 19 13:56:08 +0000 2017,@AmazonHelp Where are others results ???,"2429412,2429413,2429414",2429410.0
550605,235325,True,Sat Dec 02 21:51:37 +0000 2017,@AmazonHelp I’ve emailed customer service this item was not delivered your driver is a liar.,550606,550604.0
139519,147466,True,Fri Nov 24 11:18:05 +0000 2017,@AmazonHelp That it’s late and you have no latest information from Hermes who are delivering it.,139520,139518.0
2700795,621126,True,Sun Nov 19 20:44:38 +0000 2017,"@AmazonHelp Schönen guten Abend. Ich habe eine Frage bzgl erstatteter Kosten nach einer Bestellung (Vorbestellergarantie). Eigtl. sollte ich noch gut 18,- gutgeschrieben bekommen. Bräuchte diesbezgl mal bitte Hilfe.",2700793,
605160,263841,True,Wed Nov 22 11:18:26 +0000 2017,@AmazonHelp Bonjour email envoyé à l'instant via mon email pro,605161,605159.0
2820486,286369,True,Mon Nov 27 06:57:07 +0000 2017,@AmazonHelp Yes cash load done will be getting 20% cash back or how it is,2820490,2820478.0
2906621,804862,True,Tue Nov 28 20:03:43 +0000 2017,"@AmazonHelp I will, but I was literally chatting with your customer support minutes before my second ""refund"" email came through. And Gireesh told me that my order would come by EOD today and I quote ""there is no need to be worried about this anymore"".",2906619,2906622.0
1801024,541159,True,Sat Oct 28 21:54:20 +0000 2017,"【お客様のAmazonアカウントへ、端末またはアプリから登録が試みられました。】
ってメールが何通も入ってた💦
恐ろしい…。",1801023,
2562138,727121,True,Thu Nov 16 17:18:49 +0000 2017,"Who dis, @116316? Zufällig wohnen hier halt über 40 Menschen. https://t.co/1SkLw2KIv8",2562136,
1688587,512744,True,Mon Nov 06 20:12:16 +0000 2017,@AmazonHelp I'm doing online chat with one of your colleagues as we speak... 😏,1688585,1688589.0
1569562,484122,True,Sat Nov 04 16:26:38 +0000 2017,@115850 why am i being forced to rest my password?,1569560,
353600,192558,True,Sun Oct 08 11:51:10 +0000 2017,@AmazonHelp I don't want to Bal to credit in my account I need Amazon pay balance the refund has initiated on 3 Oct but yet not credited https://t.co/2gKj9KNdOa,"353598,353604",353605.0
2528817,719989,True,Thu Nov 16 06:15:21 +0000 2017,@719990 @115850 I ordered something &amp; returned it had been almost a month and am not getting any response from ur side for refund,2529311,2528816.0
1608751,493985,True,Tue Oct 17 11:30:50 +0000 2017,"@AmazonHelp Merci, j'ai envoyé un mail.",1608753,1608750.0
1745603,473002,True,Tue Nov 07 14:56:31 +0000 2017,Ugh not happy with my latest @115821 purchase. Picture shows it overs the whole face and it’s not even close!! #whatthe https://t.co/59mynlDqZg,1745601,
225537,169874,True,Thu Oct 05 09:38:09 +0000 2017,@AmazonHelp What patience and understanding? First learn to give a straight answer. From date of pickup how many days for refund?,225538,225536.0
2403046,691293,True,Sun Oct 29 08:52:06 +0000 2017,@AmazonHelp Yes i have but still waiting 5-7 days for my money is not the best birthday gift. £700 #birthdayruined,2403047,2403045.0
871103,276620,True,Fri Oct 20 22:11:04 +0000 2017,@AmazonHelp Don't understand sorry. What do you mean?,871107,871101.0
544448,246498,True,Sat Dec 02 16:36:21 +0000 2017,@AmazonHelp I never got an email. I logged in to check.,544445,544449.0
1442589,454723,True,Mon Oct 16 19:07:20 +0000 2017,"@AmazonHelp Korrekt. Die einzelnen Folgen sind da, nur nicht als Staffel.",1442591,1442588.0
1160435,393015,True,Sun Oct 15 18:47:21 +0000 2017,@115821 prime shipping fail! https://t.co/TBUaZXjDNp,1160434,
349394,199161,True,Thu Oct 19 18:02:28 +0000 2017,@AmazonHelp No surprise CS team cannot get it right given the Executive Customer Relations team cannot even provide an update as promised. (Shashank),349395,349392.0
1239326,410700,True,Wed Nov 15 17:59:25 +0000 2017,"@AmazonHelp 2 days and still no reply, it's like you want me to take Legal action",1239327,1239325.0
1592432,119214,True,Sun Nov 05 01:26:25 +0000 2017,@AmazonHelp sir. again again u asking tracking acknowledgment only. if u inform ok but 4days before only ur people says sir. what will do.,"1592434,1592435",1592431.0
474193,227874,True,Fri Dec 01 10:10:06 +0000 2017,"@AmazonHelp Spoke to them half an hour ago. Some one is getting back to me once again lol which no one does, and yes a transfer of funds. This is a very busy time of the year and holding 4K Will eventually cause cash flow issues. We have paid for the stock, we have delivered the items.",474192,474194.0
101771,138292,True,Fri Dec 01 17:32:54 +0000 2017,"@AmazonHelp I just wanted to update you guys, it looks as though the person whoever delivered my package delivered it to the wrong house and they gave me the package this morning.",101772,101769.0
643823,317025,True,Fri Oct 13 01:28:44 +0000 2017,"@115850 Still sticking with #Cashback  for bank offers, when you will give  #InstantDiscount. Learn from rivals in this matter",827132,643818.0
2652432,748047,True,Sun Nov 19 07:08:13 +0000 2017,"@115850:Issue with Order 402-1504192-7579549,product advertised as 'Fitbit' but it wasn't an original one.No pickup for return order so had to ship it at my personal expense (Rs 360).The product has reached the seller before 2 months but no signs of my refund yet,Disappointing!","2652431,2652433",
1207601,149645,True,Wed Oct 25 09:53:14 +0000 2017,@AmazonHelp Yes.  Not there.,1207603,1207600.0
2930093,812014,True,Wed Nov 29 11:38:18 +0000 2017,"@116618 @116618 Hello! Why isn't so many movies not available on amazon prime India ?  of Amazon studio like the big sick, the manchester by the sea etc",2937484,2930092.0
1066683,371728,True,Mon Oct 23 14:59:45 +0000 2017,Hi @115850. Made an order in Amazon Pantry for the first time today and this will be the last time. Ur delivery team is simply waste.,1066680,
930157,340681,True,Mon Nov 20 20:41:54 +0000 2017,"@AmazonHelp That's the issue, the purchases were made by colleagues on a corporate card outside of my account. Any way you can help?",930156,930158.0
1150879,327894,True,Tue Oct 24 16:48:11 +0000 2017,"@AmazonHelp when set them up, I used the same network, but for a variety of reasons, I need to connect to another. can I utilize prime music on both?",1150880,1150878.0
2414491,694018,True,Tue Nov 14 17:21:38 +0000 2017,"@AmazonHelp Además, el transporte es de Amazon Logistics. Así que ni aunque quisiera...",2414489,2414492.0
224275,169584,True,Thu Oct 05 04:59:08 +0000 2017,"キンドルなんかシステム問題出てる？？
ほしいものリストに追加だけでunlimitedで読み放題レンタルも新しい本購入もできないんだけど、、、？
@118500",224274,
471514,227277,True,Fri Dec 01 08:58:29 +0000 2017,@AmazonHelp Please don't do anything.This happened 2nd time last time i ordered laptop with same issue. This was my last shopping with Amazon. Please be customer oriented rather than self oriented.,"471516,471517",471513.0
2596389,735148,True,Fri Nov 17 04:43:37 +0000 2017,@AmazonHelp Done twice,2596392,2596387.0
2317125,504449,True,Mon Nov 13 07:42:39 +0000 2017,"Ordeal with @AmazonHelp @115821 continues
Want to pay by card there's no POS machine, want to pay cash you are forced to pay by card cuz there is no change
@115850 delivery guy decides the mode of payment
Product packaging n quality indicate complete APATHY towards customers https://t.co/DAHI9vM50Y",2317124,
1275035,418463,True,Thu Oct 26 15:32:02 +0000 2017,@117086 Quando vem Alexa pra cá ? Já estão acontecendo testes? Eu tenho muito interesse em desenvolver Skills para o público nacional,1275034,
2018635,596987,True,Sun Nov 26 08:06:24 +0000 2017,@121284 Is there a way to listen local FM channels in Echo?,2018634,
1421285,338772,True,Fri Nov 03 06:48:22 +0000 2017,@AmazonHelp Thanks for your efforts!!! It was delivered on time.,1431975,1421284.0
153603,151162,True,Fri Nov 24 16:37:36 +0000 2017,@AmazonHelp How can I request a delivery fee refund? I was due an item today which has now been delayed by a day or 2,153601,
428319,216871,True,Tue Oct 10 13:20:57 +0000 2017,@AmazonHelp I have lost faith in your company after what I did to me and my account,428316,
1195795,400969,True,Wed Oct 25 02:05:37 +0000 2017,誰かアマゾンの仕組みと使いかた教えて😂,1195793,
386447,207488,True,Mon Oct 09 12:46:41 +0000 2017,"@115850, @AmazonHelp your order deliver in Pune, Maharashtra sucks. My 4th order in two weeks which is not getting delivered...",386445,
2902639,667982,True,Tue Nov 28 18:32:00 +0000 2017,@AmazonHelp Nope it’s just me. I did look at the promo items from your cyber email but definitely didn’t purchase it - even through one click!,2902641,2902638.0
162019,153406,True,Fri Nov 24 19:07:56 +0000 2017,@AmazonHelp Ah non j’espère juste que je vais avoir un petit cadeau pour ce retard...,162021,162018.0
1251728,413623,True,Thu Oct 26 06:07:28 +0000 2017,@AmazonHelp Amazon carriers. We  had much better service before you hired your own drivers,1251730,1251727.0
2886494,800538,True,Tue Nov 28 13:29:30 +0000 2017,@AmazonHelp Ok alors il faudra le dire à votre sav :) et ce n'est que le début https://t.co/k8sbXKjGOO,"2886495,2886496",2886493.0
494866,233018,True,Fri Dec 01 18:15:44 +0000 2017,@AmazonHelp Vendido y enviado por amazon,494867,494865.0
1800831,541096,True,Wed Oct 18 01:53:19 +0000 2017,@AmazonHelp Yes ^HC checked their as well,1800832,1800830.0
2973846,819381,True,Thu Nov 30 02:25:23 +0000 2017,"@AmazonHelp 小さな個人の意見に過ぎませんが、ご検討頂けると幸いです。

現在もタブレットでの閲覧やストレージサービス等、大変便利に利用させていただいております。
今後ともよろしくお願い致します。",2973849,2973845.0
970597,350312,True,Fri Oct 27 07:51:03 +0000 2017,@AmazonHelp I have already replied on the mail guys...Please reach out to me. I am again sharing my number 9007784117,"970598,970599,970600",970595.0
2720555,763375,True,Mon Nov 20 09:18:17 +0000 2017,@115830 @115821 have been using your co for years and made my first complaint about a supplier. Was shocked by your reply 😡😡😡😡😡😡 https://t.co/j79LLOBxpQ,2720553,
1381515,441545,True,Sat Oct 28 07:16:58 +0000 2017,@AmazonHelp ポストにもないです……確認してもらってます,1381517,1381514.0
2618146,506853,True,Fri Nov 17 14:45:39 +0000 2017,"So I'm pretty sure I turned off autorenew on my @115830 Prime membership, but I've just checked my bank and they both renewed it and took the money without alerting me.  WTF Amazon?",2618144,
1100989,379760,True,Sun Oct 15 07:54:39 +0000 2017,@AmazonHelp Done.,1100990,1100988.0
1114981,383107,True,Tue Oct 24 09:22:26 +0000 2017,@AmazonHelp Just had a chat with your support person and the justification was inappropriate. It's not the solution which I am looking for.,1114982,1114979.0
2283460,663623,True,Sat Nov 11 14:01:47 +0000 2017,"@115821 Ok, it's now 3 days since the package arrived in Shakopee, MN, which is 20 miles from my house. It then took you 21`.5 hours to move it to Eagan ( miles form my house. It went out yesterday to deliver. Didn't get it. Now maybe today?","2283458,2283464",2283465.0
472378,227495,True,Fri Dec 01 21:38:50 +0000 2017,@AmazonHelp Basically I went through 3 different online customer service people just to find out because one item (in a group of items I already paid for) was holding up the shipping on the TOTAL order. I was in the process of updating my payment method and wondered what was going on.,472380,472377.0
2948126,814221,True,Wed Nov 29 16:24:45 +0000 2017,That’s 2 day shipping from #AmazonPrime. Arriving by Dec 6th when I ordered today Nov 29. I’m pretty sure that is 7 days @115821 😝 https://t.co/0b6ftAenm8,2948123,
1168477,394849,True,Mon Oct 16 07:46:35 +0000 2017,"@AmazonHelp I don't have the original packaging to return my order in, does that matter?",1168479,1168476.0
199265,162955,True,Thu Oct 05 21:54:56 +0000 2017,@130293 Me confirman que la temporada 3 #mozartinthejungle no está incluida para España?? https://t.co/V7RNKV7sws,262190,199264.0
358832,170990,True,Sun Oct 08 15:24:30 +0000 2017,"@AmazonHelp If I give negative ratings as product reviews according to my experience, Amazon mailed me it can't be posted. Why so?",358830,
2536450,721557,True,Thu Nov 16 07:56:16 +0000 2017,@171133 @115850 how to register?When i click registerit's showing like below...suggest what to do #Honor7X https://t.co/XVNtbMtBzn,2536449,
244131,168913,True,Thu Oct 05 14:49:43 +0000 2017,"@AmazonHelp As I've repeatedly told your help team, this is a business address, so deliveries need to be made before 5pm.",244133,244130.0
1115232,272829,True,Sun Oct 15 12:23:45 +0000 2017,@AmazonHelp Not working. How many times do I write down about the issue? This is outright silly!,"1115234,1115235",1115231.0
1919884,571567,True,Wed Oct 18 14:44:35 +0000 2017,"This is unacceptable @115821 @AmazonHelp.  What holiday and this is my home, not a business!!! https://t.co/ESe1g5C7wX",1919882,
2682253,754536,True,Tue Oct 31 16:53:44 +0000 2017,"@AmazonHelp En menos de 12 horas y todo perfecto, Gracias",2682255,2682252.0
2777318,214879,True,Tue Nov 21 15:52:23 +0000 2017,@AmazonHelp I got billed by Amazon after I closed my account.... I want my refund.,2777317,
126851,144475,True,Fri Nov 24 02:29:39 +0000 2017,@115850 Thanxx ☺,126850,5166.0
432866,167119,True,Tue Oct 10 15:57:00 +0000 2017,@AmazonHelp your customer care executive told that he will mail me five days ago but till now I haven't received any mail regarding invoice.,432865,
379404,206022,True,Mon Oct 09 08:39:43 +0000 2017,@AmazonHelp But what abt my offer and why should i pay more for your mistake @115850,"379405,379406",379403.0
719846,292281,True,Wed Oct 11 04:00:27 +0000 2017,@AmazonHelp I got it!!! Thanks Amazon 🙆🏻,719848,719845.0
1257782,414739,True,Thu Oct 26 07:49:44 +0000 2017,"@AmazonHelp Next day prime, I checked before I paid that it would be delivered on Friday, but as soon as the confirmation came through it said sat/sun.",1257780,1257789.0
2950886,814875,True,Wed Nov 29 16:34:55 +0000 2017,"i also ordered a watch and a boardgame from amazon at the weekend thanks to some giftcard money, i got one day delivery for it and i just got an email telling me it's not coming for another few days. amazon, truly sucking a vast amount rn",2950885,
778926,306022,True,Thu Oct 12 09:40:21 +0000 2017,@AmazonHelp Please confirm it from the order number: 404-6904383-1101941,"778927,778928,778929",778925.0
420634,215258,True,Tue Oct 10 06:58:16 +0000 2017,"@AmazonHelp @115850 Who has cancelled this pick..i did not den who?? Chck dis n do the needful 
Mob 9911561426 plz call https://t.co/svx1jt04SH","420633,420635,420636",
288192,184655,True,Wed Oct 11 08:22:52 +0000 2017,@AmazonHelp @115850 Still no update on cash back,288191,288193.0
93572,136281,True,Thu Nov 30 19:42:49 +0000 2017,"@AmazonHelp I've just checked and I haven't received anything in any of my mail boxes. I can view the code online however. I've had lots of amazon locker problems recently. Most have been minor and not very important, but it might be worth looking into given how frequently they're occurring",93574,93571.0
233469,171580,True,Thu Oct 05 11:52:02 +0000 2017,Second time in two weeks @115830 have failed to deliver when they said and now being asked for feedback on a delivery that hasn’t arrived,233468,
2281468,518427,True,Sun Nov 26 15:40:24 +0000 2017,@115821 why does my orders keep on being canceled!!!,2281465,
927534,340068,True,Mon Oct 23 19:38:21 +0000 2017,@AmazonHelp 1/2SQ? I got a response from @115850 Social Media Escalation team. Who promptly just said that faulty item is already being looked in to (ie passed the buck) &amp; the undelivered item issue was passed back to Amazon India team (passed the buck again). So no progress again.,927535,927532.0
385424,207252,True,Mon Oct 09 12:01:23 +0000 2017,@AmazonHelp Yes I'm. I would have been happier had this order not taken so long. Thanks anyway.,385426,385423.0
1343592,433363,True,Fri Oct 27 16:29:54 +0000 2017,"@AmazonHelp Non non, parfois vous me livrez en avance malgré le fait que je ne sois pas Prémium et n'ai pas opté pour une livraison rapide... tout est ok mais merci de votre attention et la qualité de votre service (j'en profite au passage). Bon continuation. Cordialement.","1343594,1343595",1343591.0
1895376,560484,True,Wed Oct 18 12:25:30 +0000 2017,@AmazonHelp Fake reasons,1895374,1895378.0
704422,288327,True,Thu Nov 23 18:16:45 +0000 2017,@116316 @120533  It appears my Prime activation (on .de) is not recognised on the FR site. I'm from BE. It activated a second subscription (which I canceled). Any solution (for shipping benefits)?,704420,
1458033,458026,True,Thu Nov 02 19:49:35 +0000 2017,"@AmazonHelp Ça fait plusieurs réclamations que je fais pour d'autres livraison où j'ai eu des soucis avec les transporteurs, ça n'a jamais rien changé",1458032,1458034.0
2936560,811807,True,Wed Nov 29 11:38:26 +0000 2017,"@AmazonHelp いつもお世話になってます！
迅速な対応、さすがAmazonです！",2936559,2936561.0
683817,283199,True,Mon Nov 20 11:28:00 +0000 2017,"@AmazonHelp Hi! Marketplace, vorauss. Lieferdatum war 10.11.; auf Anfrage bei Händler erhielt ich nur die Info, dass dieser keinen Einfluss auf Versandzeit hat.","683818,683815",683819.0
758848,301334,True,Sat Oct 07 09:17:54 +0000 2017,密林でGTS予約したけど、いつもならすぐ来るコンビニ支払いの番号がなかなか来ん…,758847,
326683,193840,True,Sat Oct 07 16:47:44 +0000 2017,"@AmazonHelp I called earlier today and was told all I could get was that free month, which I don’t need since I’m not paying for prime my parents are",326685,326682.0
179846,158345,True,Wed Oct 04 05:31:01 +0000 2017,"@AmazonHelp Although I've already share my order no, yet you are not able to track. Please initiate my refund",179845,179847.0
1721514,520965,True,Tue Oct 17 19:03:41 +0000 2017,@AmazonHelp Acho que os contos de horror vão ser uma boa já que estos em outubro..,1721515,1721513.0
2736225,766777,True,Mon Nov 20 21:52:13 +0000 2017,@AmazonHelp It's only offering me an email option? :(,2736226,2736224.0
1453767,457374,True,Thu Nov 02 14:48:23 +0000 2017,"@AmazonHelp I assume pending, as it says ""we're still trying to obtain the item"".",1453765,1453769.0
1986973,588164,True,Wed Nov 08 08:43:33 +0000 2017,"@AmazonHelp The issue has been going on for 5 months, I suggest you read the notes on the account",1986975,1986972.0
2522268,718357,True,Thu Nov 16 02:18:03 +0000 2017,@AmazonHelp Gracias. Tengo prime en mi cuenta pero cuando entro al sitio en EU dice que no tengo. No funciona así?,"2522270,2522271",2522267.0
2958536,816564,True,Wed Nov 29 19:44:31 +0000 2017,"$7K hold on bank acc, order not shipping, what gives, @AmazonHelp? Spent 4 hours on the phone, no resolution to issue, worst experience ever",2958533,
1669777,508374,True,Wed Oct 18 05:56:55 +0000 2017,@AmazonHelp por supuesto!  Quien no lo estaría?  😊,1669779,1669776.0
393553,209214,True,Mon Oct 09 16:10:05 +0000 2017,@115851 @115821 @115850 @118702 @4030 @14281 @146956 @144148 @144775 @71918 i have sent an email in this regards. Kindly look into it.,"393552,393554",393555.0
1261845,415590,True,Thu Oct 26 10:15:30 +0000 2017,All about the customer service tweets lately. @115821 package is late and I need it for my daughter’s trick or treat - tonight! #AmazonPrime,1261843,
262579,178549,True,Thu Oct 05 22:17:36 +0000 2017,Amazon Logistics in Austin is a train wreck. https://t.co/hZgrAMq721,262578,
669214,182582,True,Thu Nov 23 04:25:30 +0000 2017,@115850 Just got the parcel delivered. I was surprised to got this. Shame on you. Ordered tempered glass and instead received broken and used products. Very disappointing and disgraceful https://t.co/OEiTSHRVE0,669212,
1604109,427960,True,Sun Nov 05 11:43:58 +0000 2017,@AmazonHelp You don't need to. But you do need to help. And it's simple!  Get someone to call me.,"1604111,1604112",1604108.0
2664637,238695,True,Tue Oct 31 08:58:16 +0000 2017,"@AmazonHelp Honestly I'm not sure, could I DM the order details? I contacted seller a month ago but they said it was thru amazon but still uncertain",2664638,2664636.0
2936689,133008,True,Wed Nov 29 11:18:50 +0000 2017,"@AmazonHelp It was due to arrive on Monday but I rescheduled it to yesterday to ensure someone would be in, then got a text update yesterday saying its coming today. Messaged DPD on here and they basically said they don't know if it'll come today.",2936691,2936688.0
2824841,303850,True,Fri Dec 01 14:29:29 +0000 2017,@115821 Thanks for covering my box so my package didn't get wet from the rain. 👍👍,2824840,
2866064,796041,True,Tue Nov 28 00:26:36 +0000 2017,"Dear @115821 ,
I️ am currently heartbroken that my account has been deleted. Please restore my account . 😭 
Sincerely ,
A loyal customer",2866062,
498458,233988,True,Fri Dec 01 19:14:16 +0000 2017,@AmazonHelp Amazon logistics. (Update) livraison décalée à l'instant pour le 5 décembre max 😩 Amazon prime au top 👍🙃,498460,498457.0
2307386,669356,True,Mon Nov 13 01:14:12 +0000 2017,@115821 My transaction tonight has gone from frustrating to pure comedy. Loooost in Translation. I’m dyyyyyying. 😂😂,2307384,
884916,330129,True,Fri Oct 20 21:51:46 +0000 2017,"Pretty sure the @115821 delivery driver stole my stuff, marked it as delivered and made my day a pain in the ass",884915,
788224,186968,True,Thu Oct 12 10:25:01 +0000 2017,"@AmazonHelp Amazon delivery is very poor for “Prime members” also DO NOT BUY PRIME service , still not received product from 7 days.",788222,
437946,219037,True,Sat Nov 25 07:53:39 +0000 2017,@AmazonHelp The issue has been resolved. Thanks.,437948,437945.0
1890559,563800,True,Sun Nov 26 08:27:28 +0000 2017,自分への誕生日にあまぞんで買い物したけど届かない、ヤマト運輸ェ……,"1890558,1890560",
2353854,680137,True,Tue Nov 14 07:16:13 +0000 2017,"@AmazonHelp I am purchasing from Amazon and i think it is your responsibility to check everything . How can you charge more price ?
MRP incudes each and every tax which is levied on the item . So how can the billed amount be more than MRP ?","2353856,2353857",2353853.0
811600,313373,True,Thu Oct 12 19:38:04 +0000 2017,"@AmazonHelp Hi, my dad received a delivery card but doesnt remember ordering the package and the house it was left at doesnt have a doorbell",811597,
2367914,683414,True,Mon Nov 13 23:43:08 +0000 2017,@AmazonHelp Just wondering where these kicks are. They were suppose to be here by now. This email confuses me.,2367916,2367913.0
1572926,484859,True,Sat Nov 04 13:45:22 +0000 2017,"@121284 Didn't get any update, it's been more than a day 😕 https://t.co/huhKYWefGV",1572925,
927488,171760,True,Sat Oct 21 14:57:42 +0000 2017,"@AmazonHelp Order Number 405-1215031-3642735
If you still can't do anything, that's more than what I have come to expect from you",927490,927487.0
2808417,783236,True,Wed Nov 22 04:36:16 +0000 2017,ショートメールで架空請求が来たwwwAmazonで有料動画は見てるけど、クレカ決済だから未払いはないなぁ？？🤔,2808416,
1943835,282574,True,Wed Oct 18 15:28:14 +0000 2017,"@115850 @AmazonHelp @115851 @115850 @AmazonHelp #amazonprime 
And another email received as please REVISE PAYMENT - PAYMENT FAILED. https://t.co/uA71HOmSW4","1950104,1950105,1950106,1950107,1950108",1943833.0
1136561,387754,True,Tue Oct 24 09:26:03 +0000 2017,"@AmazonHelp @115850 
Expect delivery time was 16th Oct, still waiting for delivery after 10 days...after two assurances. 
#WorstService https://t.co/v1iwGytrQQ","1136560,1136562",
835825,318973,True,Fri Oct 13 08:26:14 +0000 2017,@115850 pd ordr hasn't bn delvrd yet# &amp;ve rcvd a delvry msg.Pls help Tracking number 184120791847 . None of d phone nos r reply,"835824,835826",
2307371,378576,True,Mon Nov 13 01:21:27 +0000 2017,"Placed an order on @117795. Got redirected to an error page. Cart is empty. Go to my Orders, no order. Go back to a product, and there's a banner at the top saying I purchased the item today. Click on the ""View this order,"" end up on an error page.

/shrug",2307369,
2843823,791131,True,Wed Nov 29 14:09:07 +0000 2017,@AmazonHelp 😂 😍,2843824,2843822.0
1567512,483730,True,Sat Nov 04 16:04:43 +0000 2017,@AmazonHelp There is no error message this is how my screen looks like when I open app https://t.co/K6NPHleFh0,1567514,1567511.0
1445492,455423,True,Thu Nov 02 15:45:14 +0000 2017,@AmazonHelp My 70yo father got CODWW2 a few weeks ago on Amazon and has  not received his activation code yet (not even in spam). Plz advise,1445490,
396004,209755,True,Mon Oct 09 18:33:47 +0000 2017,@AmazonHelp Can we focus on my question maybe? Can someone tell me if my preorder will be fulfilled?,396005,396003.0
215721,167292,True,Tue Nov 21 13:07:02 +0000 2017,"@AmazonHelp I'm on PrimeVideo in Germany, using Chrome on a Mac.",2732831,215720.0
563948,252068,True,Sat Dec 02 23:34:32 +0000 2017,@115821 really disappointed in your service at the moment.  Preordered something a week ago that was supposed to come out on the 1st of December. Got a notification that a carrier delay had occurred on the 1st and again today another carrier delay. What's going on?,563946,
2587347,733103,True,Mon Oct 30 18:00:56 +0000 2017,"Hola, @132703 por qué debo de contactar otra vez con vosotros por culpa de la oficina de Huelva que no cumple con @116928?",2587345,
240501,173123,True,Wed Oct 04 10:15:33 +0000 2017,"@115850 worst shopping app
I bought a 25 let. Water heater. They returned it without my return request and said you have already requested",240499,
2944387,813372,True,Wed Nov 29 14:50:32 +0000 2017,"@115821 I have two older Kindles (about 5yo) that are pretty much bricks (one wont charge, the other doesnt let me dl apps) ... can I return them for a discount on a new one?",2944386,
2853598,793288,True,Mon Nov 27 20:34:52 +0000 2017,Très déçu du LaMetric Time commandé sur Amazon durant le #BlackFriday Il ne démarre pas... Retour chez @120533  en espérant un échange 😥 https://t.co/1x17EJIYwd,2853595,
1905659,567854,True,Wed Oct 18 13:46:55 +0000 2017,La je crois que c’est le pire que j’ai eu même si c’est souvent n’importe quoi ! @132988 et @120533 J’étais chez moi il a pas sonné ! https://t.co/OeCKk25qGg,1905658,
526583,241864,True,Sat Dec 02 07:05:22 +0000 2017,"@115821 my packages are now back at Oakland again. This is ridiculous. Was supposed to receive some by this past Wednesday and now estimated delivery is next Tuesday, way too late.",526581,526586.0
2942096,812854,True,Wed Nov 29 13:44:40 +0000 2017,"Très déçu de la qualité de cette figurine #Destiny #FunkoPop commandée sur @120533 Cc/ @125815 😠 @37881 😠 @323714 😠 @112898

#funko | #goodies | #Destiny2 ⤵️ https://t.co/lX60xaQ30B",2942095,
71949,132143,True,Thu Nov 30 00:57:44 +0000 2017,"@116618 is such a sophisticated disaster. No app is needed, let's stay on browser https://t.co/wZlozBdl1q","71948,71950",
493419,232629,True,Fri Dec 01 16:51:46 +0000 2017,"@115830 4 days of supposed ""attempted deliveries"" really????
Ur driver is having every1 on. What's the point of being a prime cust? #wrong",493418,
1264468,416100,True,Fri Oct 27 12:39:27 +0000 2017,@AmazonHelp any update please share timeline in what time my replacement reach my home,1264469,1264467.0
1635214,500201,True,Sun Nov 05 22:14:52 +0000 2017,@AmazonHelp Thanks,1635216,1635213.0
1266478,416538,True,Mon Oct 16 05:43:48 +0000 2017,"#Amazon #AmazonGreatIndianFestival 
Its been 3 day no clue where is my parcel,pathetic customer service",1266474,
2287983,664735,True,Sun Nov 12 03:11:07 +0000 2017,"@115850 is getting worse day by day. Like an idiot I take prime subscription. Firstly they don’t deliver  the product and then message me that they attempted calling my phone and couldn’t get through. Excuse me guys accept can’t deliver in time just don’t lie.
#280 character",2287981,
2962772,817537,True,Wed Nov 29 21:10:07 +0000 2017,Bonsoir @AmazonHelp cela fait 2 fois en 1 semaine qu’1 colis via PostNL/TNT n’est pas livré car “absent” alors que l’on est présent...,2962771,
1108344,381570,True,Wed Nov 08 16:04:17 +0000 2017,@AmazonHelp Oui depuis jeudi dernier !!!,1108346,1108343.0
2588695,562016,True,Mon Oct 30 18:51:15 +0000 2017,@AmazonHelp Es suyo y lo compré con ventajas de amazon prime. Estoy en el chat y ya me están poniendo la reclamación.,2588697,2588694.0
2606135,737330,True,Mon Oct 30 20:54:12 +0000 2017,.@AmazonHelp Is there any way to put a preference on file on which shipping carriers to avoid at all costs? Like lets say @127917 ?,2606133,
1209788,403997,True,Mon Oct 16 10:27:02 +0000 2017,amazonから届くよってクロネコヤマトから連絡あったんだけど、何も覚えないんだよね。履歴もないし。これどうしたらいいん。 https://t.co/uu4FyRdaaA,1209787,
1408105,447291,True,Sat Oct 28 20:41:18 +0000 2017,@AmazonHelp 20 minutes to go!! Your tracking system is awful! I have literally stayed in all day waiting for this! Day off work! Joke!!!,1408106,1408102.0
2170875,636792,True,Thu Nov 09 12:39:53 +0000 2017,@AmazonHelp Yes I m trying from that only,2170874,2170876.0
1282243,140379,True,Thu Oct 26 18:35:54 +0000 2017,@AmazonHelp Ainda não li Gillian Flynn. 😥 Você acha que Garota Exemplar é o melhor livro pra começar? Já vi o filme e achei muito bom.,1282244,1282242.0
1429829,452071,True,Thu Nov 02 06:54:56 +0000 2017,Why was my account charger twice for amazon prime! I’m not about to play with y’all  @AmazonHelp @115821,"1429830,1429828",
936657,342047,True,Sat Oct 21 18:04:54 +0000 2017,@115821 I just had the worst experience! Told box wasn’t on truck and 5 mins after I called it showed up from same driver who lied before!!!,936656,
2414471,694013,True,Tue Nov 14 18:16:24 +0000 2017,"@AmazonHelp Oui, depuis la date de commande donc 3 jours pour mercredi, 5 jours pour moi c'est vendredi... Pas lundi 

Au final, je cherche a économiser 1€, et au final je me retrouves bien embêté pour ce week end. Un petit dédommagement ne serait pas du luxe...","2414472,2414473",2414470.0
783438,306990,True,Sat Oct 28 02:12:58 +0000 2017,@AmazonHelp Thank you I finally got my package,783437,783439.0
2378998,686038,True,Tue Nov 14 16:36:22 +0000 2017,@AmazonHelp I take it back. I just got a delivery notice for it. Thank you!,2379000,2378997.0
2723975,764057,True,Mon Nov 20 11:40:43 +0000 2017,@AmazonHelp i bought nokia 6 2 months back now it got repaired can u please tel abt nokia service centeres in chennai,2723973,
231459,171126,True,Thu Oct 05 10:22:43 +0000 2017,@115850 how u keep product of not proper quality in ur portal I wnt ur delivery boy to collect product at my home do respond nt fair(2/2),"231458,231460,231461,231462,231463,231464",
336181,174954,True,Sat Oct 07 20:33:57 +0000 2017,"@115850 
Refund of shipment charge of Rs 100/ against  order no. 4__credit_card__ is not done though you have tried to clear your deck.","336180,336182",
323701,193101,True,Sat Oct 07 16:37:48 +0000 2017,"@AmazonHelp Customer support team only says, ""Mam, we are sorry for the inconvenience.""
Didn't expect this from #amazon @115821 @115850",323702,323700.0
2184549,639853,True,Thu Nov 09 18:12:08 +0000 2017,@115830 you can not begin to understand how frustrated I am getting with your incapable call centre!!!!,2184546,
2212995,646759,True,Mon Nov 06 06:31:25 +0000 2017,あぶねー！Amazon装った迷惑メールに騙されそうになった！,2212994,
2874119,799504,True,Tue Nov 28 08:44:02 +0000 2017,@132994 @115850 @3021 Why prices of #OnePlus5T &amp; #OnePlus5 are same bcz where a new product launches then the pricing of oler one should be decreased @132995,2881307,2874115.0
153616,151166,True,Fri Nov 24 16:38:17 +0000 2017,@AmazonHelp customer service and delivery service is very poor.,153614,
422936,215713,True,Tue Oct 10 11:05:26 +0000 2017,@AmazonHelp d'accord et le mois prochain j'achète SWBF2 il sera en boite avec le code techargeable ?,422937,422935.0
2943190,813112,True,Wed Nov 29 14:14:45 +0000 2017,@120533 @132743 @132988 @9307 @5181 .@132988 livre en 5 jours (au lieu de 24h) et fini par abandonner le colis dans un point relais.,2943188,2943197.0
2899586,803292,True,Tue Nov 28 17:12:17 +0000 2017,@115850 please address this situation. It is not a matter of merely sending the wrong product. It is about accountability of delivering original products to your customers. The product I ordered is Amazon fulfilled. #amazon #amazonindia #amazoncomplaints,2899584,
2369699,683861,True,Mon Nov 13 23:08:29 +0000 2017,So someone’s amazon mail got shipped to me and I opened it and it turned out to be 2 cages for BDSM LMFAO,2369698,
917555,201764,True,Sat Oct 21 13:39:17 +0000 2017,@AmazonHelp Already shared.Kindly revert back.,917557,917554.0
2941992,812841,True,Wed Nov 29 15:19:53 +0000 2017,@AmazonHelp Deswegen schrieb ich auch: „Ich WOLLTE schon sagen...“,2941993,2941991.0
1172493,395784,True,Sun Oct 15 20:38:00 +0000 2017,@AmazonHelp my email was changed on my account without my permission and I am unable to log into my account to change the email back. HELP!,1172491,
639544,271702,True,Tue Nov 28 18:35:52 +0000 2017,@AmazonHelp This conversation is phenomenal. Honestly. There was no shipping cost. I have Prime.,639545,639543.0
131682,145697,True,Fri Nov 24 07:04:32 +0000 2017,"@115830  Not impressed, up at 6.30am and the Switch deal  with Mario is out of stock despite showing as In Stock.  While i'm on the subject a Kids console deal aimed at families deal released at midnight when most families will be in bed so the gougers get most of the stock....",131680,
1529939,474833,True,Fri Nov 03 20:00:54 +0000 2017,"@115821 ever consider an ""undo delivered"" button for delivery drivers? Dont post items as delivered when they aren't.",1529937,
2884225,800076,True,Tue Nov 28 10:46:57 +0000 2017,Amazon echoｷﾀ━━━━(ﾟ∀ﾟ)━━━━!! https://t.co/3IYxeJIuRh,2884224,
2291343,665500,True,Sun Nov 12 10:49:48 +0000 2017,"@117795 I have a query about a subscription payment I have been making to you, who can I contact please?",2291341,
388444,207922,True,Mon Oct 09 14:53:16 +0000 2017,"@AmazonHelp Vcs podiam fazer essa enquete, seria interessante.",388445,388442.0
2480632,708822,True,Sun Oct 29 21:39:42 +0000 2017,So @115830 have emailed twice to review my experience on two separate items I've ordered - once I receive them I'll let you know #Waiting https://t.co/dcNbFNwOfP,2480631,
530034,242740,True,Sat Dec 02 09:40:18 +0000 2017,試写会？以降見てなかったけどプライムでみれる！よかった〜！ https://t.co/QoLT96Y1YS,530033,
210539,165819,True,Wed Oct 04 17:38:57 +0000 2017,@115850 have some issues with my registered mobile number. Plz help,210538,
1911478,171329,True,Sun Nov 26 09:24:21 +0000 2017,"@AmazonHelp 注文確定すると金額が変わるのはなぜですかね？
どうも税抜金額っぽいですが https://t.co/ULqC4yLII6",1911476,
180161,158392,True,Wed Oct 04 03:58:45 +0000 2017,"@115850 My logitech x50 bluetooth speaker tracking id 203111266741,neither delivered at time nor showing tracking details.",180160,
868696,326264,True,Fri Oct 20 18:09:38 +0000 2017,@AmazonHelp Fuming. Prime expediated delivery. 2 days late. Open box and item been swapped. Now have to wait until monday for replacement! https://t.co/rmeAyH0Qxi,868695,
438739,164741,True,Tue Oct 10 17:35:05 +0000 2017,@115850 komparify is fraud website and Amazon promoting it . I have done dth recharge but it's done yet... u guys work with fraud???????,438737,
561738,251449,True,Sun Dec 03 21:56:06 +0000 2017,@AmazonHelp Thank you I’ll try that :),561739,561737.0
2173091,637252,True,Thu Oct 19 12:34:27 +0000 2017,Hi @115821 #AmazonPrime - can someone DM me so I can provide a phone number. I've been on ur chat help for 60+ min #frustrated #NoResolution,2173090,
538466,244838,True,Sat Dec 02 14:28:05 +0000 2017,@AmazonHelp Amazon Shipping.,538465,538467.0
2148067,308337,True,Thu Oct 19 09:58:54 +0000 2017,"Bon j’ai mon tél demain, réactif pour le coup @120533 👏🤔",2148066,
1140818,385171,True,Tue Oct 24 15:40:31 +0000 2017,@135806 Hola hoy me tiene que llegar una compra de @AmazonHelp y me sale que esta entregado y no estaba en casa,1140816,
1171445,387088,True,Sun Oct 15 14:46:12 +0000 2017,@115850 worst customer care worst of all worst than ever,1171444,
2884911,740801,True,Tue Nov 28 11:26:57 +0000 2017,"What is the point of @117634 Unlimited? I have 121 books on my Goodreads list, and NONE of them is free through this program. I've had this trial for 15 minutes, and I'm frustrated in the extreme!",2884910,
1472578,461810,True,Fri Nov 03 01:13:12 +0000 2017,Amazonがきたぁぁぁああ！！！！！ヾ(≧∪≦*)ノ〃,1472577,
2680336,553226,True,Tue Oct 31 15:38:38 +0000 2017,"@AmazonHelp Goods were ordered by my son so not sure until I check with him, but if nothing was lost it’s down to good luck rather than good judgement.",2680338,2680335.0
1832128,549703,True,Wed Nov 08 04:46:18 +0000 2017,"そうじゃんアマゾンズってAmazonプライムでみられるのか
みよう",1832127,
2276760,662156,True,Sat Nov 11 17:10:07 +0000 2017,@AmazonHelp Estoy divido entre Jon Nieve y Danerys 🙈😍 Me encantan sus personajes y la filosofía o punto de vista de cada uno. Esa humildad que tienen.,2276758,2276762.0
1185818,398830,True,Tue Oct 24 22:36:00 +0000 2017,@117086 te amo demais tá,1185817,
863816,325139,True,Fri Oct 20 17:39:01 +0000 2017,Là c'est le livreur amazon. J'dois sortir de chez moi et sortir de ma cité..,863814,863818.0
141978,148042,True,Fri Nov 24 12:33:36 +0000 2017,"@AmazonHelp How should I do this? I can't log into my account! Don't you get it?! I reset my password, but the new password is also incorrect.","141976,141980",141981.0
2725044,386939,True,Mon Nov 20 11:34:10 +0000 2017,"@AmazonHelp Hi, does the Alexa Firestick work with an HD-ready TV or does it have to be full HD?",2725041,
1721554,520972,True,Tue Oct 17 18:28:18 +0000 2017,"@AmazonHelp Hi, my #FireTv keep resetting itself while Watching films.. is there a firmware issue or is my hardware failing?",1721551,
1822289,547059,True,Sun Nov 26 07:01:20 +0000 2017,やべーAmazon echo当たっちゃった😌❤️ハーイアレクサ♬ https://t.co/PG7mmD2dfG,1822288,
2739433,767525,True,Mon Nov 20 15:52:58 +0000 2017,"No se si te amo o te odio @116875, cada día compro algo 🤔",2739432,
2392739,686479,True,Tue Nov 14 10:30:41 +0000 2017,@AmazonHelp Delivery services from Amzon is very poor and unprofessional. Very bad Amazon..,"2392738,2392740",
2318966,672192,True,Mon Nov 13 13:41:40 +0000 2017,@AmazonHelp What more do you want to know? It's all in this thread. Dozens of reviews for a baby product showed up on my books page. I asked for help using the kdp form. Received a reply stating I don't have an Amazon seller account under my email address.,2318967,2318965.0
353240,194888,True,Sun Oct 08 11:41:27 +0000 2017,@115850 No delivery attmptd No calls nothing Still getting msgs as dly failed Not the first time from Gati But did not expect from amazon https://t.co/5Tiw28tLpW,"353238,353248",
918159,337977,True,Sat Oct 21 10:10:23 +0000 2017,"@AmazonHelp having some major problems with my Firestick, constantly gong on and off, the screen size constantly switches size #frustrated","918160,918157",
2212111,646531,True,Fri Nov 10 04:28:28 +0000 2017,@115850 just read a story on quora where a phone ws delivered by u in a village  n customer ws ecstatic...keep rocking guys.,2212110,
283087,183452,True,Fri Oct 06 12:25:53 +0000 2017,"Hilarious delivery experience with @115850 , delivery boy was so   indecent.
Plz take care of it",283086,
1499883,468218,True,Fri Nov 03 14:04:14 +0000 2017,@AmazonHelp I have - countless times. There are already FOUR cases open on my account on this one issue! My account is __email__,1499882,1499884.0
332396,195150,True,Sat Oct 07 19:22:42 +0000 2017,@AmazonHelp And there you go....no reply! This is consistent with the treatment we've received,"332399,332400",332395.0
122780,143394,True,Fri Nov 24 00:08:33 +0000 2017,When one voice search for a Prime movie on a shitty underpowered @116439 stick turns into a 20-minute ordeal of crashes and reboots. #HappyThanksgiving,122779,
470068,226917,True,Fri Dec 01 07:54:31 +0000 2017,"@115830 haven’t even dispatched my Xenoblade Collectors yet and it’s due to arrive today...
Somehow I think im not getting it",470066,
2613260,706895,True,Fri Nov 17 12:59:01 +0000 2017,How sweet of @AmazonHelp to send me this chocolate hamper! Thank you so much! Unfortunately I don’t eat dairy but my friends and family are suddenly very insistent about coming over to visit 😉 https://t.co/QCGW78lMGB,2613258,
1669824,508380,True,Tue Oct 17 20:40:52 +0000 2017,@AmazonHelp Jetzt steht dort Versand in Kürze (Versand heute) dann scheint es wohl heute Nacht noch rauszugehen :),1669825,1669823.0
425171,216159,True,Mon Nov 20 18:10:44 +0000 2017,"@AmazonHelp I have bought a gift for someone and within a week, it seems to be a defective piece. But being still in warranty, I have no direction to go",425170,425172.0
2569661,728796,True,Mon Oct 30 16:34:44 +0000 2017,@AmazonHelp I selected no rushing shipping for the 5 dollar giftcard. When or how do I get that.,2569660,
2457858,703967,True,Thu Nov 16 11:51:16 +0000 2017,"@AmazonHelp Moin, ich besitze ein Partnerkonto. Bitte mal eine DM senden, dann kann ich gern meinen Namen / ID senden. Ich weiß nicht, ob und wie mein Partnerkonto verbunden ist.",2457859,2457857.0
2320268,255943,True,Mon Nov 13 19:46:32 +0000 2017,@AmazonHelp I've managed to get an address I can post it yourself but you might want to tell #Hermes as its one of their courier who told me you could post a label,2320270,2320266.0
250554,175551,True,Sat Nov 25 02:30:18 +0000 2017,@115850 pathetic service. Haven't got my stuff even after 14 days.  Surely won't use your services again,250552,
779500,306165,True,Thu Oct 12 05:47:59 +0000 2017,@AmazonHelp Évidemment !! Mais Avec un petit dossier à la presse Ca va peut être bougé,779501,779499.0
2954184,815632,True,Wed Nov 15 08:15:18 +0000 2017,"Fuming, my @115821 prime parcel is LATE",2954183,
742393,297514,True,Wed Oct 11 15:36:33 +0000 2017,@AmazonHelp Your Account &gt; Login &amp; Security &gt; Having Problems with your auth device (must have 2FA enabled),742391,742394.0
2262969,658810,True,Mon Nov 20 23:45:42 +0000 2017,@AmazonHelp @34713 I am getting the error code AMZ-99-WLR-US &amp; I've tried reinstalling the Amazon Video app already but no luck,2262968,
935841,341862,True,Sat Oct 21 17:50:19 +0000 2017,@116618 My pizza was never delivered,935840,935842.0
1733899,523623,True,Tue Nov 07 14:52:39 +0000 2017,@AmazonHelp I can DM mobile no,1733900,1733898.0
2668688,751685,True,Sun Nov 19 10:34:04 +0000 2017,@AmazonHelp to wait until Tuesday and hope that it shows up! not acceptable considering how much I pay for Prime privileges!  What concerns me is that the app and website says it was delivered but we have asked our neighbours no parcel was handed to them or us!,2668686,2668689.0
1212276,404533,True,Fri Oct 20 11:29:30 +0000 2017,@115850 thre is huge diff in wht u say and wht u do. Really disappointed with your service. stop giving promises which you cant complete,"1212274,1212277",
2438381,699420,True,Tue Nov 14 22:05:23 +0000 2017,"@AmazonHelp Seller, who I was told has now left the platform..",2438380,2438382.0
1063821,371162,True,Sat Oct 14 22:10:35 +0000 2017,"I'm about to scream

@115821 sent my CPU with a bent pin, what the fuck","1063820,1063822",
2741797,768037,True,Mon Nov 20 18:22:03 +0000 2017,"@AmazonHelp It says it’s pending, money has been taken for another product but not for this. Also, I’ve been charged an extra £4 odds?",2741795,2741799.0
1121669,384575,True,Sun Oct 15 13:13:48 +0000 2017,#amazon needs a find my delivery man. waiting in all day for my packages is not fun,1121667,
1099766,377403,True,Mon Oct 16 09:56:04 +0000 2017,@AmazonHelp Do not check further worst service #amazon.in,1099767,1099765.0
752895,298991,True,Wed Oct 11 14:15:20 +0000 2017,@115850 makes fraud to me today. it delivers me a micromax mobile phone worth ₹1000/- instead of I order MOTO G 5S PLUS worth ₹15999/-,752892,
1738987,524861,True,Tue Nov 07 16:33:02 +0000 2017,@AmazonHelp I’ve tried to cancel an order multiple times over the past week and keep getting this error message and it won’t cancel. :( https://t.co/kPUMnewRhw,1738985,
2434999,318635,True,Sun Nov 19 18:56:46 +0000 2017,@115821 how can I easily control an echo using my phone? I cannot see any way to do this and it’s bloody annoying.,2434998,
2712533,761544,True,Mon Nov 20 03:04:30 +0000 2017,"@116875 me lego una guitarra dañada, como proceden? Evidentemente quiero esa guitarra al precio que la compre, no devolucion de dinero u otro producto",2712531,
494116,222053,True,Fri Dec 01 17:07:58 +0000 2017,Slow round of applause to @115830 who just delayed an advent calendar I ordered until the 6th December. 🤔,494114,
448749,221318,True,Thu Nov 30 20:27:34 +0000 2017,Então @117086 cadê meu Kindle?,448748,
2870730,797126,True,Tue Nov 28 02:07:28 +0000 2017,Way to go @115821 for just throwing my stuff in a box with no packing material and with everything out of the wrappers. #goodjob https://t.co/lVMo6vFahI,2870728,
2252873,656307,True,Fri Nov 10 20:48:24 +0000 2017,@AmazonHelp Your customer services team are not listening and did not understand my concern  so i have one option to publish on social media. If u dont take any action i will have more option to explaining your ......,2252872,2252874.0
2811734,784055,True,Wed Nov 22 08:04:18 +0000 2017,"""Your @115830 order has been despatched (22/11) &amp; will be delivered on 18/12.""
By what? Delivery snail?",2811733,
2734352,766369,True,Mon Nov 20 18:55:26 +0000 2017,Don’t you love buying something on Amazon with free 2 day shipping so that it estimates your delivery 8 days from now @115821,2734351,
179436,158267,True,Wed Oct 04 09:52:01 +0000 2017,@AmazonHelp Maybe the beginning of the summer? Somewhere around May/June?,179435,179437.0
963671,348723,True,Sat Oct 21 22:54:38 +0000 2017,"@115830 I want to complain about an order I placed with you and was sent it, in an appalling condition!!",963670,
1601082,299564,True,Tue Nov 07 09:45:40 +0000 2017,@AmazonHelp Following your link I have not found any mail regarding the status of the order. Kindly check the photo here. https://t.co/Yv3QP3t2uz,1601083,1601081.0
1772269,532679,True,Wed Nov 08 01:50:00 +0000 2017,マウス忘れた腹いせにAmazonでマウスポチッた,1772268,
419048,214945,True,Thu Sep 28 17:35:15 +0000 2017,@115821 Aucune réponse à mes emails à ce sujet...,419047,419049.0
1724449,521581,True,Tue Nov 07 04:53:38 +0000 2017,@AmazonHelp No. According to your notice I can get help on Friday if nothing shows. Would've been faster to go spend at a store instead.,1724451,1724448.0
726341,146868,True,Wed Oct 11 05:18:30 +0000 2017,@AmazonHelp Hello! Please help me in refund process regarding order id ORDER # 406-3211100-8146769 ..,"726340,726342,726343",
182581,158935,True,Wed Oct 04 15:46:51 +0000 2017,@AmazonHelp i have sent a item back for a refund and you have charged me for the item.and it was you`re   fault  in the first,182580,182582.0
2527446,719649,True,Fri Nov 10 06:40:12 +0000 2017,"@115850 order no 403-1042587-4373145  not yet delivered; kindly expedite. Scheduled to be delivered on 2nd, couriered by you on 25th",2527442,
63138,130475,True,Wed Nov 01 21:42:39 +0000 2017,@AmazonHelp just received the munchkin nursery projector and sound system and the volume does not work.,63137,
2419460,695085,True,Sun Oct 29 12:17:35 +0000 2017,"@115850  i wanted to return my order but no one came for receive order ,, ur service is so slow, plz quick send ur agent , and refund me https://t.co/XpCaIl6704","2419459,2419461",
1684445,511896,True,Tue Oct 17 16:44:06 +0000 2017,"@AmazonHelp Oct. 18-24 way the delivery date. But the fact that my item is still in the ""shipping soon"" for a couple of days worries me",1684447,1684444.0
1250978,300095,True,Thu Oct 26 03:40:01 +0000 2017,Hey @118702 I urgently need a power bank that @115850 hasn't been able to deliver for a month. Can you please deliver by tomorrow?,"1250975,1250981",
1587325,150316,True,Sun Nov 05 00:23:55 +0000 2017,"@AmazonHelp Till when is the no cost EMI option available on one plus 5 as I don't wanna miss it , I want to buy it on exchange with EMI , resolve ASAP",1587326,1587322.0
294796,186217,True,Sat Oct 07 13:11:01 +0000 2017,@AmazonHelp last email recieved yesterday on registered email id bt no one contacted yet. screenshot attached https://t.co/65XvSmUSR4,294797,294795.0
2893173,801896,True,Tue Nov 28 15:25:20 +0000 2017,"@116090 Intelcom needs to be dropped as a courier. Late packages, unprofessional drivers, useless tracking info (it's ""out for delivery"" for two days in a city an hour and a half away from me...), and a pickup location that would be a 3 hour round trip to get to...",2893171,
2859907,794723,True,Mon Nov 27 22:24:58 +0000 2017,"@AmazonHelp Me manda a la misma página de siempre. Me lo están mandando por Amazon logistics, DHL sabe los horarios de operación y si no, ME LLAMA",2859905,2859912.0
968637,349942,True,Sat Oct 14 04:08:58 +0000 2017,@115850 CashBack of Rs 50 not received on Jio recharge of Rs 399 Order date17-Aug-2017 Order # 402-5988659-3426709 Plz credit in my a/c,"968635,968649",
2604945,737054,True,Fri Nov 17 09:39:36 +0000 2017,Amazonプライム翌日配送のはずなのにー、来なかったー(泣),2604944,
2615101,739215,True,Fri Nov 17 14:35:07 +0000 2017,@AmazonHelp Merci je vous recontacterai si besoin,2615102,2615100.0
2295303,666486,True,Sun Nov 12 00:25:42 +0000 2017,@116313 聞いてくれ、やっと昨日買ったんだよ…うちに届くんだ…すごい…,2295302,2295304.0
764143,302620,True,Wed Oct 11 21:38:35 +0000 2017,@AmazonHelp Yes,764141,764144.0
1692605,513713,True,Tue Nov 07 18:20:27 +0000 2017,"@AmazonHelp Can't find a-z, filled out this https://t.co/RT2VfIQMEm",1692606,1692604.0
2338431,676494,True,Fri Oct 20 06:45:43 +0000 2017,@AmazonHelp Thank you! Will provide proper feedback on the provided channel. Please keep up the good work,2338432,2338430.0
619958,264045,True,Wed Nov 22 17:34:14 +0000 2017,"@AmazonHelp I just did. It says you'll contact me within 12 business days! I'm leaving the country in 5 calendar days and I need those things. 

Let me know if you can help out or not within that time!",619959,619957.0
833397,318457,True,Sat Oct 14 13:58:23 +0000 2017,@AmazonHelp Again what you understand bad service,833399,833396.0
1374073,435855,True,Sat Oct 28 00:55:04 +0000 2017,"@AmazonHelp Yes, I have done that,. I have also chatted with 4 agents and talked to about 7 people today. Everyone told me a different story.",1374075,1374072.0
2051796,606788,True,Fri Nov 03 12:23:39 +0000 2017,30日にAmazonで注文した商品がいまだ届かない。お急ぎ便にしたはずなのに…,2051795,
1381488,231103,True,Sat Oct 28 06:19:54 +0000 2017,@119625  Why is the season not complete @15710  season 6. Only 10 episode out of 16?,"1381487,1381489",
492215,232312,True,Fri Dec 01 16:53:21 +0000 2017,Hola @116928. No quiero que nunca jamás me envíes un paquete por @4496. No lo aceptaré. #Gracias,492214,
575427,255396,True,Sun Dec 03 07:57:20 +0000 2017,"@AmazonHelp Already done but of no use..i paid extra for next day delivery but now the replacement is scheduled to arrive by 9th Dec and no refund of the next day delivery charges..as per you executive, the product was delivered the next day (condition doesnt matter) so it wont be refunded!",575429,575426.0
524912,241396,True,Sun Dec 03 03:10:54 +0000 2017,@AmazonHelp i have already contacted the customer care via call its not helping and saying to reorder the same product as fuck!!!! when i will get my order??? Order ID :- #408-0231829-4528313 its been 3days and still not Dispatched sort this out!!!,524914,524911.0
2376186,685382,True,Tue Nov 14 02:55:50 +0000 2017,Stupid amazon giving my package to a random person give me my game fuckers,2376185,
1743702,525934,True,Tue Nov 07 18:36:18 +0000 2017,@AmazonHelp Should I just request replacement in app? It's limited edition so don't know if you'll be able to replace it.,1743700,1743703.0
2309520,669856,True,Mon Nov 13 03:20:27 +0000 2017,@AmazonHelp once again customer service lied and I don't have my package.  I'm done with prime....,2309517,
766937,303295,True,Wed Oct 11 22:24:00 +0000 2017,"@AmazonHelp If a parcel ordered off amazon was returned to you, when/ how will  I receive my refund?",766935,
2352334,679786,True,Mon Nov 13 17:19:44 +0000 2017,"@115850 it’s really disappointing , please arrange for refund asap!! Thanks!",2352332,
1138358,388137,True,Thu Nov 02 00:32:26 +0000 2017,@AmazonHelp So y'all gonna figure this out before midnight or no? I need those packages before tomorrow morning.,1138359,1138357.0
1188607,399506,True,Wed Oct 25 06:49:22 +0000 2017,@AmazonHelp This order not showing in the link. Can see it on the app,"1188609,1188610",1188605.0
791533,171223,True,Thu Oct 12 23:48:11 +0000 2017,@AmazonHelp « aimerai bien » ne devrait-il pas s'écrire « aimerais bien » ?,791544,791531.0
659405,277015,True,Wed Nov 22 23:13:42 +0000 2017,"hey @117634, why do you CONSTANTLY fail to notice there is something wrong with the phone model called @7689 Liquid Z360s? it KEEPS crashing right after i open it. i tried to report it at your site 4 times already and it's been one month. 😠",659403,
1611882,494680,True,Sun Nov 05 12:07:35 +0000 2017,アマゾンで頼んだ、PS4 のコントローラー届いた(*´ω｀*) https://t.co/ORY8F9sYZs,1611881,
250706,175394,True,Thu Oct 05 16:52:50 +0000 2017,@115850 can’t believe amazon rejects negative delivery reviews .. only positive https://t.co/cAtfCb4fkp,250705,
986882,353868,True,Sun Oct 22 11:15:27 +0000 2017,@AmazonHelp you really don't want to give me my money back do You? Trading standards might have to take a look into your company. Theifs!!,986880,
1986317,587987,True,Wed Oct 18 18:50:37 +0000 2017,complained to an amazon seller that my book hasn’t been delivered yet and received this email???? :s https://t.co/VYmky5GDYG,1986315,
2828725,787778,True,Mon Nov 27 11:35:10 +0000 2017,Empiezan a llegar las compras del Black Friday de @116928 👌que rapidez https://t.co/VyQ8qhw6zv,2828723,
2426048,696649,True,Tue Nov 14 19:10:39 +0000 2017,"@AmazonHelp @AmazonHelp Moreover, your customer service has apparently rescinded its attempt to deliver things less late, and will now deliver things even later.",2426047,2426049.0
1481849,464074,True,Fri Nov 03 01:45:48 +0000 2017,amazonプライムでキルミーベイベーを見れることを確認してしまった・・・まじかこれ・・・,1481848,
1266405,416522,True,Thu Oct 26 15:15:55 +0000 2017,"@AmazonHelp Ok, that's what I am doing, but you can also allow us to proceed without saving the card.",1266406,1266403.0
169527,155479,True,Fri Nov 24 21:13:59 +0000 2017,"@117086 NÃO ENTREGARAM AQUI EM MINHA CASA, NO HORÁRIO PREVISTO DE ENTREGA MEUS PAIS ESTAVAM LAVANDO A CALÇADA, E AGORA AMAZON? #Aborrecida https://t.co/7Q3ly72YVs",169526,
849749,321916,True,Sun Oct 22 18:25:26 +0000 2017,@AmazonHelp yup  I asked them ! They said it will come soon ! But no response from 2 days !,"849750,849751",849748.0
800352,310708,True,Thu Oct 12 15:33:53 +0000 2017,Anyone else have issues with Amazon Prime delivering on time? I’ve been telling my kids how much they will love it-and I’m still  waiting.,800351,
533266,243541,True,Sat Dec 02 11:48:08 +0000 2017,@AmazonHelp No. It says nothing. https://t.co/Gu1gGcoMjU,"533267,533268",533265.0
994071,341369,True,Sat Oct 14 14:19:33 +0000 2017,"@AmazonHelp They said they attempted, but no attempts were made to deliver my product, neither a call or anything !!","994073,994074",994069.0
783403,306987,True,Fri Oct 27 08:51:58 +0000 2017,@AmazonHelp Delivery agent has the audacity to say he won't deliver it today for absurd reasons.,"783404,783405,783406,783402,783407,783408",783409.0
1123330,384920,True,Tue Oct 24 07:15:01 +0000 2017,thanks @115850 got my refund just now.,1123328,
1492733,466647,True,Fri Nov 03 10:09:48 +0000 2017,"@117804 Gostaria de conversar com vocês, tenho uma iniciativa e gostaria de falar com vocês, teria como?",1492732,
803035,311356,True,Thu Oct 12 16:17:07 +0000 2017,@AmazonHelp special extra gift in my delivery today 🤔🤔🤔 https://t.co/SCPpXN3zGR,803032,
627704,268661,True,Wed Nov 22 22:50:07 +0000 2017,@AmazonHelp All done already...,627705,627703.0
2386607,271571,True,Fri Oct 20 10:31:58 +0000 2017,"Hi, order status has just changed to out for delivery today. Driver must have heard me. Hopefully will deliver before we close 4 the weekend https://t.co/8os7FIEL1F",2386605,
1114385,164356,True,Tue Oct 24 03:20:07 +0000 2017,"@AmazonHelp I’m getting two different updates. One says it’s in Syracuse, NY. The other doesn’t say anything. https://t.co/G23rYdP2GI",1114383,
643826,170829,True,Fri Oct 13 10:41:12 +0000 2017,"@115850 It is the number one thief company, Amazon, whose name is far away from it, do not shop for it, customer care service is also a thief",838252,643818.0
1027505,363140,True,Sat Oct 14 17:19:35 +0000 2017,@AmazonHelp the amount of packaging for the clothes basked to the left is beyond belief! Total waste and filled half my recycling... https://t.co/ZaF3XJ0nzH,1027504,
1010798,359189,True,Sun Oct 22 21:10:24 +0000 2017,"@AmazonHelp Yes, claim opened!  @118706 rep said they don't deliver pass the 2nd flr. Wasted my time waiting 4 delivery fr  @123967. Dont use them!!!",1010800,1010797.0
2752426,770538,True,Tue Oct 31 18:23:15 +0000 2017,@115821 i buy a suit for Halloween. I’m officially deleting your app. I order it for one day delivery and won’t be here till Friday.,2752425,
2296824,664140,True,Sun Nov 12 12:32:20 +0000 2017,@115830 Thanks. You ordered my package that was supposed to be delivered yesterday by royal mail. Now I won't get it until tomorrow. So much for pre-ordering #Ts4CatsAndDogs. Don't see why you couldn't have delivered it yourselves.,2296822,
2305314,668859,True,Sun Nov 12 20:51:40 +0000 2017,@120533 bonjour avec PrimeVideo lorsque je regarde un film en vostfr les sous titres se décalent en permanence. Une solution ?,2305313,
1720104,520630,True,Tue Nov 07 07:21:16 +0000 2017,"Amazon プライム会員の得点がかなり増えてきてる🙆便利～
映画、音楽、本までも読み放題🎵
最近追加でお金払いまくってます( ﾟ∀ﾟ)人(ﾟ∀ﾟ )笑",1720103,
1021619,116750,True,Sun Oct 22 23:01:40 +0000 2017,@AmazonHelp you guys are the carrier....sucks you can't blame @115817 again https://t.co/b5d325DlrC,1021617,1021620.0
2928447,810151,True,Wed Nov 29 05:11:05 +0000 2017,@116090 how is this possible?  It's no longer the 28th!  I have a bunch of food prepared for my delivery that never came! https://t.co/qdHk9r8xaV,2928446,
1735166,523964,True,Tue Nov 07 14:05:45 +0000 2017,@AmazonHelp Yes I have,1735167,1735164.0
2318302,672052,True,Mon Nov 13 10:32:27 +0000 2017,@120540 Visto che al mio pacco Mantova non piaceva è tornato a Verona Amazon.it ce la facciamo a consegnare ???  Per fortuna che è Prime.  Deve arrivare a Varese 50 Km da Milano :( https://t.co/JSRxfBFytp,2318300,
872275,294899,True,Fri Oct 13 15:28:18 +0000 2017,"@AmazonHelp why would a Prime item take 2 days longer to deliver to my home address than an address,.4 mile away. Thx",872272,
2028458,599860,True,Wed Oct 18 21:29:19 +0000 2017,"@115821 Order #407-2108775-9443517 
#FRAUD #CHEAT #SELLER_OF_DEFECTIVE_GOOD #BULLY https://t.co/KYjMDr3lxU","2028456,2028460,2028461",
314988,159170,True,Tue Oct 10 16:55:34 +0000 2017,@AmazonHelp ALREADY 2 TIMES I HAVE ATTACHED IT,314990,314987.0
1357171,436420,True,Sat Oct 28 05:20:01 +0000 2017,@AmazonHelp Well it's after 8pm and we still don't have our order. 😞,1357173,1357170.0
513522,164195,True,Fri Dec 01 23:47:12 +0000 2017,"@AmazonHelp How many freaking times do I need to sign-in? I've checked the box, but each time I wish to check something, I have to sign in. Fix this.",513520,
2825553,787136,True,Tue Nov 28 08:55:03 +0000 2017,"@AmazonHelp u can try from your hand. 
dont waste my time .
this is the bloody shit i seen from you.
i already told 3 times that ther's no option with connect mobile number to amazon account thn why r u sent this foolish link. 
u r totally mad .",2825554,2825552.0
881030,328204,True,Fri Oct 13 16:21:12 +0000 2017,"@115850 Order id:-407-0966184-7581950
Hope u deliver my order till 10pm as promised by ur executive.@115850 or so u in court","881029,881031",877029.0
2626982,741998,True,Tue Oct 31 00:40:35 +0000 2017,@AmazonHelp I ordered a Thing 1 Thing 2 headband for my daughters Halloween costume on 10/24/17 with one day shipping. And haven’t gotten it,2626984,2626981.0
331361,194881,True,Sat Oct 07 17:51:19 +0000 2017,@15367 @AmazonHelp I purchase a running shoes bt you send me shoe in 3 parts please Akshay ji don't endorse this brand so called shoes https://t.co/OsZnmXOGVZ,331359,
2794322,779794,True,Tue Nov 21 21:21:59 +0000 2017,@AmazonHelp been on chat for 50 minutes still telling my problem after they changed! I didn’t get the item o ordered got some crappy random thing! Help 😫😫😫,2794321,
1802889,541734,True,Wed Oct 18 01:29:28 +0000 2017,@117795 I know that I cancelled my subscription but do you?,1802888,1802890.0
1239294,410695,True,Mon Nov 13 06:04:03 +0000 2017,@AmazonHelp @AmazonHelp I used amazon app to place the order as well as the return.,"1239295,1239293",1239296.0
2914593,806792,True,Tue Nov 28 23:17:53 +0000 2017,"@AmazonHelp Ya lo solucioné, ¡muchas gracias!",2914594,2914592.0
644875,273056,True,Thu Nov 23 15:22:42 +0000 2017,@AmazonHelp Good to know it. Maybe you should be auto-deleting it before people point it out to you. Since you don't check with us before sending us the new Kindle guides - whether we want it or not!,644877,644874.0
2711810,152723,True,Mon Nov 20 02:21:34 +0000 2017,"@AmazonHelp our return was dropped off at the Amazon returns location last Wednesday, but hasn't posted to our account. How long does it usually take to process:

Order #
113-5913760-3314643",2711808,
1622175,497025,True,Tue Oct 17 11:53:47 +0000 2017,"@AmazonHelp Delivery date doesn't matter: if it doesn't fit in the mailbox, post office won't deliver. Supposed to be delivered by today, which is what everything points to.",1622173,1622176.0
2662408,379533,True,Tue Oct 31 06:00:35 +0000 2017,"@AmazonHelp I hv quoted my order id above, what else u need? Provide me status here only. Mails, calls, everything done earlier.",2662410,2662407.0
135104,146436,True,Fri Nov 24 08:13:53 +0000 2017,"@AmazonHelp Re-tried Again let's see which year I will get updates.

33Days passed away for the support",135103,135105.0
292833,185739,True,Fri Oct 06 16:26:02 +0000 2017,@115850 you lost it.. 9890316605 did not deliver my product and fooled me. Worst service ever by you guys this time. Hate #AmazonIndia,"292825,292834",
1510487,389945,True,Mon Nov 06 15:24:20 +0000 2017,@AmazonHelp J’ai complété !!,1510488,1510486.0
1373192,439603,True,Sat Oct 28 00:22:00 +0000 2017,When @115821 loses not 1 but 2 of your packages in less than 48 hours. #BLESSED,1373190,
180112,158387,True,Wed Oct 04 14:19:15 +0000 2017,@AmazonHelp No use https://t.co/oXWhKy5G6m only!!,180114,180111.0
343797,197810,True,Tue Nov 07 15:35:59 +0000 2017,"@AmazonHelp I’m using the app, https://t.co/xwIrO2lHza",343796,343798.0
113729,141262,True,Thu Nov 23 20:50:59 +0000 2017,@AmazonHelp @132703 Es que no encuentro cómo.,113727,113731.0
539836,244429,True,Sat Dec 02 14:33:32 +0000 2017,"Genau @116316 dafür habe ich Prime, damit ich für 5 € Extra den Artikel einen Tag später erhalten kann. https://t.co/U7P4PBbMUB",539835,
455452,144616,True,Fri Dec 01 00:00:56 +0000 2017,"@AmazonHelp Não... Mas opções não faltam, já que comprei bastante coisa, fora outros livros que estão que foram comprados anteriormente e estão esperando!",455454,455451.0
11610,118236,True,Wed Nov 01 00:40:47 +0000 2017,"アマゾンからショートメールで
有料サイト使用による未納料金が発生してる
的な詐欺ショートメール来た！アマゾン使ってない！！！ｗｗｗ",11608,
77602,133290,True,Thu Nov 30 07:29:11 +0000 2017,"@AmazonHelp @115851 Find my reverts here as well..
@115821 @115851 @5339 

I can understand the Logistic Issue.... but what resolutions received from Customer Supports are pathetic..

So possessive for Rs.298, People Beware.. If you ordering big purchases on @115850 

@120781 https://t.co/AZThAXfGxx",77601,77603.0
2356803,680835,True,Mon Nov 13 19:18:35 +0000 2017,@115830 appalling customer service.  My account locked for a week now and I keep getting told 24hrs and it will be fixed and it isn't!!,2356802,
468865,226637,True,Fri Dec 01 06:41:11 +0000 2017,@AmazonHelp Have checked already - which is why it's worrying. Nothing relates to this charge.,468867,468864.0
1824802,547793,True,Wed Oct 18 17:06:42 +0000 2017,@AmazonHelp R u insane read the conversation then reply 😡how many time need to share details? nonsense,1824803,1824800.0
27427,122011,True,Wed Nov 01 10:04:47 +0000 2017,@120474 trying to buy 2 tickets for RAH 'You have exceeded the maximum allowed number of tickets for this event' ???,27425,
2958675,816589,True,Wed Nov 29 19:23:13 +0000 2017,@115821 bonjour comment faire pour récupérer un colis que je n'ai jamais reçus ?,2958674,
300535,187654,True,Fri Oct 06 20:13:42 +0000 2017,"Delivery instructions: leave parcel INSIDE of enclosed porch. 🤔 I guess when @115821 gives you free shipping, you get what you pay for? https://t.co/dFvSyAfeMc","300533,300536",
573996,254969,True,Sun Dec 03 06:33:06 +0000 2017,"@AmazonHelp I order a product , try cancelling it.. doesn't get cancelled..get the attached email..tried returning says only replacement..called ur customer service..they say return it on ur own. https://t.co/bg6DXiYoEi","573998,573999,574000",573995.0
1542662,477924,True,Sat Nov 04 07:35:33 +0000 2017,"@AmazonHelp 先ほど業者から返事が来たところです。返金とのことでした。もし返金が確認できないようであればカスタマーサービスを利用したいと思います。
丁寧なお返事と迅速な対応ありがとうございました😊",1542663,1542661.0
919110,338183,True,Fri Oct 13 20:32:44 +0000 2017,"@AmazonHelp Annoying when u pay for Prime, told its being delivered today and then it just changes and says between 13-17 October 😡😡😡","919107,919113",
22542,120924,True,Wed Nov 01 08:10:13 +0000 2017,Hi I returned my order and I followed the proper procedure but got back an empty dabba from post office. @115850 @AmazonHelp PFA photos https://t.co/DmP0UrEttf,"22545,22540,22546",
868681,326261,True,Fri Oct 20 18:10:05 +0000 2017,@AmazonHelp Long time Prime Member. Order not delivered in 2 Days as guaranteed! Amazon refuses to address issue! False Advertising! #Liars,"868682,868678",
1552953,314395,True,Tue Oct 17 03:37:34 +0000 2017,"@116090 what happens when you order says delivered at 11:21 am, but you for sure didn’t get any delivery and someone’s been home all day?",1552951,
579865,256570,True,Sun Dec 03 11:22:42 +0000 2017,@AmazonHelp Ya we used my credit card.. I didn't accept or allow you guys any other charges to my credit card.,579863,579867.0
1762315,326485,True,Tue Nov 07 20:25:12 +0000 2017,"So @115821 @AmazonHelp for the third time in a week I have received the wrong product. Should be 5 lug @273569 spacers, anyone see a problem? https://t.co/bt5mEvt7Ea",1762314,
419206,214980,True,Tue Oct 10 05:13:17 +0000 2017,This is the second time my @115821 order has been late on delivery &amp; I pay good money to be a prime member 😓,419205,
64034,130702,True,Thu Nov 30 07:41:28 +0000 2017,@130703 @115830 And this is how amazon deal with a request to close down an account. To bombard you with calls at half six in the morning https://t.co/l9HtnvkW67,64033,64035.0
1136548,368419,True,Tue Oct 24 09:21:06 +0000 2017,"@115850-Really bad CS and Operation team you guys have,No one here to listen you and solve the queries.",1136547,
762432,157765,True,Wed Oct 11 20:47:26 +0000 2017,"@AmazonHelp Siempre lo mismo , es lamentable","762430,762439",762440.0
1429603,452038,True,Mon Oct 16 18:04:56 +0000 2017,"@AmazonHelp, where is my package that left your facilities days ago (&amp; way too late)? Also, where on earth is a contact button on your page?",1429602,
639484,271690,True,Thu Nov 23 03:08:55 +0000 2017,"@AmazonHelp The 4-5 times contact was to your support team (customer support help) ,not the delivery boy!
Don't try to clarify me, improve support regarding your services you provide so #CustomerNeeds can be fulfilled.",639486,639483.0
391178,208622,True,Mon Oct 09 16:12:10 +0000 2017,"@AmazonHelp I ordered yesterday and was told delivery will be thursday and how that is considered ""two day"" with prime.",391180,391177.0
1582924,487192,True,Sat Nov 04 19:28:19 +0000 2017,Either I’m being thick or @115830 make it really hard to find an email address to use on their customer service section online.,1582923,
1432398,452604,True,Thu Nov 02 12:49:17 +0000 2017,"@AmazonHelp Proposed solution was to cancel and reorder ($12 higher price now, out of stock for 2-4 weeks). Less available info from CS than my app.",1432397,1432399.0
2634742,432981,True,Fri Nov 17 19:18:22 +0000 2017,"@AmazonHelp this wasn’t handed to me, there’s no card and no sign of parcel! :( https://t.co/jfqYSjB2fM",2634740,
1457369,338681,True,Thu Oct 19 03:37:26 +0000 2017,"@amazonhelp  Your website promised delivery today and charged accordingly, but UPS only has a record of a printed shipping label.",1457368,
512397,237836,True,Fri Dec 01 23:27:04 +0000 2017,@115830 your customer service used to be so good and on the ball.  Why break something that worked so well?  Friday night well and truly wasted and issue still not resolved - shockingly poor service with nobody taking responsibility or not empowered to do so.  Complaint inbound,512395,
786785,307691,True,Thu Oct 12 09:35:09 +0000 2017,@307688 @115821 @115821 @115850  @AmazonHelp  Worst service,786791,786783.0
2317942,142701,True,Tue Nov 14 18:56:01 +0000 2017,"@AmazonHelp Turns out it had gone two doors along, annoying that no card was left and app didn’t say that.",2317944,2317941.0
356669,200693,True,Tue Oct 17 08:42:38 +0000 2017,@AmazonHelp @115821 @AmazonHelp @115830 when do u plan to sort out the problem .or is stealing the only practice you are following @115851,356670,356668.0
2789141,141424,True,Tue Nov 21 19:20:51 +0000 2017,Hello is there a way to check if I'm signed up to Prime? If so it's a mistake bc I can't afford the membership &amp; I noticed my packages are coming faster than expected. No complaints just can't afford Prime if charged @AmazonHelp,2789140,
1566997,483632,True,Tue Oct 17 04:31:09 +0000 2017,@115850 : just when I thought Amazon's customer care is better than @118702. Folks from leadership team making false promises https://t.co/YPNSxAmOV9,1566995,
1493717,466867,True,Tue Nov 07 16:49:34 +0000 2017,@AmazonHelp  https://t.co/wB7DrMyoiH,"1493718,1493719",1493716.0
1124606,385171,True,Tue Oct 24 15:36:47 +0000 2017,@AmazonHelp Correos Express,1124608,1124605.0
912555,336711,True,Sat Oct 21 07:32:14 +0000 2017,Am 19. einen Hintergrund bei @116316 bestellt mit garantierter heutiger lieferung. Post da. paket nicht. Meinem Model musste ich absagen 🖒,912553,
2747166,338678,True,Mon Nov 20 22:39:44 +0000 2017,"@115851 I ordered a new $200 cable modem via prime now.    What showed up was baby wipes, butter, and chips.  The bag had my order number on it as well.   The poor delivery person called her help desk they were totally unhelpful to her. https://t.co/nlS1fB466J",2747165,
2682971,754688,True,Tue Oct 31 16:32:07 +0000 2017,😡Muy decepcionada con el servicio de @116928 10 días esperando un pedido y sin saber nada.  Así no se trata a los clientes de #prime 👎👎👎,2682969,
1172154,395712,True,Tue Oct 24 19:49:03 +0000 2017,@395713 @115821 It’s freaking insane. What a garbage service. @115817 is GARBAGE and does NOTHING to try to fix their problems.,1172153,1172155.0
1550773,479948,True,Sat Nov 04 03:32:22 +0000 2017,@AmazonHelp Thank you.I did not ask for sensingan email .Why are you saying this on day of delivery.nd your call centre people ask me to place new order,1550775,1550770.0
2129049,626733,True,Wed Nov 08 19:46:17 +0000 2017,"@AmazonHelp Bonsoir, merci pour votre réponse. Je viens de le faire, merci pour le conseil.",2129051,2129048.0
236574,172342,True,Thu Oct 05 14:37:26 +0000 2017,@AmazonHelp Sent the wrong item,236576,236573.0
644769,273032,True,Wed Nov 22 18:20:30 +0000 2017,EU TÔ TREMENDO. @117086 EU TE AMO MUITO. https://t.co/Br5xFHHmTz,644767,
989601,354429,True,Sun Oct 22 13:00:52 +0000 2017,@AmazonHelp z.B. Artikel B00XJK54SG hat das Phänomen,989603,989600.0
468786,226619,True,Sun Oct 22 11:26:47 +0000 2017,@AmazonHelp You do only lip service. I have suffered loss of Rs 5500 and mental harrassment. I want compensation for it not assurances,"468785,468787",468788.0
2166465,635843,True,Thu Nov 09 10:15:27 +0000 2017,"@AmazonHelp @116316 Please, Amazon: ""Holland"" is not the same as The Netherlands / Niederland / Nederland. https://t.co/q0ebwwtEvw https://t.co/voKCiMh1sd",2166464,
473323,227701,True,Mon Nov 27 14:58:31 +0000 2017,"@AmazonHelp Les loisirs pantouflards (films, jeux vidéo), mécaniques (ballades en voiture, sports mécaniques) et les loisirs sportifs divers (sauf sports collectifs).
Et vous ?",473322,473324.0
1107280,169505,True,Sun Oct 15 08:40:34 +0000 2017,@115850 my order was supposed to arrive by 25th sep. Item not delivered yet. After so many calls now they say the item is lost.,1107279,
1085996,376171,True,Mon Oct 23 17:58:53 +0000 2017,@AmazonHelp Still havent received said parcel that should of been here on the 19th pay for next working day recive no updates or reason why it’s delayed,1085995,1085997.0
790216,308435,True,Thu Oct 12 12:10:38 +0000 2017,@AmazonHelp I've been going round in circles with customer services since yesterday. Do you not have a fraud or revenue protection department?,790218,790215.0
1441924,454547,True,Thu Nov 02 12:36:50 +0000 2017,"@115850 Your product delivery is very bad , product not received but sms came Your Amazon order with Blue Dart Awb# 69959763510 ....","1441923,1441925",
1553288,480566,True,Sat Nov 04 08:25:07 +0000 2017,@AmazonHelp He told me he had an issue with the bike,"1560209,1560210",1553286.0
1755935,528755,True,Tue Oct 17 20:38:12 +0000 2017,i ordered amazon same day delivery for a hamper as a gift its 9:37pm it still not here,1755933,
206692,164954,True,Wed Oct 04 22:00:01 +0000 2017,@115821 @AmazonHelp You have the worst customer service..you basically stole money from us due to YOUR faulty gift card!!,206691,
2146724,631053,True,Wed Nov 08 20:46:26 +0000 2017,"Breath of the wild came in today. Not happy. Came in a Black Case with no cover art. And as a collector, it's a huge turn off. I payed $30 for the damn thing, you'd think @115821 would include a shitty print out of the cover art but NO, they didn't have the decency to do that.",2146723,
307884,189510,True,Sat Oct 07 00:39:08 +0000 2017,@AmazonHelp ... theyre attempting to retrieve it and correctly deliver it now,307885,307882.0
2622485,740905,True,Fri Nov 17 16:34:10 +0000 2017,@AmazonHelp I'VE SPOKE TO THREE DIFFERENT PEOPLE ABOUT MY REFUND AND IT IS STILL NOT THERE AFTER A MONTH. DO SOMETHING!!!!! #wtf #amazon #amazonsucks,"2622484,2622486",
1916275,322303,True,Wed Oct 18 13:26:29 +0000 2017,Amazon pay cashback offers are fake. Don't go for it. @115850 @AmazonHelp @115821,1916273,
139906,147562,True,Fri Nov 24 11:58:05 +0000 2017,@AmazonHelp I called your support team but that didn't solve my issue either I m a prime member and paid 50 extra for same day delivery Now because of a delivery agent by whom I am cheated why would I go through all the process and suffer It's not my fault. Isn't delivery agent answerable ?,139908,139905.0
1230405,204205,True,Wed Oct 25 21:24:45 +0000 2017,@AmazonHelp Yes it has and my sister emailed whoever to see if they can deliver to my new address as i made a mistake i guess &amp; selected old address..😞,1230403,1230407.0
269125,180169,True,Fri Oct 06 04:20:57 +0000 2017,@AmazonHelp ありがとうございました。,269126,269124.0
1755074,528564,True,Sun Nov 26 05:52:24 +0000 2017,"娘っちやっとバンボデビュー💕
Amazonで頼んだから足入るか心配だったけど大丈夫そう🙆よかった〜 https://t.co/qH3mdA1TNO",1755073,
557088,250078,True,Sat Dec 02 21:00:05 +0000 2017,"Hey @AmazonHelp or @133716 or @6575, is there a way I can 'gift' a digital movie to someone else's video library?","557087,557089",
725220,293715,True,Wed Oct 11 04:27:40 +0000 2017,@AmazonHelp As i confirmed with my bank.. They are denying saying no refund is been issued from amazon.. So please release a new refund amount,725222,725219.0
332389,195149,True,Sat Oct 07 17:16:35 +0000 2017,#Amazon Amazon India Thanks to start selling such type of useful gadgets. Thanks... https://t.co/tCnrvFRoxq,"332387,332394",
679889,282217,True,Thu Nov 23 07:35:25 +0000 2017,"That's how mindlessly these delivery people work. To send an amazon order from Delhi to right next door in Ghaziabad, they've first sent it hundreds of km away to Sonipat in Haryana. #amazon @115850 #Wasteofresources #wasteoftime #lackofsystem https://t.co/psTjIxdlzi","679888,679890",
2827965,787640,True,Mon Nov 27 11:24:12 +0000 2017,@AmazonHelp Any reason why the copy is pirated too !,2827964,2827966.0
2379848,123358,True,Tue Nov 14 13:08:38 +0000 2017,@AmazonHelp This doesn't work. Last time I did it. You please refund me my prime subscription. No more shopping through amazon. @115821 @115850,2379849,2379847.0
326704,193843,True,Sat Oct 07 16:47:20 +0000 2017,"@AmazonHelp I hv filled all detail but no solution.only opetion go for complain.
how is it services I m taking follow-up.
not any responses frm ur tam.",326706,326703.0
2618181,703828,True,Fri Nov 17 14:35:25 +0000 2017,"A la chingada, haré más pedidos por @116875 aunque en esta semana me hayan defraudado porque soy de esos que pone la otra mejilla.",2618179,
1185799,398823,True,Wed Oct 25 08:37:32 +0000 2017,@AmazonHelp Mañana!!!!,1185801,1185798.0
1737637,524529,True,Tue Nov 07 09:38:24 +0000 2017,Thanks @115830 for this - order a day one console but it’s not even been dispatched 😤 #XboxOneXlaunch https://t.co/E85nUoyJSi,1737635,
1286995,421025,True,Wed Oct 04 00:04:13 +0000 2017,"@AmazonHelp I can't explain in 140 c, that's why https://t.co/CjnvOPtiJ0 gave me before an email but I cant't find it now and am asking again, please.",1286994,1286996.0
1456337,458026,True,Thu Nov 02 20:11:42 +0000 2017,@AmazonHelp Oui sauf qu'il se reproduit et que je n'ai pas l'article commandé,1456339,1456336.0
2438464,699434,True,Wed Nov 15 03:37:55 +0000 2017,"@AmazonHelp I am not able to access the content and make use of prime membership. Everytime I use offline feature, things disappear n I am wasting data on this.",2438466,2438463.0
89325,135316,True,Tue Nov 28 16:24:36 +0000 2017,@119625 Black butler. Also Darker then black and Full metal alchemist were removed abruptly,89324,89326.0
1623698,497351,True,Sun Oct 29 23:40:59 +0000 2017,"@AmazonHelp It is set to amazon, still not working :(",1623699,1623697.0
2767565,773897,True,Tue Nov 21 11:16:40 +0000 2017,@AmazonHelp ギフトで貰ったので、大切に使います！わざわざ有り難うございます！,2767567,2767564.0
1657876,505840,True,Mon Nov 06 03:52:59 +0000 2017,"@115821 @AmazonHelp Why such a big box for #amazon 2 items? I ❤️my delivered items, but this huge box &amp; extra bubbles, waste of resources.🤔 https://t.co/psMsMrfJLp",1657875,
852718,322572,True,Fri Oct 20 15:37:25 +0000 2017,Hi @115830 had a delivery today part 1 is there but part 2 isn’t bit is saying it’s delivered??? Where’s my It !!???,"852717,852719",
1211749,404408,True,Wed Oct 25 12:10:00 +0000 2017,"@115850 Redmi4 Irder#403-9480867--3985962
It hs jst 1 speaker, no backlit key &amp; heating up like an oven while charging. 
Cnt get thru IVR","1211747,1211751,1211752",
970615,199336,True,Sun Oct 22 07:17:41 +0000 2017,"@115850 @AmazonHelp 
Does it take 7 days time to reach from Bengaluru to Mumbai. If i order this today ur app it can come by tomorrow? Should i cancel await refund and re-order? @42805 how are things being managed at your end? I need a response to this fiasco. https://t.co/xF8QXqbt0K","970620,970613,970621,970622,970623",
580576,243552,True,Sun Dec 03 11:27:14 +0000 2017,#AmazonIndia you guys are disconnecting my call without helping me out. Prabhu your representative said that he cannot help me and said i am disconnecting call.,580574,
1374579,439952,True,Sat Oct 28 01:03:14 +0000 2017,@AmazonHelp Super Mario Odyssey was supposed to come by 8 and now it says Wednesday even with prime and a preorder,1374581,1374578.0
2840261,790384,True,Mon Nov 27 16:26:41 +0000 2017,@AmazonHelp Amazon.in,2840263,2840260.0
2603022,736633,True,Fri Nov 17 08:36:29 +0000 2017,"Qd tu as preco Pokemon, que tu as une broncho-pneumonie et qu''@120533 t'annonce une rupture des stocks temporaire https://t.co/KSXhNILsoV",2603021,
172327,156269,True,Fri Nov 24 22:07:28 +0000 2017,@115833 can I set up a second phone on our amazon echo dot?,172324,
1402856,446169,True,Sat Oct 28 17:13:58 +0000 2017,Hi @115850 @115821 some glitches in payment system. https://t.co/SEka1hf53V,1402855,
534974,243935,True,Sat Dec 02 12:30:48 +0000 2017,"absolutely pathetic customer service from @115830 been passed around 6 different people, no continuity. Still waiting for my parcel, still no confirmation if it'll actually arrive today. Ridiculous.",534971,
1670691,508576,True,Mon Nov 06 13:10:23 +0000 2017,"@AmazonHelp I did not get any mail from your team. Further, there was no response against my mail also.",1670693,1670690.0
2299283,449287,True,Sun Nov 12 15:20:56 +0000 2017,@121284 The quality of voice recognition with #Echo India is very bad comparison to US.,2299282,
1313914,426976,True,Wed Oct 18 02:12:21 +0000 2017,@AmazonHelp Yes it was suppose to be delivered earlier today,1313913,1313915.0
2731150,316898,True,Mon Nov 20 17:28:04 +0000 2017,"@AmazonHelp Of course, how will bad products get sold then?",2731152,2731149.0
1220895,174083,True,Wed Oct 25 15:17:18 +0000 2017,"@AmazonHelp I just purchased a kindle book that was $10.99. It said on the page that it had a $3 dollar ebook credit to use, so I figured it would be $8. On my card I only had $8.02. I just looked &amp; I was charged $10.99 for the book.",1220892,
246427,158281,True,Thu Oct 05 15:47:05 +0000 2017,@115850 #amazonIN @115850 WORST SERVICE BY AMAZON AS THEY NEVER DELIVER PRODUCT ON TIME I ORDERED PRODUCT ON 23/09/2017 BUT DIDN'T GET IT TILL NOW,247469,246422.0
745108,298120,True,Wed Oct 11 16:14:48 +0000 2017,@129773 Where my shit at???! https://t.co/mDs76Sx5XD,745107,
863854,325147,True,Fri Oct 20 17:44:34 +0000 2017,"@AmazonHelp Aber die Aussage war gut 😂😂😂😂
Ich finde es gut, dass eingeschränkt wurde. Die Pseudobewertungen wurden meinem Mann auch zum Verhängnis.",863856,863853.0
1390975,443523,True,Sat Oct 28 12:27:29 +0000 2017,@AmazonHelp @115850 @115821 By when will the order fulfillment get completed ? #Day1 @115851,1390977,1390974.0
2979654,204408,True,Thu Nov 30 04:53:42 +0000 2017,@AmazonHelp Yes it was to arrive today and you do NOT promise 2 day delivery if you cannot promise that. It's NOT even December YET!  If not here tomorrow I will be contacting you again.  Very disappointed!  Hire PEOPLE not Robots please,2979656,2979653.0
1360064,437087,True,Fri Oct 27 22:49:49 +0000 2017,@AmazonHelp Yeah. Original d-date was yesterday. Amazon is the carrier. Tracking #TBA509487069000.,1360065,1360063.0
343741,516553,True,Mon Nov 06 21:20:55 +0000 2017,@117086 No momento estou estudando q não tá fácil pra ninguém.😪 https://t.co/r9kbOv4TAW,1704081,343733.0
1265719,416381,True,Thu Oct 26 12:25:46 +0000 2017,"My case ID-4070769122,since 7October trying to change my  bank account details in amazon seller account &amp; reached call center 10times.",1265718,
238115,172659,True,Sat Sep 30 15:57:24 +0000 2017,@AmazonHelp It is not just my suggestion but a whole bunch of my friends who watch.,238114,238116.0
2613251,738796,True,Fri Nov 17 13:09:02 +0000 2017,"@AmazonHelp Ok have done that, though the Echo / Alexa isn’t listed as a device or a digital device so I just choose “Other Account Issue”",2613253,2613249.0
1358065,261950,True,Fri Oct 27 19:53:34 +0000 2017,Hey @115821 if I ordered something Wednesday and it won't be delivered until Monday that is NOT 2-day shipping 😡,1358064,
2126674,626212,True,Wed Nov 08 18:56:26 +0000 2017,"Do you think this is acceptable after making me wait almost 2 days for my Xbox One X pre order?

Fuck you Amazon!

#XboxOneX 
#Amazon
@115830
@626213 https://t.co/hGH4nB48JA","2126673,2126675",
2930073,810550,True,Wed Nov 29 07:01:15 +0000 2017,@115821 @AmazonHelp,2930071,2930074.0
2288172,576393,True,Sun Nov 12 03:41:48 +0000 2017,@AmazonHelp Amazon. Com  y la fecha de entegra  fue para el 18 de sep,2288174,2288171.0
2616409,739523,True,Fri Nov 17 14:10:42 +0000 2017,@115830 How can you guys fail 3 times to deliver my stuff when I ordered hundreds in the past and got them for the same address? Shame. Cancelling my prime too!,2616408,
1719103,119624,True,Tue Nov 07 07:01:18 +0000 2017,@119625 @58582 Please upload jaya janaki nayaka full movie bro,1720545,1719098.0
2529965,446419,True,Mon Oct 30 09:46:59 +0000 2017,@AmazonHelp wisst ihr wie lange die verschiedenen Paketdienste Liefern ungefähr,2529963,
2627602,742146,True,Fri Nov 17 16:47:45 +0000 2017,@AmazonHelp Okay vielen Dank für die Antwort,2627601,2627603.0
1631621,499344,True,Sun Nov 26 03:59:18 +0000 2017,"Ordering from @115821 for 20 years and had the worst experience from any online retailer this past week. Two day shipping on items ordered LAST week, was told each night after calling them it would be delivered the next day and just informed they were “lost”. FORMER customer.",1631619,
483810,208518,True,Fri Dec 01 14:43:44 +0000 2017,@AmazonHelp you guys are starting to suck,483809,
1990150,588976,True,Wed Oct 18 19:10:20 +0000 2017,@115825 Nicht böse gemeint aber: Welcher Affe hat euch gebissen? #MrRobot Staffel 3 Zuerst in OmU? seht euch die Rezensionen an.,"1990148,1990151",
2335203,675711,True,Fri Oct 20 02:52:25 +0000 2017,@AmazonHelp USPS,2335204,2335202.0
1020921,240446,True,Sun Oct 22 22:51:25 +0000 2017,At least mine wasn’t like @240444 ? @240445 It was packed even worse in the yellow paper slip though. Late and damaged @115821 https://t.co/BbxUwPXO4d,1020919,
755017,300477,True,Sat Oct 14 16:57:05 +0000 2017,@AmazonHelp Are u guys actually trying to solve my issue by just sending the same mails again and again? U think this is fun?You'll get fun by tomorrow.,"755018,755019",755016.0
2522354,379250,True,Thu Nov 16 01:56:35 +0000 2017,@AmazonHelp Thank you. Thank you.,2522353,2522355.0
2948096,814212,True,Wed Nov 29 16:21:22 +0000 2017,"After cancelling an order it's taken me numerous calls sorting refund as amazon still took the payment😡😡 I have just found out that nobody had processed the refund even though all the advisors had said that is what they were doing. 
AWFUL CUSTOMER SERVICE! @115830",2948095,
1230408,204205,True,Wed Oct 25 20:49:13 +0000 2017,@AmazonHelp my sister told me i selected the wrong address when usin her acct 2 order bulbs for my riding mower but idk how it went through,1230407,
1290667,421820,True,Tue Oct 17 18:08:39 +0000 2017,"@116928 muy mal, realizar una compra y que te dejen el pedido tirado en el buzón sobre saliendo el paquete y no entregarlo en mano ☹️",1290665,
836171,215880,True,Fri Oct 13 19:54:18 +0000 2017,@AmazonHelp Its not helpful. Its not accepting my return request. It looks to me I got lemon instead of mobile. Looks like Amazon is no more caring cust,836173,836168.0
417017,214490,True,Tue Oct 10 02:28:39 +0000 2017,@115850 Gave my first order through Amazon pay but I'm yet to receive the 450 Rs cash back due. It's been more than 72 hrs. Help please!,"417016,417018",
1152517,140026,True,Thu Oct 26 20:39:22 +0000 2017,@117086 Não acredito que perdi! Preciso com urgência de um e só vi hoje a promoção. Vou chorar... :(,1292079,1152515.0
2705703,759894,True,Sun Nov 19 23:02:21 +0000 2017,Really hoping  @115821 didn’t ship my order to the wrong building 😒,2705702,
665624,278566,True,Thu Nov 02 14:11:42 +0000 2017,@AmazonHelp I am more angry about the appalling service than I am the package being late! Right now I hate Amazon and refuse to purchase from you again!,665623,665625.0
227041,158923,True,Thu Oct 05 07:43:59 +0000 2017,@AmazonHelp What is this ? @115821 @115850 @120781 https://t.co/JEWorPG5tb,227043,227040.0
1727932,522521,True,Tue Nov 07 11:57:14 +0000 2017,"@AmazonHelp Ai, llamé a seur y me confirmaron que harían la entrega. Gracias y disculpe las molestias",1727933,1727928.0
549458,222541,True,Sat Dec 02 18:29:40 +0000 2017,@AmazonHelp how do I leave delivery feedback for Amazon Logistics?  They’ve said no access to shed as requested and left it in the open in the rain.  There is access to back garden and a shed via a gate if they had tried.  They usually manage no problem?? https://t.co/M3lP9sDBjQ,549456,
1100546,152483,True,Sat Nov 25 23:16:04 +0000 2017,@AmazonHelp Ein niederländischer VPN hat's gerichtet. Die deutsche IP von @75 mochte der Server wohl nicht :/,1100547,158704.0
644816,140382,True,Wed Nov 22 17:55:22 +0000 2017,"Really wish I knew what's changed @115821 over the last few months, their customer service has just gone to pot! Can't even get a reply to asking how to complain @AmazonHelp",644815,
2361831,302782,True,Mon Nov 13 21:08:54 +0000 2017,@AmazonHelp No I didn’t.,2361830,2361832.0
1644687,502599,True,Mon Nov 06 00:56:16 +0000 2017,I wonder if Amazon is getting tracked by spammers and sending me spoofing emails about great product and deals. It seems it happens every time I order stuff from @115821,1644685,
2545403,723493,True,Thu Nov 16 13:46:20 +0000 2017,"Amazon Echoキター(((o(*ﾟ▽ﾟ*)o)))
未来楽しいー^_^ https://t.co/wNox2MKDUq",2545402,
1735601,524033,True,Tue Oct 17 19:30:51 +0000 2017,@115821 does the new @117634 waterproof Oasis have a leather charging cover?,1735599,
863851,325146,True,Fri Oct 20 17:07:00 +0000 2017,@AmazonHelp I need help unlinking my amazon account from my @119038 account,"863852,863850",
948846,345020,True,Mon Aug 07 07:25:23 +0000 2017,@AmazonHelp ご丁寧に回答ありがとうございます。国外での配信について、よくわかりました。国内でダウンロードしておきたいと思います。御礼申し上げます。,948845,948847.0
2704135,143578,True,Sun Nov 19 05:00:19 +0000 2017,@116875 esos de Amazon me quedaron mal con un envío prime de mi ps4 pro tsssss uno confiando en ellos y puras fallas,2704133,
1328591,424348,True,Fri Oct 27 12:18:49 +0000 2017,The @AmazonHelp email response to my ongoing late order issue is to let them know if the order doesn't arrive by day 5! When it's 150% late https://t.co/Ecte0bceoj,1328589,
2918669,807844,True,Wed Nov 29 00:31:48 +0000 2017,My glass Christmas ornaments arrived from @115821 today. Not impressed ... https://t.co/rotIs9ALVr,2918668,
1481854,464075,True,Fri Nov 03 02:12:26 +0000 2017,@AmazonHelp 迅速な返答に安心しました。ありがとうございます。気長に待って見ます。,1481856,1481853.0
641818,119036,True,Sun Nov 19 12:40:29 +0000 2017,@AmazonHelp I've just received this email - but the return date was earlier this month?! https://t.co/YWeNlll0S2,641817,641819.0
2888262,800873,True,Tue Nov 28 13:53:40 +0000 2017,@AmazonHelp At The Same Time We can use 2 sim and one memory card??,2888266,2888258.0
1457946,458395,True,Thu Nov 02 20:53:40 +0000 2017,@AmazonHelp Tomorrow the 3rd,1457947,1457945.0
2294188,666193,True,Fri Oct 20 06:55:35 +0000 2017,@AmazonHelp https://t.co/CqsXbGlYmn,2294189,2294187.0
247455,174795,True,Sun Oct 01 13:39:35 +0000 2017,"@AmazonHelp I have written to them by my registered ID. 
Still waiting for response",247454,247456.0
1365435,437907,True,Fri Oct 27 21:42:06 +0000 2017,"@AmazonHelp hi, der Lautsprecher meines Echo dots scheint kaputt zu sein. Die Ausgaben klingen irgendwie flacher und einfach falsch","1365436,1365434",
418811,214890,True,Tue Oct 10 05:05:46 +0000 2017,@AmazonHelp Call me at 9560071223 I have been calling u from last 10 days. u are giving different excuses,"418818,418819",418809.0
264437,179013,True,Wed Nov 08 07:59:33 +0000 2017,"@AmazonHelp package status is delivered, package has not arrived. third time i've had this issue when ordering Prime Now.",264439,264436.0
777586,305636,True,Thu Oct 12 03:29:39 +0000 2017,"@115850 
My order isn't delivered but the status shows as delivered. Your Amazon.in Order # 405-3229527-3301900","777583,777587,777588",
762416,302173,True,Wed Oct 11 21:14:10 +0000 2017,@AmazonHelp Thank you :) I've filled the form. Thanks for the quick reply!,762418,762415.0
895940,332769,True,Sat Nov 25 10:19:47 +0000 2017,Bloody love @115830 Prime! All of Adams Christmas presents ordered and delivered within days 👌🏼👏🏼,895939,
2624493,707594,True,Mon Oct 30 21:03:56 +0000 2017,Gee @115821 @AmazonHelp thanks for the ant egg infested shipment. You gonna call pest control for me? @100778 https://t.co/Ci6tnU3kdr,"2624494,2624492",
415424,214057,True,Tue Oct 10 02:15:00 +0000 2017,@AmazonHelp I did that as well. Service engineer visit is scheduled for today at 1 pm. I am phone less. I need my phone back today itself.,415426,415423.0
865654,325568,True,Fri Oct 13 14:54:55 +0000 2017,@115821 @AmazonHelp yall gonna take a look at this?,865653,865655.0
1534964,475995,True,Fri Nov 03 23:52:58 +0000 2017,Thanks @115817 for leaving a $350 package unprotected in the rain. 😡 @115821,1534963,
319075,190856,True,Sat Oct 07 10:55:24 +0000 2017,".@115850 .@AmazonHelp for the tracking #209115868776 , the agent with #7899798858 is not reachable, waiting since 0900 morning. 😡😡","319073,319076,319077,319078",
218123,168002,True,Thu Oct 05 13:03:49 +0000 2017,@AmazonHelp 認証キー届きましたのでご報告します。,218125,218122.0
2549847,499262,True,Mon Oct 30 14:50:25 +0000 2017,"@AmazonHelp That worked, kind of -- instead of just updating those 2 pictures, it added my entire library :(",2549848,2549846.0
611172,265310,True,Wed Nov 22 12:33:16 +0000 2017,Se le persone fossero oneste come la puntualità di @120540 nelle consegne....allora si che sarebbe un mondo migliore!!! #pensierodelgiorno #22novembre #moodoftheday,611171,
537573,182211,True,Sat Dec 02 13:18:47 +0000 2017,Finally today I've sent an invitation for Amazon Echo Dot &amp; now waiting for the confirmation mail from @115850 so existed can't wait to get the hands on it :),537571,
430032,217267,True,Fri Oct 13 17:12:27 +0000 2017,@AmazonHelp Please don't lie. I continued. I founded 5-6 clue within a minute but everytime you lied. Shame. First and last time I played.@115850,430034,430031.0
470794,226944,True,Fri Dec 01 07:56:41 +0000 2017,@115850 Amazon is fraud company,470792,
1521756,449726,True,Tue Oct 17 00:45:04 +0000 2017,@115821 Like I’ve never had an issue with their delivery people but this guy legit made me uncomfortable :/,1521755,1521757.0
2943213,813115,True,Wed Nov 29 14:32:04 +0000 2017,"@AmazonHelp j'ai commandé un colis, choisis un point de collecte, qui a été modifié et on me demande un code pour y accéder, que nous n'avons pas.
Le conseiller après 35 min d'attente nous dit que le nécessaire sera fait dans la ""journée""",2943215,2943212.0
1248971,413036,True,Thu Oct 26 02:57:26 +0000 2017,@AmazonHelp Hoy,1248973,1248970.0
1284496,420469,True,Tue Oct 17 16:23:31 +0000 2017,@AmazonHelp 7009059733 check detail,"1284498,1284499",1284495.0
1372697,439472,True,Sat Oct 28 00:09:57 +0000 2017,Order release date delivery games from @115821 for the discount but it's not worth it if I don't get the game on release day. https://t.co/LZaqS0kW8S,1372696,
1912054,392384,True,Sat Nov 25 14:00:27 +0000 2017,How does a package arrive at the carrier facility &amp; immediately get lost?! @115821,1912052,
2545392,723491,True,Thu Nov 16 13:59:04 +0000 2017,@AmazonHelp I sure hope so. Thanks for the prompt reply.,2545394,2545391.0
420467,179064,True,Tue Oct 10 05:45:32 +0000 2017,@115850  order# 406-6387419-0680305 was to rch on 6th Oct. Didn't happen.Last assured dt was 9th Oct. Still not rec'd. #Horrible service!!,"420466,420468,420469",
1390710,443480,True,Sat Oct 28 12:01:34 +0000 2017,"@AmazonHelp Das war ja schon die Antwort eures Kundendienstes. 😉 Ich hoffe, euer Nachforschschungsauftrag bringt das Paket ans Licht. Viele Grüße. 😊",1390712,1390708.0
1368163,438503,True,Fri Oct 27 22:26:44 +0000 2017,@115830 how do I obtain a refund for items not received seller continues to lie to me 3 weeks after items due #Amazon #fraudulentseller,1368160,
2499113,250919,True,Wed Nov 15 18:54:12 +0000 2017,Hope the #OnePlus5T is available with #NoCostEMI from @25605 on @115850 at launch for #AmazonPrime members @15561 @149087,2499111,
1014739,360103,True,Tue Oct 24 10:43:18 +0000 2017,@AmazonHelp Which email u send,1014740,1014737.0
1137374,387911,True,Wed Oct 25 13:45:00 +0000 2017,@AmazonHelp Got the cashback. Thankyou.,1137375,1137373.0
2142162,158494,True,Thu Oct 19 10:21:19 +0000 2017,@AmazonHelp Return and issued refund that too against Amazon policy @115851 @115850 knows that are looks like they just fooling #jokers,2142163,2142161.0
1107228,381321,True,Sun Oct 15 09:23:44 +0000 2017,Pedí una cosita en @116928 el 3/10 y decían que llegaría el 6 u 11 pero no llega🙄 Además no me han dado ni el número de seguimiento 😤,"1107226,1107235",
1559884,392111,True,Sat Nov 04 13:50:06 +0000 2017,@121284 This skill already exists for Amazon echo in US. Why can't I get it here ???,1573597,1559883.0
656041,276067,True,Wed Nov 22 22:40:33 +0000 2017,"let me have a true millennial moment here and complain that the package i paid extra to have overnighted from @115821 is still not here and doesn't even say out for delivery despite ""being on the way, delivery by 8pm""",656039,
2124840,625781,True,Wed Nov 08 18:49:04 +0000 2017,@AmazonHelp And I am more than intrested to add a few skills myself. Looking to contribute myself. Cheers.,2124841,2124838.0
1652061,504450,True,Mon Nov 06 07:35:09 +0000 2017,@AmazonHelp This is seriously not done i am a regular customer of Amazon now I am in doubt of the pricing on Amazon,1652063,1652060.0
1867292,557821,True,Mon Oct 30 10:41:54 +0000 2017,"昨日、長男さんの誕生日プレゼント用にAmazonで加湿器注文したけど、支払い番号のメールが来ない。
(இдஇ; )
いつメールくれるのかな？
早く支払いしたいのに…",1867290,
78766,133569,True,Sun Nov 19 12:28:51 +0000 2017,@115850 should introduce postpaid bill payment on amazonpay. Not only prepaid recharge. #PostpaidOnAmazonPay,"78765,78767",
2721684,763619,True,Mon Nov 20 10:59:51 +0000 2017,@AmazonHelp Not at all I'm afraid. I pre-ordered on the 16th.,2721685,2721683.0
1843574,552384,True,Sun Nov 26 07:52:47 +0000 2017,@AmazonHelp said rearranged for 25th as arranged firstly there was no tracking status for the 25th after no delivery on 24th  with a joke,"1843576,1843577",1843573.0
2662764,750435,True,Mon Nov 20 04:39:23 +0000 2017,"@AmazonHelp Service center guys are saying this is a 3G phone and 4G will not work on this, @115821 @115850 has mentioned it as 4g phone, you guys have to contact @AmazonHelp for all help. This is the update i get from service center","2662765,2662766",2662762.0
688576,284507,True,Sat Nov 18 14:01:31 +0000 2017,@115850 My name is Deepak Rana .Amazon company. I am go to consumer court.,688574,
1398844,445296,True,Sat Oct 28 16:20:18 +0000 2017,"#AmazonLogistics Stop using Chi USPS for deliveries! Undelivered package marked as delivered at 11:30pm, system is corrupt! #amazon #usps",1398841,
480508,229192,True,Fri Dec 01 20:42:03 +0000 2017,@117086 Olha que lindo! @AmazonHelp @117086 ❤️ https://t.co/aH9oRyXXEo,504978,480507.0
2061649,197650,True,Sun Nov 26 11:52:46 +0000 2017,Wow @115830 standards are slipping. Last wk you lost my parcel &amp; this week you leave one here. Despite deliver to neighbour instructions 🙄 https://t.co/zK7TQZkwFj,2061648,
384203,206997,True,Mon Oct 09 11:04:13 +0000 2017,Últimamente estoy super descontenta con los envíos de @116928 . Me tendría que haber llegado un pedido el viernes y al final llegará hoy.,"384201,384204",
2427464,697000,True,Tue Nov 14 19:57:41 +0000 2017,"#amzl_us You Suck! I oredered my pkg through prime 1day shipping, that was a joke!got within 2 miles of my house that same day, 4 days later and im still waiting for a pkg 2miles away! so i just had to cancel that order and reorder one day Hmmm will it arrive today, doubt it!Grr",2427463,
2582462,731870,True,Fri Nov 10 16:38:59 +0000 2017,長らく密林さんを利用していて勿論ﾏｰｹｯﾄﾌﾟﾚｲｽのものも良く買うんだけど、こんなに待たされてるのは初めてだ。支払い済んで半月以上経ってるのに連絡もない。,2582461,
1520088,472561,True,Tue Oct 17 00:54:43 +0000 2017,"@AmazonHelp Gracias, espero y tener pronta respuesta",1520089,1520087.0
476182,228191,True,Fri Dec 01 10:43:58 +0000 2017,"@115830 I recently got a kettle from yourselves, it broke &amp; you sent a replacement.  The replacement has broken now as well. Clearly a fault with these items.",476181,
284052,183649,True,Fri Oct 06 13:28:34 +0000 2017,"@AmazonHelp in his words he ""cannot able to send you confirmations saar"". He would not let me speak to superiors, nor would he send me a confirmation.",284054,284050.0
348351,198930,True,Sun Oct 08 07:03:39 +0000 2017,"@AmazonHelp Still saying arriving today, it was a birthday present. Had nothing from Amazon to say it'll be late only by me checking my order tracking..",348353,348350.0
183325,159110,True,Wed Oct 04 11:25:59 +0000 2017,@115850 please add #discover card to make payments,183324,
2847457,244127,True,Mon Nov 27 18:03:34 +0000 2017,"@120533 Comment dois-je demander une réponse? Plus de deux semaines, j'ai perdu du temps et de l'argent et je ne réponds plus aux messages. Son attention est très mauvaise. Ils ne devraient pas traiter leurs clients comme ça.",2847454,
2389810,688454,True,Tue Nov 14 08:40:48 +0000 2017,ちょうどAmazon利用した次の日に身に覚えのないメッセージが届いて、怪しいと思いAmazon（正規）のカスタマーセンターに連絡したらどうやら偽物だと言われ、ググったら闇金？みたいなとこの電話番号でした。みなさまも詐欺にはお気をつけ下さい。 https://t.co/76qUWaZNED,2389809,
2449459,702043,True,Wed Nov 15 02:39:59 +0000 2017,Omfg I spent $16 for a one day shipping to an address thats not even my address. Can I get a refund on that @115821?,2449458,
2176650,638020,True,Thu Nov 09 15:03:57 +0000 2017,@115830 Seriously Amazon? This is how you ship a hard disc? https://t.co/17etvIGa7T,2176649,
1470359,123478,True,Mon Oct 16 20:51:58 +0000 2017,@AmazonHelp Quem Me Roubou de Mim? do @60878 é um livro muito forte.,1470360,1470358.0
1037404,365409,True,Sat Oct 14 18:53:54 +0000 2017,@AmazonHelp  https://t.co/IC61jJKAgY,1037406,1037403.0
477767,228494,True,Fri Dec 01 11:40:46 +0000 2017,Why don't u guys put Punjabi movies on Amazon Prime Video ?  @115850 @117795 @116618,477765,
439133,206029,True,Wed Oct 11 10:09:45 +0000 2017,"@AmazonHelp Everytime with every package, I am getting the same issue... Tracking conflict....👿👿👿
@115850 @AmazonHelp",439131,439135.0
2783129,777165,True,Tue Nov 21 17:45:19 +0000 2017,"@AmazonHelp Ok perfecto, muchas gracias. Sin los mejores !!",2783128,2783130.0
523381,223605,True,Sat Dec 02 04:52:40 +0000 2017,@AmazonHelp Said be patient. Rep said he contacted UPS and an attempt would def be made today. sent a link to contact again if not delivered by 12/2.,523379,523382.0
2376171,685379,True,Tue Nov 14 03:04:50 +0000 2017,@AmazonHelp iOS,2376173,2376170.0
780886,306432,True,Fri Oct 13 14:12:20 +0000 2017,"@AmazonHelp @115850 Guys, you tried to call. I missed your call. You may call now or let me know and I can call back",780887,780885.0
2944281,738460,True,Wed Nov 29 15:44:19 +0000 2017,"@AmazonHelp C'est fait ✅ Vous pouvez éviter le ""nous vous prions de nous excuser pour la gêne occasionnée, une enquête blablabla"" Après 9 commandes non livrées je doute que vs soyez en mesure de faire quoique ce soit. ✌🏼",2944282,2944280.0
2013756,595450,True,Mon Oct 30 19:21:54 +0000 2017,@AmazonHelp No I have not and I’ve been waiting around and tracking the driver who according to the app was outside my building but never buzzed up.,2013754,2013758.0
2161980,634844,True,Thu Nov 09 06:35:41 +0000 2017,"@AmazonHelp Nov 7- Nov 9. Based on its location, the package seems to be on track now to be delivered the 10th. Still frustrating that I'm having to wait this long for two day shipping though.",2161979,2161981.0
1588077,488427,True,Sat Nov 04 23:00:34 +0000 2017,All I want is to purchase the mp3 download of @142136 Gunslinger album on @115821 and the website won’t let me!!! #sofrustrating,1588076,
1184680,398592,True,Tue Nov 07 07:17:22 +0000 2017,"@AmazonHelp think I was sold a #fake - recently bought item on left, to replace previously bought item on right. Both from @115830 https://t.co/WUktlDTEit",1184678,
841748,320244,True,Fri Oct 13 13:57:57 +0000 2017,@AmazonHelp Amazon Pay is pain of my ass now..dey r nt retrng my money in my bank account..every time some new person replies with same old answr..,"841749,841750,841751,841752",841732.0
1278109,347698,True,Thu Oct 26 16:16:33 +0000 2017,@115821 @AmazonHelp #amazonhacked #amazonaccounthacked My account has been hacked AGAIN! https://t.co/W3rsgiXP3h,1278107,
1195115,400840,True,Wed Oct 25 02:11:11 +0000 2017,"Amazon still says my order is out for delivery, but I don't think any trucks are coming around after 10pm",1195114,
418802,214888,True,Tue Oct 10 04:52:29 +0000 2017,@AmazonHelp i has sent a message to Amazon.. please reply it :),418804,418801.0
198007,162540,True,Wed Oct 04 13:48:14 +0000 2017,"@AmazonHelp Hi its been so many days, when will u refund? No support yet.",198005,198009.0
1740766,525205,True,Sat Oct 28 23:35:35 +0000 2017,Amazon is literally the worst site ever @115821,1740764,
2899657,229449,True,Tue Nov 28 17:36:04 +0000 2017,Gracias @116928 @AmazonHelp por retrasarme la entrega de otro paquete.....,2899656,
1403334,446275,True,Mon Oct 16 16:33:55 +0000 2017,@115830 can someone help with an email I have received for an order confirmation I didn't place? Not sure if it's fraud email,1403332,
2919856,236020,True,Wed Nov 29 00:55:10 +0000 2017,@AmazonHelp can you add more than one google account to Alexa for calendars?,2919855,
2347817,678745,True,Mon Nov 13 16:20:39 +0000 2017,"@115821 How can I download The third policeman, by Flann O'Brien, on my Iphone? I can on my laptop but not on my phone",2347815,
1612484,494812,True,Mon Nov 27 12:22:02 +0000 2017,@AmazonHelp Thank you very much Amazon for resolving the issue.,1612486,1612483.0
1356351,178050,True,Fri Oct 27 19:13:47 +0000 2017,@115821 once again my item was misdelivered because you cannot get the address label printed correctly. I've talked to CS many times!,1356345,
644826,273043,True,Wed Nov 22 17:33:53 +0000 2017,@AmazonHelp my order is out for delivery through your Pass My Parcel service &amp; according to tracking it's due to be delivered before 8pm...yet it's not even out for delivery yet! What's going on guys!? HELP,644825,
1423804,298336,True,Thu Nov 02 09:56:42 +0000 2017,@AmazonHelp DO NOT MAKE ME FOOTBALL BETWEEN .IN &amp; .COM.  ITS YOUR INTERNAL MATTER HOW COME THE AMOUNT OF RS 711.07 GOT DEDUCTED ON 14TH OCT,1423803,
219193,168275,True,Thu Oct 05 02:59:52 +0000 2017,@AmazonHelp Oct 3.,219195,219192.0
1403985,408415,True,Sat Oct 28 18:11:47 +0000 2017,"@AmazonHelp Well, it's happened again! Yet another one of my orders messed up by Amazon; and this time they've really screwed me over!","1403983,1403986",
1078326,182872,True,Sun Oct 15 01:00:20 +0000 2017,"Worst company.. No expectations..!!! No response. #AmazonGreatIndianFestival 
#AmazonIndia #CEOAmitAgarwal #amazonindiahead #consumerrights",1078324,
1412557,292693,True,Thu Nov 02 01:09:13 +0000 2017,"@115821 Busco trabajo",1412556,1412558.0
2663776,750624,True,Tue Oct 31 09:01:20 +0000 2017,@AmazonHelp This doesn’t help at all since I can’t see the order,2663777,2663774.0
765742,303005,True,Sat Nov 25 09:50:37 +0000 2017,@AmazonHelp @115850 apparently that Amazon delivery person number belongs to some 'Chappal Wala' n when I take this issue up wid customer care they cancel my order reason (non payment) seriously ? It's COD order n non payment ?,765744,765740.0
2603849,736816,True,Fri Nov 17 09:47:20 +0000 2017,"@AmazonHelp But why so delay for fefund
Its already passed 15 days.",2603848,2603850.0
808102,307419,True,Thu Oct 12 18:04:38 +0000 2017,@AmazonHelp I am not sure whether I will get my products that I ordered. My orders status is not at all changing.,808101,
2690697,756425,True,Sun Nov 19 16:00:42 +0000 2017,@115830 You sent me a cheaper alternative product not described as advertised. Now your telephone operative has had me on hold - total silence for 10 mins. Great customer service!,"2690698,2690695",
126044,144283,True,Fri Nov 24 02:34:01 +0000 2017,"@AmazonHelp oi
quanto tempo pra receber o email de confirmação de uma compra? to nervoso",126043,
1766872,325125,True,Tue Nov 07 22:10:20 +0000 2017,@AmazonHelp I've located it. You gave it to the wrong people. Now it and they are gone.,1766874,1766871.0
95429,136750,True,Thu Nov 30 16:03:14 +0000 2017,@AmazonHelp Più con Poste che con voi: un pacco risulta ritirato all'ufficio postale ma non è stato davvero ritirato.,95431,95428.0
459028,224013,True,Fri Dec 01 01:03:44 +0000 2017,Amazonを名乗るアドレスから、携帯メール(SMS)で有料料金未納につき法的に訴えるという、よくある詐欺メールが来た。ご注意ください。,459026,
1033189,364444,True,Mon Oct 23 05:37:33 +0000 2017,"@120781 @115850 
Item not rcvd. Refund not rcvd aftr 1 mnth which is causing me immense mental pain and agony. Expctd btr frm Amzn https://t.co/IqvaxdYoES","1033188,1033190,1033191",
2938365,812194,True,Wed Nov 29 13:37:15 +0000 2017,"@AmazonHelp I think it was another seller. I bought this initially on prime but it took nearly 5 weeks to arrive and came with a Chinese postage label, no mention of it being from China at the time of purchase! https://t.co/pPHXTD53zU",2938367,2938363.0
318269,191940,True,Sat Oct 07 09:11:50 +0000 2017,@AmazonHelp you claim to be the best in industry and take 15 days to deliver a package! You lost me today and are loosing fast. https://t.co/GXliOFETb8,318268,
69707,131792,True,Thu Nov 30 10:48:22 +0000 2017,@AmazonHelp We've asked neighbours and checked everywhere and it has not been delivered!!!!,69709,69705.0
124075,143748,True,Fri Nov 24 01:10:48 +0000 2017,"@116875 buenas noches, me gustaría saber cuál es el estado de un pedido, mañana es el día límite de entrega y no he recibido ningún tipo de información al respecto. Gracias",124074,
1554930,480887,True,Sat Nov 04 11:49:50 +0000 2017,@AmazonHelp Not much use I’m afraid - unless I’m doing something wrong? https://t.co/oyILg7mm25,1554932,1554929.0
1220897,174083,True,Wed Oct 25 16:03:57 +0000 2017,@AmazonHelp Not there https://t.co/IPLFF3sIzE,1220898,1220896.0
1680959,511106,True,Mon Nov 06 16:10:55 +0000 2017,@AmazonHelp Ni la atención telefónica puede acceder a mi cuenta.,1680962,1680958.0
1562852,482671,True,Sat Nov 04 10:20:51 +0000 2017,サバゲー装備がアマゾンさんから届きました！貯金したかいがありました！質感最高です！ https://t.co/yg9Q4LjwxN,1562851,
1111548,382358,True,Sat Oct 14 05:39:28 +0000 2017,Amazonに注文したブツが届かない･･･と調べたら、中国から送られてくるそう～5日頃着予定でまだ未着だけど、どーなっとんや!!,1111547,
1357643,313517,True,Mon Oct 16 17:02:16 +0000 2017,"@AmazonHelp How tough it is to understand that I already replied. Doesn't matter how many times I ask, I will say the same.",1357644,1357642.0
2028479,496689,True,Wed Oct 18 21:23:09 +0000 2017,I just cancelled all of my @115821 Subscribe &amp; Save subscriptions due their new delivery service.,2028478,
1714312,519130,True,Tue Nov 07 02:43:20 +0000 2017,"ゲーム届いたー！！！
はやい！さすがアマゾン！！！！！",1714311,
2786297,777903,True,Tue Nov 21 18:14:54 +0000 2017,"@AmazonHelp Once again Amazon, you have let me down by stating my order was delivered when it hasn't... Step up your game with your delivery services!",2786296,
1137732,387986,True,Tue Oct 24 09:42:08 +0000 2017,@115830 can’t tell you how massively disappointed I am 😢😢😢 I wish I’d not cancelled my import order now!!! https://t.co/WleQlLkeXe,1137730,
2117738,444533,True,Wed Nov 08 14:21:12 +0000 2017,@AmazonHelp Order didn’t come yesterday by AMZL. Says now it will be here today. Or tomorrow. No explanation or apology. How am I supposed to know when to be home?,2117737,
1735206,451042,True,Tue Nov 07 17:27:59 +0000 2017,@AmazonHelp Winners hasn't announced yet!,1735208,1735205.0
1420049,450119,True,Thu Nov 02 00:23:16 +0000 2017,"@450120 @115830 that happens to me ALL the time, I hate it so much. Even when I get them in a single order they are shipped separated for no good reason.",1420047,1420051.0
2288571,664886,True,Sun Nov 12 03:42:29 +0000 2017,@117086 ou essa limitação é só no que se refere ao Kindle mesmo?,2288570,2288572.0
2290977,480180,True,Sun Nov 12 09:30:46 +0000 2017,@AmazonHelp Thanks for not replying. I still haven’t received my order.,2290975,2290979.0
2399565,404533,True,Fri Oct 20 11:50:20 +0000 2017,@AmazonHelp 3. Finally i personally came to your courier hub. They said we will deliver it on monday as it was holiday for some companies...,2399567,1212277.0
1101903,380006,True,Mon Oct 23 22:42:53 +0000 2017,@AmazonHelp 2/2 but I really need it tomorrow is there any changes I could get it delivered tomorrow too ?,1101902,1101904.0
1208766,387916,True,Thu Oct 26 06:46:45 +0000 2017,@115850 Your delivery guy's are not able to locate the delivery addresses and you think that you can deliver the order on time,"1255715,1255724",1208753.0
2725854,764447,True,Mon Nov 20 13:02:27 +0000 2017,decepcionada con pedidos y con atención y soluciones de @116928 en mis últimos pedidos sensación d que cada vez funciona peor cc @115821,2725851,
1939022,322942,True,Wed Oct 18 15:49:05 +0000 2017,@115850 it's good that u r celebrating Diwali but where is my order. Delivery date was 16 th Oct. @118702 is awesome,1939020,
2769055,774205,True,Tue Nov 21 11:34:38 +0000 2017,@115850 My order was suppose reach by Monday.But I haven't received it yet.Tried calling CC but no proper https://t.co/JZcIH2DBnB me out!,2769054,
1137321,387908,True,Wed Oct 25 08:17:58 +0000 2017,ho mise a jour de @120533,1137320,
2353904,680146,True,Tue Nov 14 18:22:13 +0000 2017,"@AmazonHelp It was sent in this poor packaging that can be opened easily, with a hole in the side. A couple of books have bent pages and corners as a result. I’m not fussed about changing them, but just wanted to make you aware. https://t.co/GJ29Y87SJ3",2353905,2353902.0
1141939,388796,True,Tue Oct 24 15:47:33 +0000 2017,@AmazonHelp please can you advise how to formally complain? Your customer services are sending me round in circles. Thanks.,1141938,
338136,196708,True,Sat Oct 07 14:10:08 +0000 2017,@AmazonHelp 特典などの布ポスターに始末糸や、ほつれがあった場合に交換の対象となるのでしょうか。,338135,
1559313,387412,True,Sat Nov 04 13:54:25 +0000 2017,"@AmazonHelp To contact activist, which did help as there help service is currently not online anyway",1559314,1559312.0
1110837,382177,True,Sun Oct 15 10:24:24 +0000 2017,@115850 Isn’t this cheating? Note MRP. https://t.co/cVyuOzkfgh,1110835,
2901115,767780,True,Tue Nov 28 18:00:13 +0000 2017,"@AmazonHelp Oui, j'ai de la chance d'avoir des voisins qui ne sont pas mal intentionné. Mais n'hésitez pas à jouer la sécurité et me livrer dans ma boite aux lettres plutôt qu'au milieu des couloirs la prochaine fois ! :)",2901114,2901116.0
943528,227885,True,Sat Oct 21 16:44:29 +0000 2017,@AmazonHelp Die Dame am Kundenservice hat leider nicht überzeugt! Ob es Update gibt hängt angeblich von der seriennummer ab!,"943530,943531",943527.0
1377717,328925,True,Sun Oct 29 02:27:59 +0000 2017,"@AmazonHelp Guys, understand that there has been a delay but ppl are still in the dark. It has been 4 days. Cud u give us some idea on the result ETA?",1377719,1377715.0
297414,186837,True,Fri Oct 06 18:05:21 +0000 2017,@AmazonHelp why do I pay for prime when my last 2 deliveries haven't come the next day? (Despite being prime),297413,
325874,193634,True,Sat Oct 07 15:50:07 +0000 2017,Just got so pissed off at @115821 ‘s website I didn’t even end up buying the dog food I meant to buy in the first place.,325873,
2898846,803113,True,Tue Nov 28 17:23:37 +0000 2017,"Monika and Franco from @AmazonHelp have been the most amazing! Franco’s advice worked. This Chinese company offered a full refund, and I am holding out as he suggested. Monika made sure I was satisfied. Thank you!!",2898845,
1840800,551669,True,Wed Oct 18 06:18:49 +0000 2017,始めてのAmazonなりすまし詐欺キタァーーーー！ https://t.co/AqW30qvaAD,1840799,
2708445,760576,True,Mon Nov 20 00:42:04 +0000 2017,@115821 I placed an order with u &amp; shortly afterward my email account was bombarded with 120 msgs stating I'd signed up on multiple websites,2708443,
1428638,451850,True,Thu Nov 02 05:49:36 +0000 2017,Amazonプライム会員になったから今からドクターXみる,1428637,
1279787,419459,True,Thu Oct 26 16:55:09 +0000 2017,@AmazonHelp I have already ordered a replacement. I hope same thing doesn't happen with new item too,1279789,1279786.0
432297,199196,True,Tue Oct 10 15:33:00 +0000 2017,@AmazonHelp wann kommt lucifer staffel 3 in deutsch?,432295,
585652,258277,True,Sun Dec 03 15:02:15 +0000 2017,"Not happy ! 
How can amazon cancel my order !?",585650,
1869749,558445,True,Wed Nov 08 05:19:35 +0000 2017,@115786 @115821 And a friend of mine went online last Friday and ordered one; and his arrived this afternoon. @AmazonHelp me understand why this would happen.,1869746,1869750.0
739700,296904,True,Wed Oct 11 13:02:33 +0000 2017,@295651 @AmazonHelp Me too. They’ve put 2 step verification on my account which I don’t want now I can’t get in 😡,739699,734128.0
1153679,385785,True,Tue Oct 24 17:20:57 +0000 2017,@AmazonHelp I reported it.,"1153680,1153678",1153681.0
1651233,504290,True,Mon Nov 06 06:35:44 +0000 2017,"@115850  Need help, unable to connect with your customer care ..... call me on 813013992","1651232,1651234",
2449383,702027,True,Wed Nov 15 02:51:28 +0000 2017,"@702028 Got an email back from the support team today, they told me to contact amazon about the issue, I have at least 5 times and they cannot identify the problem. I need help immediately.",2449381,2449384.0
590020,259508,True,Sun Dec 03 16:35:25 +0000 2017,@AmazonHelp I hope so. I won’t know for sure until I get a followup email.,590019,590021.0
2701985,758972,True,Sun Nov 19 21:19:39 +0000 2017,"@AmazonHelp I took yet another day off work and again I've no mattress again for my child. I have had to borrow one from a neighbour and amazon telling me again that it'll be here tomrrow, again, ""guaranteed"". All while customer services answer was to just keep rearranging and offer £5 comp",2701983,2701986.0
291362,185375,True,Fri Oct 06 15:29:03 +0000 2017,@115821 dispatch my order,291360,
1034728,185471,True,Mon Oct 23 06:17:36 +0000 2017,"@AmazonHelp I checked,, got a mail on same day that they'll call us in 24-48 hours,, but more than 100 hours gone, no revert..",1034726,1034730.0
2552010,724936,True,Mon Oct 30 15:16:18 +0000 2017,@117093 Your CS didn't answer my q. I try to reply and get a bounce. How do I follow up? These boxes need to go.,2552008,
65896,131072,True,Thu Nov 30 09:10:55 +0000 2017,@AmazonHelp its already been collected by my friend . so no worries.. Just make sure that ur agents dont create their own rules,65897,65894.0
246413,171151,True,Thu Oct 05 16:43:14 +0000 2017,"@AmazonHelp Okk, waiting for it after being harassed and mentally torchered so much",246414,246412.0
152023,150739,True,Fri Nov 24 16:41:25 +0000 2017,"@AmazonHelp Parcel has now arrived, but after checking my original email (attached) the confirmed delivery date was yesterday. I didn’t receive a failed delivery notice which as I was expecting it to be delivered to my work I would have understood had someone attempted to deliver after 5pm. https://t.co/K8Dq7OmzEx",152025,152022.0
919885,338352,True,Sun Oct 29 16:40:22 +0000 2017,@AmazonHelp Ur reply had the same old invoice with diff SN than product. Unfortunate customer handling! Pls read the complaint first and then reply!!,919886,919884.0
399089,210361,True,Sun Oct 29 07:53:39 +0000 2017,"@AmazonHelp Lol @115851  look how nonsense ur ppl &amp; u stupid u can get my contact noby  @115850 account details, by Order No given by me. Nonsense","399088,399090",399091.0
427292,216637,True,Tue Oct 10 13:14:56 +0000 2017,@AmazonHelp My registry won’t update my name and address so when someone bought something I never received it. I did not get a solution,427294,427291.0
2837006,789614,True,Mon Nov 27 16:04:40 +0000 2017,"@AmazonHelp Hi, Thanks, but that link is dead 😞 https://t.co/7XSQPRgkfu",2837008,2837005.0
2709927,485469,True,Mon Nov 20 01:37:42 +0000 2017,@115821 has “lost” or delivered to some other random apartment resulting in my purchases going missing 4 times now in the last month. What the heck is going on??,2709926,
2781966,776901,True,Tue Nov 21 17:10:38 +0000 2017,"@AmazonHelp I contacted Amazon again last night, just like I did Saturday.Someone was supposed to be looking into this for me and ringing me with an update. That clearly hasn’t happened.I spend a lot of money with Amazon,I think this is shocking service.",2781969,2781965.0
1722931,521255,True,Tue Nov 07 08:44:11 +0000 2017,"@521256 ウイルスとは違いますが今朝メッセージで
コンテンツ利用料金の未払い、本日中に連絡ないと法手続します。アマゾンジャパン㈱ 相談係(電話番号)みたいなものかきました
カタカナのアマゾンだったりAmazonでコンテンツ...？等々変な所はあるのですが日頃から注意が大丈夫ですね",1722930,1722932.0
1570908,294234,True,Sat Nov 04 17:19:24 +0000 2017,"Ma fille a reçu un cadeau (via amazon) mais on ne sait pas de qui, moyen de retrouver l'expéditeur via le n°commande? cc @AmazonHelp","1570907,1570909",
479362,228923,True,Fri Dec 01 12:53:44 +0000 2017,I can’t believe I’m fighting with a garbage seller on @115821. JUST GIVE ME THE CORRECT ORDER. @AmazonHelp,479361,
2616336,310805,True,Fri Nov 17 15:52:39 +0000 2017,@AmazonHelp Have reported to your support team vide the link you had sent. Kindly refund my amount.,2616338,2616335.0
417278,214484,True,Tue Oct 10 03:03:50 +0000 2017,@115850  is the gang of the cheater they have taken my 16k. They are eating my interest. I would highly recmnd everyone to not use this.,"417276,417279",
1594011,489873,True,Sun Nov 05 01:54:53 +0000 2017,@AmazonHelp Yes I know my order will be delivered as per estimate but i am saying Amazon sends it via a long route.,1594013,1594010.0
2602879,724878,True,Sun Nov 26 21:20:36 +0000 2017,"@AmazonHelp digital, already spoke to support with no avail of help",2602877,2602882.0
2893132,801887,True,Tue Nov 28 18:54:09 +0000 2017,@AmazonHelp Here the sc @AmazonHelp m unable to find Bajaj Finserv https://t.co/wLWvKnguAd,2893134,2893131.0
910306,336223,True,Sat Oct 21 06:02:36 +0000 2017,@115850 pathetic service. Refund was intiated without informing me. Lost 2 offers with good saving - Exchange + Discount. #Amazon #Diwali,910305,
2469362,121649,True,Wed Nov 15 09:49:29 +0000 2017,"@AmazonHelp Hi my Alexa Skill was certified and published live twice in last week, but I still can’t find it in skill store of any region. Please help :(",2469361,
1419066,449842,True,Wed Nov 01 23:23:14 +0000 2017,AmazonDashボタンの商品変更方法わかりにくすぎです @116313,1419065,
1672046,508919,True,Mon Nov 06 13:37:27 +0000 2017,"O @117086, nem pra responder o feedback hein.",1672045,
181131,158540,True,Thu Oct 05 13:17:53 +0000 2017,@AmazonHelp Acoount frozen. i cant use amazon. But you still charge money! https://t.co/AhMBqVx6Vu,"181132,181133",181130.0
2964101,817841,True,Thu Nov 30 05:15:40 +0000 2017,@AmazonHelp Thank u. Lmao love u amazon,2964102,2964100.0
1339577,432458,True,Fri Oct 27 15:33:05 +0000 2017,@AmazonHelp  https://t.co/whws3ylrUn,1339578,1339575.0
2899634,802191,True,Tue Nov 28 18:48:30 +0000 2017,"@AmazonHelp Déjà fait , la situation n'a pas avancée mis à part le fait d'attendre",2899635,2899633.0
1064121,244849,True,Fri Oct 13 08:57:58 +0000 2017,Hi @119625 please release latest telugu movie #YuddhamSharanam .,1064120,
1745587,526333,True,Tue Nov 07 14:59:21 +0000 2017,Merci à @120533 et au service FBA qui a perdu notre nouvelle collection. Comment ruiner une entreprise ? Une honte ! @AmazonHelp,1745585,
691176,285161,True,Wed Oct 11 06:49:21 +0000 2017,@AmazonHelp for evry order.. i had faced trouble.. ur delivery agent not deliver product on given address..@amazonhelp @115850,"691178,691179,691180",691175.0
1469977,461187,True,Thu Nov 02 23:58:01 +0000 2017,I’m starting to wonder what the point of @115821 prime is....I’ve had a few packages lately not arrive on time 😐,1469975,
1369567,438790,True,Fri Oct 27 22:52:59 +0000 2017,Hi @116618 why can’t I subscribe for @71061 services from New Zealand. It’s asking for USA address which I can’t provide,1369565,
387982,207830,True,Mon Oct 09 13:56:39 +0000 2017,.@AmazonHelp package still ain’t here boi,387980,
2797118,780470,True,Tue Nov 21 22:56:27 +0000 2017,@AmazonHelp Hola! Son vendidos directamente por Amazon.,2797120,2797117.0
493299,232606,True,Fri Dec 01 17:25:13 +0000 2017,@AmazonHelp Still unresolved,493297,493302.0
572910,254635,True,Sun Dec 03 05:23:36 +0000 2017,Amazonからダイアナが来たw しやわせー♪早速観る～❤ #ワンダーウーマン https://t.co/OxKWlhYBlI,572909,
792042,308865,True,Thu Oct 12 13:25:04 +0000 2017,@AmazonHelp Filled.,792044,792041.0
980730,352537,True,Sat Oct 14 08:22:46 +0000 2017,"Definition of ""fresh vegetables"" in 2017 @115850 https://t.co/i9JOUzyVUE",980729,
531574,243145,True,Sat Dec 02 14:26:41 +0000 2017,"@AmazonHelp Ah non non vous n'êtes pas en retard du tout, au contraire vous êtes même en avance et c'est pour cela que je vous remercie ☺",531576,531573.0
1664834,182535,True,Mon Nov 06 10:00:21 +0000 2017,@AmazonHelp I asked to cancel Order 403-4701548-3785169 on 3/11/2017 @ 2:56PM ...But has not been cancelled yet..Look into the matter,"1664833,1664835,1664836",
1053599,368948,True,Mon Oct 23 14:37:51 +0000 2017,@AmazonHelp Is there a problem with silk browser on kindle fire I cannot access it?,"1053598,1053600",
574969,255265,True,Sun Dec 03 07:22:17 +0000 2017,アマゾンのビデオ100円クーポンでインターステラーを見るぞい,574968,
686656,283953,True,Thu Nov 23 15:07:45 +0000 2017,@AmazonHelp Not really. I’ve tried to return the parcel but the label you’ve provided isn’t suitable for package. I need to be provided a new level. Is this possible?,686658,686655.0
2882515,799742,True,Tue Nov 28 10:14:13 +0000 2017,"@AmazonHelp Sí, todo ok, gracias 👌🏻",2882517,2882514.0
2775878,775644,True,Tue Nov 21 15:17:49 +0000 2017,@AmazonHelp We have a side gate that usually deliveries get put behind. The fact the driver has put on the card it was put in a safe place is ridiculous.,2775877,2775879.0
2291796,665592,True,Sun Nov 12 11:59:37 +0000 2017,@AmazonHelp Why would you need to wait 3-7 business days? I've already been dealing with your incompetent customer service staff for 3-4 days so I'd suggest this time was more than sufficient to get your act together...,2291797,2291793.0
2668780,751700,True,Sun Nov 19 14:45:01 +0000 2017,@AmazonHelp Yes many times but to no avail. Can someone who speaks actual English look into my situation?,2668782,2668779.0
2288201,337086,True,Thu Oct 19 20:25:31 +0000 2017,@AmazonHelp Already done and 48 hrs passed. Till how much time I should wait???,2288202,2288200.0
565874,252635,True,Sun Dec 03 00:28:38 +0000 2017,"Dear @AmazonHelp @115821 

Thank you so much for providing me with an exceptional customer service experience! You completely exceeded my expectations and I am thrilled with my overall experience and outcome!",565873,
231540,171145,True,Thu Oct 05 10:20:44 +0000 2017,"@116928 ¿Donde podria mandar el CV, para poder trabajar en la nueva sede de Sevilla? Gracias",231538,
788653,308064,True,Thu Oct 12 11:01:27 +0000 2017,"Amazon Prime, they say Guaranteed Two Day Delivery and they charge you more for this and then say sorry delivery delayed.. #india
@119356",788651,
1187107,399146,True,Tue Oct 24 21:50:56 +0000 2017,"@AmazonHelp Whats going on with the Samurai Jack bluray set? Ordered 10 days ago, still hasnt shipped
ORDER # 111-2408987-9730628",1187105,
2893157,801891,True,Tue Nov 28 15:22:12 +0000 2017,Dear @115821: every time we get a TBA tracking number our packages get lost in transit. They couldn’t even find an amazon locker! Why pay for prime when we constantly deal with our deliveries getting lost? It has happened like 4 times now this month. It’s bullshit.,2893156,
2964117,140029,True,Wed Nov 29 21:22:29 +0000 2017,"Come on @115850 gift me at least once in any of your contest #AmazonPayQuiz ,let this prime subscription worth it.☺️",2964116,
753559,300095,True,Wed Oct 25 18:46:27 +0000 2017,@AmazonHelp @115850 no update from your team.. again I had to contact them.. still no product delivery..,"753560,753561",753558.0
1510509,470594,True,Fri Nov 03 20:52:14 +0000 2017,"@AmazonHelp You're not making this easy, the link provided is for a buyer account not for a seller account. So what is our next option???",1510512,1510508.0
529032,242500,True,Sat Dec 02 09:14:49 +0000 2017,"@AmazonHelp can I please have some assistance with my order, pay for next day delivery but status is saying potentially 5th...",529030,
366514,202809,True,Sun Oct 08 17:41:25 +0000 2017,@115823 shut ur app if u cant handle it. trying to add money since yesterday but still 0 balance n bank has charged. @115821 @115850 ??,"366512,366516",
531695,243170,True,Sat Dec 02 10:25:58 +0000 2017,for some reason the @115821 app won't let me purchase any kindle book only gives me an option to download a free sample. wtf? I can purchase anything else thru the app just not kindle books. any1 else have this issue?,531693,
775415,286682,True,Thu Oct 12 03:49:59 +0000 2017,@AmazonHelp At what day of week,775416,775414.0
1925680,573166,True,Wed Nov 08 06:20:52 +0000 2017,プライムミュージックにペルソナのアルバム大量にきてる！！！Amazonこういうの黙ってしれっとやるから…最高 https://t.co/3wN0SSPRBD,1925679,
553306,249038,True,Sat Dec 02 19:55:10 +0000 2017,"And once again Amazon Logistics screwed up a delivery! Right apartment number, wrong address. Good grief!",553304,
2184509,238477,True,Thu Nov 09 18:13:35 +0000 2017,Wow @115830 you’ve *really* outdone yourselves here. I can’t even be arsed to get annoyed it’s that ridiculous 😆 https://t.co/FsXmebOAo5,2184507,
1608641,493962,True,Tue Oct 17 11:20:02 +0000 2017,"@AmazonHelp El producto del que quiero hacer la consulta solo tiene dos opciones en el enlace que me envías y ninguna sirve para averías, otra poción?",1608639,1608645.0
247049,174683,True,Thu Oct 05 15:48:29 +0000 2017,@AmazonHelp Basically I paid for quick delivery on one of my products but I have just received an email saying it wont be delivered today?,247051,247048.0
2853730,793316,True,Mon Nov 27 20:27:55 +0000 2017,@AmazonHelp I haven't received a survey. He stopped responding to me in the chat so I just left it (I was on my mobile),2853732,2853729.0
2866077,231597,True,Tue Nov 28 03:47:38 +0000 2017,@AmazonHelp Thanks.  Your logistics department already responded tonight and FAR exceeded what I expected as a response.  Great customer service on that front.,2866079,2866076.0
441839,219783,True,Wed Oct 11 10:35:24 +0000 2017,"Hey @119625 on iPad why does your videos show in HD when it's set to ""Streaming Quality = Good""",441837,
1122805,384810,True,Tue Oct 24 07:07:41 +0000 2017,@115850 my docket no. Is 965671722 name HARSH #GATI se aa raha hai wo mere ghar dene se mana kar rahe hain kahte hain apka ghar gao mein h,"1122804,1122806",
369182,203470,True,Wed Nov 29 17:13:58 +0000 2017,@AmazonHelp Been replying d mail 4 more den a month n den wat did i get ?? Stop fooling others...,369183,369181.0
286845,184344,True,Fri Oct 06 14:24:16 +0000 2017,@AmazonHelp Your Amazon.in order #6954724 has been delivered. Wondering where is the order has been delivered to. Check where is it?,286844,
524225,241195,True,Sat Dec 02 19:47:22 +0000 2017,"@AmazonHelp It says it was expected December 1st, and now it is expected December 1st-5th. It has been ""out for delivery"" since 7:38am on December 1st.",524227,524224.0
1553846,480675,True,Sat Nov 04 11:51:33 +0000 2017,@AmazonHelp i'm calling from ireland - i cannot connect to the number in that link.,1553848,1553845.0
101676,138275,True,Thu Nov 30 18:28:07 +0000 2017,@AmazonHelp Hi tried what you said and it's still not working.,101677,101675.0
959310,298113,True,Sun Oct 22 03:05:45 +0000 2017,@AmazonHelp You have not checked my product claim properly still you're asking for me to claim. I have did this many times till now.,961628,959309.0
2276516,662100,True,Sat Nov 11 17:20:27 +0000 2017,Congrats to @115821 and their shitty customer service! It’s okay for a driver to “deliver” a package and pick it right back up and tell me I️ “canceled my order” and never update their system! Shady AF! #amazoncustomerservice #amazon #neveragain,2276514,
2578589,731047,True,Sun Nov 26 21:35:19 +0000 2017,"@AmazonHelp They offered delivery later in the week, but I needed this stuff today. They are going to deliver it on Thursday even though I cannot guarantee being in. They had previously guaranteed delivery today, for which I stayed in, but they did not fulfill this.",2578590,2578588.0
2226516,649944,True,Fri Nov 10 10:02:33 +0000 2017,@AmazonHelp わざわざすみません。今日発売だったので来るかと思っていたもので。ただ今輸送中とのことでした。ありがとうございます。,2226515,2226517.0
1336197,219482,True,Fri Oct 27 14:01:41 +0000 2017,"@AmazonHelp doesn't value customer, doesn't understand customer, no action on bluedart courier for not pickup the mobile from last 17 days.","1336198,1336189",
2337759,190653,True,Fri Oct 20 05:20:53 +0000 2017,Didn't receive @115823 cashbacks @AmazonHelp 😕,2337757,
1213357,404785,True,Wed Oct 25 16:58:33 +0000 2017,"@AmazonHelp minha lista de livros desejados tinha mais de 200, agora diminuiu um pouco graças às promoções de vcs, mas aparecem novos! ^^",1213359,1213356.0
713752,290722,True,Fri Oct 06 10:04:18 +0000 2017,amazonの配送予定は今日なのに届かない荷物,713751,
1936603,576157,True,Thu Oct 19 13:32:51 +0000 2017,@AmazonHelp FYI I filled out the contact form but no one called me,1936605,1936602.0
1204918,403019,True,Wed Oct 25 09:02:56 +0000 2017,@AmazonHelp  https://t.co/8j2HIphkpf,"1204919,1204920",1204917.0
141977,148042,True,Fri Nov 24 12:48:25 +0000 2017,"@AmazonHelp Can you send me a link to live chat? It will be more convenient for me, then phone call right now",141979,141976.0
1238783,410569,True,Sat Nov 25 19:35:11 +0000 2017,@AmazonHelp How can I delete a smart home device (not disable)? Alexa says I have more than 1 @51647 switch with the same name (I don’t).,1238781,
613980,266005,True,Sat Nov 25 08:39:54 +0000 2017,@AmazonHelp Done,613982,613979.0
1428965,451910,True,Thu Nov 02 06:42:14 +0000 2017,@AmazonHelp Hope u got my problem... Tracking I'd is not useful if it is already returned #worst_experience,1428966,1428962.0
2663401,286680,True,Tue Oct 31 07:09:19 +0000 2017,"@1384
Please look into this &amp; solve this asap https://t.co/K0wnvO2DRv",2663399,
1192297,400233,True,Wed Oct 25 08:22:12 +0000 2017,@AmazonHelp The outer packaging was good. There weren't any dents on the box and the tape was secure. The item came from Look out Toys.,1192299,1192296.0
1395575,169612,True,Sat Oct 28 13:50:46 +0000 2017,@115850 @AmazonHelp does the Fire TV stick sold in India play 4K video ? Also what is minimum speed reqd for 4K steaming?,1395574,
898432,214571,True,Wed Nov 08 20:13:08 +0000 2017,@AmazonHelp Do I have any other choice.... I’ve already paid for it.... I guess you guys are running short of @115833 Plus supply cause my Echo which I order along with it was delivered before time last week #Long #Wait,898433,898431.0
2777401,775973,True,Tue Nov 21 15:48:48 +0000 2017,@AmazonHelp order placed on Sunday for 2-day shipping is now scheduled to arrive on Wednesday instead of Tuesday (today)... and it's being delivered to an office building that's going to be closed Wed-Fri for the holiday... any help?,2777399,
2905900,804692,True,Tue Nov 14 09:10:59 +0000 2017,@248243 @116618 Love to watch it but the Amazon app errors on the shield when playing a video !,2905899,2905901.0
1856135,555178,True,Mon Oct 30 02:55:47 +0000 2017,おれ、いつAmazonプライム会員体験版に登録したんだ？,"1856134,1856136",
1487323,465436,True,Mon Oct 16 21:57:54 +0000 2017,"@AmazonHelp Most recent instance was sold by https://t.co/a73JD6Qkrz. The previous by ""Cooler Master"". not even counting the defective HDD i waited for",1487325,1487322.0
753553,300095,True,Tue Oct 24 09:42:13 +0000 2017,"@AmazonHelp @115850  I have replied to the mail I received. Please understand that I don't want mails, I just want my product..",753554,753549.0
269128,180170,True,Fri Oct 06 00:59:22 +0000 2017,@116618 #TNFonPrimeVideo  total garbage https://t.co/dibKuTsvHq,269127,
969870,343708,True,Sun Oct 22 07:48:50 +0000 2017,@AmazonHelp There is no reply option showing. Can you share the reply link ?,"969872,969873",969868.0
1471731,461619,True,Fri Nov 03 00:00:43 +0000 2017,アマゾンプライム最高かよ,1471730,
2971971,322579,True,Thu Nov 30 01:04:26 +0000 2017,No @118706 has informed @AmazonHelp that my packages have been damaged before they even made an attempt to ship them out,2971962,
1213405,404793,True,Wed Oct 25 16:03:04 +0000 2017,"@AmazonHelp En plus hier c'était l'anniv de mon filleul, je l'ai fait livré chez lui pour lui faire la surprise et au final rien...",1213404,1213406.0
494931,233029,True,Sat Nov 18 07:10:21 +0000 2017,"#amazonindia #mha its very strange when its no where written in amazin india site to show id proof there agents &amp; courier asking for it, are they involved in id theft?",494930,
1598865,491035,True,Tue Oct 17 10:02:17 +0000 2017,@AmazonHelp I called yesterday and they offered me a $5 credit,1598866,1598864.0
2428173,697177,True,Sun Nov 26 18:17:25 +0000 2017,Does @115821 have some kind of surge pricing in place?   I had some art supplies in my shopping cart for Christmas gifts and went to check out and the price had more than doubled.   NOPE.,2428171,
790587,226485,True,Thu Oct 12 12:21:12 +0000 2017,@AmazonHelp I did contact your support team. They couldn't help me because u don't keep delivery boys numbers with you.,"790586,790588",790589.0
1364686,437740,True,Fri Oct 27 21:22:57 +0000 2017,when you find out your package is being handled by amazon logistics https://t.co/k9nVk6SmWv,1364684,
2676839,681460,True,Tue Oct 31 14:04:59 +0000 2017,"@115821 Your shipping estimates fucked me this year.  I ordered prime items a week ago, &amp; they won't make it in time. #HappyHalloween",2676837,
959271,193706,True,Wed Oct 25 15:20:22 +0000 2017,"@AmazonHelp Hello, on 27th im traveling. So, the item must b reachable on 26th as ur guaranteed date. If not u are responsible for what I will miss out!",959272,959270.0
179557,158295,True,Wed Oct 04 09:22:03 +0000 2017,@AmazonHelp But do tell me atleast why you announce winners personally why not publicaly? ... it directly means that you didnt really announce result,179556,179558.0
383264,182810,True,Tue Oct 10 05:43:33 +0000 2017,@AmazonHelp Thats kind but endless emails/calls/ tweets etc is not what i can cope with for over 4 months.pls figure how can sort at the earliest,383265,383263.0
1919890,571568,True,Wed Oct 18 14:11:13 +0000 2017,@116928 no me falles este viernes qué esperado un mes!,1919889,
2184499,639846,True,Thu Nov 09 19:12:45 +0000 2017,@AmazonHelp kindly resolve the issue at the earliest..,2184500,2184498.0
2256419,657178,True,Thu Oct 19 19:32:30 +0000 2017,@AmazonHelp Sigh. It’s not in spam. The original call was placed over 4 hours ago. Clearly one fraudulently spending my $ on your site isn’t a priority,2256420,2256418.0
2063339,610244,True,Thu Oct 19 01:26:36 +0000 2017,@AmazonHelp Thanks. Information entered. I will await your call.,2063341,2063338.0
96649,137091,True,Thu Nov 30 16:14:11 +0000 2017,Bought something on #amazon and paid for shipping to #panama. Now #dhl panama says I have to pay $10 extra to send it to me wtf!!!@5712 @115821,96648,
1588111,488435,True,Sat Nov 04 23:07:55 +0000 2017,@AmazonHelp And please define ^MB,1588114,1588110.0
2823975,705513,True,Mon Nov 27 09:26:20 +0000 2017,@AmazonHelp Ce sont 5 commandes de vendeurs tiers,2823977,2823974.0
226026,195475,True,Sat Oct 07 19:14:12 +0000 2017,@119625 Just curious...how you select the winners?,333594,226016.0
1887322,562894,True,Wed Oct 18 11:43:39 +0000 2017,@AmazonHelp 18th-20th October.,1887324,1887321.0
949610,345221,True,Tue Oct 24 17:20:32 +0000 2017,@AmazonHelp Nothing in our junk mail. Seller performance hasn't responded in many days now and our account is still not able to sell. Please help!,949612,949609.0
998186,353516,True,Sat Oct 14 14:32:45 +0000 2017,"@AmazonHelp R u comfortable with hinglish,hindi language?",998187,998185.0
1667766,507939,True,Tue Nov 07 18:14:56 +0000 2017,"@AmazonHelp Step 2 gives the option of tech support, replacement or refund. I want a refund. I don’t want tech support, I want a refund...",1667767,1667764.0
507163,236412,True,Fri Dec 01 21:12:19 +0000 2017,@AmazonHelp Can i tell you an address is a commercial address? Keeping getting delivery attempts at 9pm - funny theres no one in the office that late. Pay for prime and don't get next day as they always deliver late.,507161,
2923431,809006,True,Fri Jul 21 02:54:57 +0000 2017,@AmazonHelp Already share my details on the like which you sent. When will you announce the winner???,2923430,2923432.0
474185,227873,True,Fri Dec 01 09:49:40 +0000 2017,@115850 Please verify your offers. The advertisement says that for a minimum cart value of nivea products should be 200 or more but your steps says it has to reach minimum of 299. https://t.co/qoks3pPPoC,474184,
197624,162488,True,Thu Oct 05 08:07:22 +0000 2017,@AmazonHelp How many times i have to tell you it show s that your account is blocked 😫😭🤕😲,197639,197622.0
1193985,400550,True,Wed Oct 25 01:36:20 +0000 2017,"@AmazonHelp Amazonさんご本人からご連絡をいただき悪質な詐欺ということがわかり安心しました。
わざわざご連絡をありがとうございます。",1193984,1193986.0
597927,247927,True,Sun Dec 03 20:00:44 +0000 2017,"@115830 don't worry Mr Austin sorry you didn't get your items today they will come tomorrow well it is tomorrow and still nothing ,still listed as out for delivery two days later your so full of s**t my items are in some drivers Christmas presents #muggedoff","597925,597930",
2901123,803609,True,Tue Nov 28 18:04:15 +0000 2017,"@115821 Can you please give me a # I can call???? Need help with an order, you do not have a live chat or number to call for help?????? thank you",2901122,
91370,135810,True,Wed Nov 29 08:46:36 +0000 2017,"@AmazonHelp J’ai suivie les instructions, 24h apres aucune nouvelle est-ce normal? Mes commande devais arriver demain je fait comment moi?",91369,91371.0
782748,306846,True,Mon Oct 30 01:38:00 +0000 2017,"@117795 My groceries were supposed to be delivered like an hour ago and i haven't heard a single thing, what should I do",782743,
814217,313936,True,Fri Oct 20 17:09:31 +0000 2017,@AmazonHelp Par quel moyen ?,814219,814216.0
246409,171151,True,Thu Oct 05 15:08:31 +0000 2017,@8623 @171152 has cheated me and harassed as well.And tried to buy my loyalty with ₹100 gift card.@1755 @144769,246407,
1120390,356983,True,Sun Oct 15 16:47:13 +0000 2017,@AmazonHelp Sent,1120391,1120389.0
1577249,485838,True,Sat Nov 04 18:40:32 +0000 2017,@AmazonHelp Twitter is the only way I know how to reach anyone at Amazon,1577251,1577248.0
448646,221296,True,Thu Nov 30 20:48:39 +0000 2017,@115821 is frustrating. Why pay for prime when it still takes a month or more to get ordered items. I'm still waiting on an item I ordered 11-9. It took 2 weeks to get the item from New Jersey to California! #frustrated #christmascantwait,448645,
2869617,796878,True,Tue Nov 28 01:41:58 +0000 2017,@115821 my package didn’t come on time as promised through amazon prime. Do I get a refund?,2869615,
739711,151429,True,Wed Oct 11 13:11:42 +0000 2017,@115850 I atempt lots of quiz but @115850 not provide any gift to mei am  loyal cust bt shame on Amazon that they never mind there cust  feedback,739710,439663.0
180482,158442,True,Wed Oct 04 13:05:11 +0000 2017,"@AmazonHelp Consegui contato, obrigada. :)",180481,180483.0
2955969,815969,True,Wed Nov 29 18:59:32 +0000 2017,"Hice una compra ayer en @116928 y ponía que me garantizaban que me lo entregaban hoy, a las 8 de la tarde sigo esperando. Me encanta vuestro ""envío en 1 día""",2955968,
2875075,798161,True,Tue Nov 28 04:46:24 +0000 2017,Amazon says they attempted to deliver my order at 7pm... I've been home since 5 and no one came to the door....,2875074,
495912,233284,True,Fri Dec 01 18:07:02 +0000 2017,Really annoyed @126705 refusing delivery of @115830 package because post office was full. So now returned to sender. Poor,495909,
977907,351919,True,Sat Oct 14 07:36:21 +0000 2017,"Irgend jemand ne Idee, was man bei @115825 machen muss, um Filme mit der Englischen Tonspur aufs Handy zu laden? #upintheair",977904,
1355403,436055,True,Fri Oct 27 19:00:38 +0000 2017,"Es schaut so aus, als ob @134825 @116316 #prime Pakete nicht binnen 24h ausliefert. Wozu habe ich dann #amazonprime ???",1355401,
347384,198729,True,Sun Oct 08 04:59:03 +0000 2017,Amazonに頼んだ商品が今も7日お届け予定と言いつつ届かないんだが,"347383,347385",
107313,139835,True,Thu Nov 30 23:07:49 +0000 2017,@AmazonHelp La spedizione è stata fatta da Amazon,107315,107312.0
1544020,478293,True,Tue Oct 17 11:47:12 +0000 2017,@AmazonHelp Over and over and over and over and over...and Customer Service has gotten worse and basically doesn’t care as long as it arrives eventually,1544021,1544019.0
1114951,383106,True,Wed Oct 25 06:07:00 +0000 2017,"@AmazonHelp @AmazonHelp #Amazon Today is 3rd pickup scheduled. If not by today as informed earlier, cancel my prime account.It's of no use.Worst service",1114953,1114949.0
324405,193278,True,Sun Oct 08 14:44:47 +0000 2017,@AmazonHelp When did I asked for compensation? @115821 let’s not presume things on customers behalf. You can assist me by delivering the package asap,324406,324402.0
2492277,364205,True,Wed Nov 15 17:30:54 +0000 2017,Hey @115821 is there a way to use Smile.Amazon on the app? I'd like to still donate to ASPCA through purchases but don't know if it's possible,2492276,
255519,176761,True,Thu Oct 05 18:27:52 +0000 2017,aMAZON HAS NOT SHIPPED MY SKINCARE STUFF WHEN I ORDERED IT 2 WEEKS AGO AMAZON WYD?? https://t.co/Ak9Zw2hHRf,255517,
951839,175183,True,Sun Oct 22 12:16:44 +0000 2017,"@AmazonHelp Tracking says out for delivery in Newcastle at 10:40, went to my coffee shop delivery address and the 2 people on duty have had no delivery",951840,951836.0
173437,156600,True,Fri Nov 24 23:07:05 +0000 2017,"Welp, guess I get to contact @115821 due to not getting the Two-Day Prime delivery I used for that Vita charging cable... Was supposed to be delivered today by USPS and the mail has already come. :|",173436,
1448007,381570,True,Thu Nov 02 16:38:24 +0000 2017,"@AmazonHelp J’ai commandé aujourd’hui et la livraison est estimé le samedi 04-07 Novembre 
Je ne comprend pas !",1448009,1448006.0
914156,337086,True,Mon Oct 23 11:01:17 +0000 2017,@AmazonHelp Received mail but 48 hrs passed for it. Every two days I receive 1 mail but then nothing happens,914157,914155.0
1196334,401091,True,Wed Oct 25 02:34:01 +0000 2017,@AmazonHelp I bought a fire stick and your remote broke. please help,1196332,
1661828,506829,True,Wed Nov 08 08:28:50 +0000 2017,@AmazonHelp This is what I am talking about. Almost a month now. https://t.co/cJWYoo6sEo,1661830,1661827.0
416720,214414,True,Tue Oct 10 02:20:16 +0000 2017,"Pathetic service-wrong product delivrd(Order-404-7604078-2941905).Return pickup pendng-5days, replacmnt order cancld automaticlly @115850","416718,416722,416723,416724,416725",
2644979,746268,True,Tue Oct 31 04:35:23 +0000 2017,@115850 Seriously disappointed in Prime service for prime eligible orders. Trust is going down on you amazon.😐,2644976,
2958657,816584,True,Wed Nov 29 21:31:40 +0000 2017,@AmazonHelp Tell me where to look on the shipping label and I will. There are no markings that state the obvious,2958658,2958656.0
2532793,720783,True,Mon Oct 30 12:07:00 +0000 2017,@AmazonHelp Will tou even care to give me my money back. #saynotoamazon This is how you treat your prime customers! #shame,2532792,
814265,313942,True,Sat Oct 21 04:16:06 +0000 2017,@AmazonHelp Are you guys delivering the product today Yes or No ? @115851,814266,814264.0
179697,158320,True,Wed Oct 04 12:51:56 +0000 2017,@AmazonHelp @115850 @AmazonHelp Once again order is delayed .. even after charging extra gor same day delivey !!,179696,179698.0
897676,333182,True,Sat Oct 21 03:23:49 +0000 2017,@115850 hi can we not use Amazon pay balance to send Amazon gift card ??plz reply,897674,
835542,318914,True,Fri Oct 13 08:01:47 +0000 2017,Hi @AmazonHelp who do I email regarding a company using a photoshopped image of mine? Thank you,835540,
669761,279743,True,Thu Nov 23 04:44:38 +0000 2017,Amazonのダンボールに入って興奮するうちの猫ですご査収ください https://t.co/73wDOKFuMg,669759,
1261804,405215,True,Thu Oct 26 10:36:46 +0000 2017,"@AmazonHelp Bonjour.
Le mercredi 25 octobre. C'était hier.🙄","1261802,1261806",1261807.0
407916,212241,True,Mon Oct 09 21:59:49 +0000 2017,Thank you @115821 for sending me the wrong product inside the original box and guess what I need to pay for sending the product back!,407913,
744140,297925,True,Wed Oct 11 15:41:11 +0000 2017,"@115821 @AmazonHelp @115850 @4030 @206651 Want to purchase ACs &amp; need tech details. Unable 2 cal you.
Help plz",744138,
918156,337977,True,Sat Oct 21 10:23:33 +0000 2017,"@AmazonHelp I calibrate the display and then it defaults back if it goes off or to sleep, and it keeps forgetting the WiFi and won't connect",918155,918157.0
2142883,630043,True,Wed Nov 08 23:10:03 +0000 2017,@115830 so I’ve been charged a prime membership apparently while a person from the customer support live chat told me specifically that he canceled it and now I apparently can’t get acces to my account because of security reasons and I don’t get the mail that tells me how to.,2142882,
2435024,698688,True,Sun Nov 19 19:52:06 +0000 2017,"@AmazonHelp No, my last email that I received from Amazon about this order was when I was notified that the parcel shipped",2435026,2435023.0
294807,186217,True,Mon Oct 09 04:18:30 +0000 2017,@AmazonHelp checked from my accouny and the screenshot of last email attached herewith for reference. kindly expediate to resolve the issue. https://t.co/yHxC07CSur,"294808,294809",294805.0
1448017,456023,True,Thu Nov 02 16:30:20 +0000 2017,@AmazonHelp Pourquoi mettre éligible prime sur l'article dans ce cas ..?,1448016,1448018.0
343753,524709,True,Tue Nov 07 10:34:53 +0000 2017,"@117086 Estou lendo""O homem do castelo alto"" no meu Kindle, para poder iniciar a série. Prefiro ler antes de assistir, para evitar spoilers 😀",1738381,343733.0
2903537,804143,True,Tue Nov 28 18:58:05 +0000 2017,"Ok, künstliche Intelligenz hat noch Luft nach oben. Aber 34 Grad heute Nacht nehm ich gern... 😂#Alexa #amazon# #diwodo17 https://t.co/oUiZyWHgD3",2903536,
1586173,487996,True,Sat Nov 04 17:36:43 +0000 2017,"@120533, offrez l'option Prime de ne JAMAIS utiliser @132988 : 18h30 - tjr pas vu le colis qui devait arriver... hier. Vive @7776",1586172,
2752044,145403,True,Mon Nov 27 00:04:22 +0000 2017,"@116875 @AmazonHelp Hola, tienen códigos de descuento para CyberMonday??",2752043,
1148345,201848,True,Sun Oct 15 15:04:51 +0000 2017,"Finally buyed an Amazon echo Dot, but can't wait till 6 November, btw Amazon where is the prime music, and my prime membership... @115850 https://t.co/b1G9UbUmVm",1148344,
371109,203878,True,Tue Oct 10 18:42:16 +0000 2017,@AmazonHelp Thank you! 😁,371110,371108.0
969238,350065,True,Sun Oct 22 06:15:52 +0000 2017,"@AmazonHelp @115850 #Customersatisfaction is much better way to gain business, than to spend money alone. #amazonindia  is losing it. https://t.co/fLDkPXM1pz","969236,969239",
2249762,655516,True,Thu Oct 19 17:50:11 +0000 2017,"@AmazonHelp Das erste mal, dass mein Prime Paket zurück geht. @122924 hat mehrere Tage am Telefon behauptet dass es auf dem Fahrzeug ist.",2249764,2249760.0
2884103,800060,True,Wed Nov 29 11:57:22 +0000 2017,"@AmazonHelp Hi Guys,
I've received the phone. But the packaging was not proper and the invoice was torned. Like in below image. At first I thought I'll also get soaps, but phone is okay. 😊 https://t.co/YRjJKUC5Fe",2884105,2884101.0
2984918,823080,True,Mon Nov 20 23:59:33 +0000 2017,いつの間にかAmazonのプライム会員になってるw,2984917,
1211103,404276,True,Wed Oct 25 12:21:36 +0000 2017,@AmazonHelp okay thank you so much💕✨,1211104,1211102.0
1710116,518120,True,Wed Nov 08 13:40:29 +0000 2017,@AmazonHelp No update is still received in my case. I have been delivered a piece of marble instead of mobile phone.,"1710117,1710118",1710115.0
522574,240707,True,Sat Dec 02 04:14:30 +0000 2017,hey @115821 why in the hell do you use @3375  for ANYTHING WHATSOEVER? Package supposed to be here yesterday! Your own service is better! #StillNotHere #WorstShipperEver #OnTracSucks,522572,
1112681,382599,True,Sun Oct 15 10:50:26 +0000 2017,アマゾンの配達、桃太郎便とかいうのになってるんだけど再配達頼んだ時間になってもこないし、フリーダイヤルにかけたら通話中だったり、なんかよく分からんけど切断されたりで、大丈夫じゃない感すごい。,1112679,
149121,149977,True,Fri Nov 24 15:17:05 +0000 2017,@AmazonHelp Just tried that and it's still got a dodgy screen https://t.co/J0QzlAXLmT,149123,149120.0
170956,155869,True,Fri Nov 24 21:55:28 +0000 2017,"Every time I order from @115821 I get an Amazon box.  The one day my boyfriend answers the door for a delivery he sees his @155870 Christmas gift a month early, because they decided to send it over in the manufacturer's box only. Surprise ruined :(",170955,
1693586,513960,True,Mon Nov 06 19:20:51 +0000 2017,@AmazonHelp Colis Privé,1693585,1693587.0
1211666,404392,True,Wed Oct 25 12:12:51 +0000 2017,"@115850 Is this your official site or fake ? https://t.co/xLvzqabhmt , https://t.co/6HMDfAuRwt",1211665,
651458,274941,True,Tue Oct 31 13:49:58 +0000 2017,@AmazonHelp Where can I find them? And are they gonna make DHL come to my house today? In time for my friends bday? Or will I just get apologies?,651459,651457.0
1223541,407057,True,Thu Nov 16 11:17:33 +0000 2017,@AmazonHelp Carrément et surtout demain le colis est livré :D,1223540,1223542.0
29510,122485,True,Wed Nov 01 11:10:00 +0000 2017,Still waiting for @115830 to call me regarding my complaint about their poor Prime service. Was supposed to happen on 28/10/17... 😡,29506,
479411,228934,True,Sun Dec 03 08:48:40 +0000 2017,"@AmazonHelp what's wrong with you guys? My address is with you, my money is with you, my additional address details are with you. Then what are you waiting for? Just deliver my damn order. Now why you want my email details though I have provided it. Y are playing with my account and order😡",479412,479410.0
2569153,728687,True,Mon Oct 30 16:25:17 +0000 2017,Encore un livre collector qui me revient abîmer! Merci @120533 !!! Évidemment il n'y en a plus de stock donc il me donne un bon d'achat de 5e! Quel générosité! Honteux!!!! https://t.co/I3bysnoPrl,2569151,
2960535,817063,True,Wed Nov 29 20:33:08 +0000 2017,@AmazonHelp i have been waiting for a parcel which has been dispatched and said to arrive on Friday 13th October and still hasent arrived?,2960534,
2922504,808786,True,Wed Nov 29 02:05:08 +0000 2017,405-7566645-1730733 @115850 . Voucher not received. Very sad. Lost 250,2922501,
2662641,750420,True,Sun Nov 19 08:52:55 +0000 2017,"寒くなってきた。
毎度毎度寒さが辛いので
腹巻をAmazonでポチッた",2662640,
2881280,799499,True,Tue Nov 28 08:57:26 +0000 2017,@AmazonHelp わざわざありがとうございますm(_ _)m,2881278,2881281.0
1239308,410698,True,Mon Nov 13 10:23:25 +0000 2017,@AmazonHelp Amazon item. Lots of apologies and promises of investigations.,1239310,1239307.0
785799,307482,True,Thu Oct 12 09:18:41 +0000 2017,@AmazonHelp The reset is succesful &amp; i got the confirmation email but when i try to sign in it still says locked https://t.co/6OaVIGX8Wv,785800,785798.0
167917,155062,True,Fri Nov 24 21:17:52 +0000 2017,@AmazonHelp FC Barcelona https://t.co/E4oXtfmY4I,167918,167916.0
1207591,403540,True,Wed Oct 25 10:10:28 +0000 2017,@AmazonHelp So sad😫,1207593,1207590.0
2932796,811059,True,Wed Nov 29 09:56:19 +0000 2017,@AmazonHelp Amazon KindleじゃなくてAmazon Echo待ちでしたwもちろんKindleもバリバリ愛用させて頂いております♪( ´▽｀),2932798,2932795.0
1183975,398404,True,Tue Oct 24 22:44:19 +0000 2017,"@115821 where is my f************* cd ? Wu cds are rare, please deliver mine https://t.co/TFqrsK4FPW",1183973,
2877853,772732,True,Tue Nov 28 06:39:25 +0000 2017,"@18220 @115850 If I buy a new mobile after few days go for service centre, then why i buy a new mobile? I request to @18220 inctake action to @115850 otherwise amazon.in do again and again with it's customers.
Also i upload above a screenshot of tweet with amazon.in Thank you. https://t.co/s2XaReb1OD",2877852,2877854.0
2529714,720187,True,Mon Oct 30 09:49:53 +0000 2017,"@AmazonHelp Yes Sir,I reported,they assured me too 4 d return &amp;said pickup agent vl contact U but nothing done.",2529715,2529713.0
1363573,437498,True,Mon Oct 16 14:55:28 +0000 2017,@AmazonHelp I went through numerous reviews which mentioned that the products sold were not genuine. The picture shown does not match the actual bag.,"1363575,1363576",1363572.0
145843,149076,True,Fri Nov 24 13:49:43 +0000 2017,"Today thousands of people will cram themselves in shopping centers to get great deals.  These people apparently have never heard of the internet.
@115821 
#BlackFriday2017",145842,
142809,148240,True,Fri Nov 24 12:51:38 +0000 2017,"1st my order of 1+5T gets canceled, then when I try to book it again, I dont get the HDFC CC cash back, being informed by Amazon that offer can be availed only once per card. But where have I availed the benefit. I hv lost my booking again. @119862 @115850 https://t.co/FtRHO4NmNc","142808,142810",
2465352,297694,True,Sun Oct 29 19:35:30 +0000 2017,"@AmazonHelp Sorry, a amazon drop locker?",2465351,2465353.0
2334536,325659,True,Fri Oct 20 02:08:56 +0000 2017,@AmazonHelp esta daqui https://t.co/BHmOaxSCpA,"2334534,2334539",2334540.0
2322595,673002,True,Thu Oct 19 23:57:41 +0000 2017,I just realized I ordered an @115821 fire stick &amp; I never received it.. this is what i get for checking out under guest lmao,2322594,
1558059,481573,True,Sat Nov 04 12:37:03 +0000 2017,@115850 Order# 408-7019058-8016314. Ordered a JBL headphone received a damaged one. I asked for replacement and got a duplicate JBL product in which the sound splits/burst as soon as base pick up. Did not expect such a bad experience from amazon. Please refund and compensate.,1558058,
2532219,450491,True,Mon Oct 30 19:51:29 +0000 2017,@AmazonHelp Been like that since about 2 o'clock,2532221,2532218.0
9141,117637,True,Tue Oct 31 22:53:44 +0000 2017,WHAT DOES THIS MEAN @115821 https://t.co/jW02hoSsPp,"9140,9142",
280383,182810,True,Fri Oct 06 12:21:07 +0000 2017,@AmazonHelp I have given my details endlessly literally fed up for 4 mnths followup and u begin with step 1 ?really ?,280384,280381.0
1276257,131541,True,Thu Oct 26 15:03:26 +0000 2017,@115850  you suck. https://t.co/jOzja2Cf6m,1276256,
861290,324507,True,Fri Oct 20 17:24:56 +0000 2017,@AmazonHelp Already done boss. In touch with them since 10 days.hopefully they are also as fast as digital team..,861292,861289.0
149126,149978,True,Fri Nov 24 14:55:22 +0000 2017,@120533 https://t.co/m0QMHQSe87,149124,
1570836,484388,True,Wed Oct 18 12:02:10 +0000 2017,@AmazonHelp I already share details yesterday but still not solve yet,1570837,1570835.0
2460267,704511,True,Sun Nov 26 19:02:29 +0000 2017,@AmazonHelp USPS. Luckily I was able to literally drop everything I was doing and speed over there but I didn’t really need the stress of trying to get it before it was stolen.,2460269,2460266.0
589997,259504,True,Sun Dec 03 17:16:45 +0000 2017,"@AmazonHelp Contact téléphonique, c'est payant ?",589998,589996.0
572870,254623,True,Sun Dec 03 05:21:54 +0000 2017,"あぁ。。

Amazonビデオで間違って字幕版レンタルしてしまった。。

400円ちゃん。。😭",572869,
739057,296758,True,Wed Oct 11 13:06:23 +0000 2017,Say this for @115821 - I had an issue with an order (broken items) and they resolved it in about six seconds. Customer service!,739056,
1147798,390130,True,Tue Oct 24 18:10:00 +0000 2017,@115850 Yes. I chose the option of contact seller and gave a feedback.,1166679,1147796.0
1953543,579969,True,Thu Nov 16 12:04:38 +0000 2017,@115830 any chance you could dispatch order from 10/11 that was supposed to be delivered this week and no one seems able to update me about? 🙄,1953542,
227370,170233,True,Thu Sep 28 10:04:44 +0000 2017,@AmazonHelp What happnd you cheaters...when r u planning to deliver...I was promised for this afternoon. #BycottAmazon @115850  @AmazonHelp,227369,227371.0
1645544,502833,True,Tue Oct 17 14:05:16 +0000 2017,@AmazonHelp It’s irreplaceable too. Lucky I love @127390 too much to part with a signed copy. But shouldn’t have happened. Take better care of books!,1645547,1645543.0
51612,127584,True,Wed Nov 01 18:10:05 +0000 2017,"@AmazonHelp 1st I called,amazon Call center dey said u will receive cheque.2nd time I called they said money will be credited soon.3rd time call to bank",51614,51611.0
1108342,210803,True,Wed Nov 08 15:04:45 +0000 2017,"@115850 @AmazonHelp 
May i know difference between these 2 product https://t.co/FRrKwMQ0vS",1108341,
2806635,782782,True,Wed Nov 22 03:37:26 +0000 2017,"@AmazonHelp This is the information I have, says it was delivered at 11AM when I was home and received nothing. https://t.co/MNP4LB6nUp",2806633,2806637.0
1028142,363309,True,Mon Oct 23 03:40:05 +0000 2017,@AmazonHelp I will give it a look,1028140,1028145.0
1346700,434044,True,Wed Oct 18 17:26:42 +0000 2017,"@AmazonHelp Numerous times over the last several months yes, and relief hasn’t been an option",1346698,1346707.0
485184,230442,True,Fri Dec 01 15:24:55 +0000 2017,@AmazonHelp Thanks!,485183,485185.0
2531240,452009,True,Thu Nov 16 09:01:43 +0000 2017,@AmazonHelp This has never been mentioned in terms. If that’s the case why you have waitlist. This is clearly mismanagement and fraudulent advertisement. Can I get a callback for discussion.,"2531241,2531242",2531239.0
264772,179073,True,Tue Oct 10 06:05:53 +0000 2017,"@AmazonHelp Again,prod markd as delivrd bt i havnt received it.@115850 @115821 making it worse now.","264771,264773,264774",264775.0
312985,190746,True,Sat Oct 07 04:59:35 +0000 2017,"@AmazonHelp Canceled order, what's personal. Pathetic service visible to all @115851","312987,312988",312984.0
583506,257623,True,Sun Dec 03 14:04:27 +0000 2017,@AmazonHelp idk no one knocked or rang the doorbell we just found out it was there because our neighbour told us,583508,583505.0
1057328,369653,True,Mon Oct 23 12:19:59 +0000 2017,@AmazonHelp You provided the service to sell the product and because you delivered it broken we should be given a replacement at the price we paid for??,"1057329,1057330",1057326.0
553406,249063,True,Sat Dec 02 19:54:04 +0000 2017,Amazon employees out here launching packages like they are newspapers. 📦📦📦 @115821 @AmazonHelp #amazonfail,553405,
111898,140848,True,Thu Nov 23 20:17:46 +0000 2017,I pay for @115830 Prime Why is the one day delivery telling me it will be 5 days?,111896,
1406783,446983,True,Wed Nov 01 22:10:27 +0000 2017,@AmazonHelp Filha das Trevas,1406782,1406784.0
350343,199339,True,Wed Oct 11 13:00:40 +0000 2017,"@AmazonHelp I contacted Bosch customer service to get the installation done and they visited today, while installation they found damage in product.",350345,350342.0
2533238,716386,True,Mon Oct 30 12:01:45 +0000 2017,@AmazonHelp how could you peope manage to lie when your department other agent say wait for end of today to get resolution!!,2533237,
1083235,375524,True,Sun Oct 15 02:16:54 +0000 2017,I hate you @115821 😤😬,1083233,
1550789,479951,True,Sat Nov 04 03:15:16 +0000 2017,"私アマゾンのプライム会員だったんかいっ。
無意識に会員になってるアプリあるかな…お金引かれてるのとか見てないからなぁ、こわっ","1550788,1550790",
63914,130681,True,Thu Nov 30 15:54:54 +0000 2017,"@AmazonHelp Entendi, obrigada",63916,63913.0
1079385,374607,True,Mon Oct 16 03:27:49 +0000 2017,@AmazonHelp I have completed all the formalities from my side. Now check the detail with your end. Check your draconian policies. You hacked my money.,"1079386,1079387",1079384.0
1905603,567837,True,Wed Oct 18 12:54:54 +0000 2017,@115825 Wann kommt die TV App für Grundig Smart Inter@ction 4.0 + raus?,1905602,
459986,224299,True,Fri Dec 01 01:44:49 +0000 2017,.@115821 I wholeheartedly expect that you will come through in the next 15 minutes. Don’t let me down... https://t.co/FFYS1ssq7R,459985,
2722385,739889,True,Tue Oct 31 18:04:38 +0000 2017,Et @132988  depuis quand tu déposes à poste sans sonner alors que chez moi à t attendre ? Pas hauteur du #serviceclient @2600,2722383,
247534,174812,True,Sat Oct 07 14:34:12 +0000 2017,@AmazonHelp pague con débito no he recibido el deposito en la tarjeta,247535,247533.0
232886,171436,True,Thu Oct 05 12:30:03 +0000 2017,@AmazonHelp Already done Pls check,"232887,232888",232885.0
2752522,770560,True,Tue Nov 21 01:03:21 +0000 2017,there needs to be a way to report reviews. I'm tired of having to read reviews that have nothing to do with the product. @115821,2752521,
359783,201215,True,Sun Oct 08 17:00:48 +0000 2017,"@AmazonHelp Hola! GRACIAS! Todavía no por ahora hay familia en casa, solo he podido modificar el OLED https://t.co/SHN42KmqKg",359785,359782.0
2886525,385931,True,Wed Nov 29 04:32:08 +0000 2017,@AmazonHelp Figured it out. I had to go to my US amazon account and transfer it to India. This inspite of going to the Indian Store first and setting my country preferences.,2886623,2886524.0
866146,325663,True,Fri Oct 20 17:05:28 +0000 2017,Really @115821 ? A bubble mailer? My FE:Warriors SE got crushed. https://t.co/zIw1k6xHSX,"866145,866147",
1114334,382994,True,Sun Oct 15 11:23:44 +0000 2017,@382995 アマゾンから支払い確認メールこないから困ってる,1114333,1114335.0
129207,145090,True,Fri Nov 24 05:43:52 +0000 2017,@AmazonHelp mt obrigada!,129209,129206.0
519775,239954,True,Sat Dec 02 04:10:24 +0000 2017,"@AmazonHelp Can you give me a number or link to talk to someone past 1st level customer service because I 'chatted' with someone tonight who was no help, wanted to resolve the issue by telling me they were a customer too and just to wait a few days!",519776,519774.0
2154427,632973,True,Thu Nov 09 02:23:18 +0000 2017,@AmazonHelp if i order a package would i be able to still have the tracker even though the package i ordered didnt arrive by the date it was estimated to arrive?,2154426,
1581319,306603,True,Sat Nov 04 19:02:47 +0000 2017,@115821 @AmazonHelp I’m bout to call headquarters!,1581318,1581320.0
1081384,375097,True,Tue Oct 24 20:01:50 +0000 2017,@AmazonHelp Hi @AmazonHelp  I wrote my email to tenor after your team stated for service denial letter.  No response from @122596 no acknowledgement,"1081386,1081387",1081383.0
381420,206453,True,Mon Oct 09 08:15:24 +0000 2017,Need to invoke handset guarantee valid for 1 year.  Purchase was made vide amazon India.  Order summary attached.,381416,381425.0
617078,266402,True,Wed Nov 22 13:55:51 +0000 2017,@AmazonHelp vais a reponer el stock de Horizon: Zero Dawn? Al llegar a casa ya se habían agotado. 😢,617076,
761189,301876,True,Wed Oct 11 20:30:15 +0000 2017,@AmazonHelp It was sold and dispatched by Amazon,761191,761188.0
348967,199064,True,Sun Oct 08 06:13:55 +0000 2017,"Biggest discount lightning deal on @115850 save you Rs.1
🤔🤔🤔🤔😝😝😝😝

Lightning deals are becoming jokes 🤡😎😀😁😉😊😋🤗🤗

https://t.co/BXn64d7CSE https://t.co/gFJQugLRQB","348966,348968",
130310,145403,True,Fri Nov 24 06:06:59 +0000 2017,@116875 Habrá CyberMonday?,130387,130309.0
286316,184207,True,Fri Oct 06 14:33:13 +0000 2017,putaça porque tentaram fazer uma compra de U$ 800 na minha conta da @AmazonHelp. email de suporte me falou pra usar o site mas NÃO CONSIGO. https://t.co/g7FxaMh0uk,"286315,286317,286318,286319",
1209072,403851,True,Wed Oct 25 10:55:03 +0000 2017,@115830 hi I'm having a problem getting money refunded to me from amazon. I cancelled an order and was told I wouldn't be charged but was,1209070,
924456,203264,True,Sat Oct 21 13:46:26 +0000 2017,@115821 prime is a waste of money! Half of the things I order DO NOT come in two days. What a guarantee!,924453,
333985,195586,True,Sat Oct 07 17:09:58 +0000 2017,@115850 status of my order updated as delivered but product not received. https://t.co/OzTEeC3VdN,"333984,333986,333987,333988",
2897563,802823,True,Tue Nov 28 17:08:23 +0000 2017,@119625  Please increase anime content in India.,2897562,
2393487,689144,True,Tue Nov 14 11:41:08 +0000 2017,@AmazonHelp ありがとうございます〜〜これからもよろしくお願いしますm(__)m,2393489,2393486.0
788628,199122,True,Thu Oct 12 11:02:39 +0000 2017,@2155 @115823  attracting customer to add money d form of cash back n doesn't provide option of transfering to bank a/c @120781,788627,
326727,193847,True,Sat Oct 07 16:20:33 +0000 2017,"@AmazonHelp a customer rep told me that I'll get a refund of $4.49, and sent me a conf. email, but will it be on my GC balance or my card?",326725,
323394,193010,True,Sat Oct 07 14:17:47 +0000 2017,"@AmazonHelp: @3375. One order tossed onto lawn. Friday pkg left overnight at gate near street. No notification until today. 
BAD",323392,
2252982,411322,True,Fri Nov 10 20:26:40 +0000 2017,#amazon checkout is down. @115821 any update on a fix timeline?,2252980,
1166787,394452,True,Sun Oct 15 19:33:35 +0000 2017,@115825 wieso sind die Untertitel bei der neuen Staffel von Mr.Robot nicht mehr ausblendbar?,1166785,
1606235,493443,True,Tue Oct 17 17:48:08 +0000 2017,@AmazonHelp I have sent you the details....but no acknowledgement / revert till time.,1606237,1606234.0
2715910,762373,True,Mon Nov 20 05:07:43 +0000 2017,"@115850 what's the benefit of become a prime member when u unable to deliver it on time?? I want my shipment to be delivered by today itself.
Order#403-9908387-6093115","2715909,2715911",
434457,218235,True,Tue Oct 10 16:15:18 +0000 2017,"@AmazonHelp pero hasta el viernes no podré ir a recoger, como tantos otros pedidos con @135806",434454,434463.0
559864,250920,True,Sat Dec 02 21:58:38 +0000 2017,@115821 prime has let me down twice this week. 🤷🏻‍♂️🤷🏻‍♂️,559863,
1429491,137095,True,Thu Nov 02 06:23:53 +0000 2017,@AmazonHelp PLEASE ESCALATE Order 406-5479718-3481931AND SHARE ME THE STATUS,"1429490,1429492",
2787694,778235,True,Tue Nov 21 19:17:10 +0000 2017,"@AmazonHelp Sent the DM, it includes a picture with the order number and what's happening",2787693,2787695.0
1423767,450844,True,Thu Nov 02 10:06:52 +0000 2017,"どうしてもお急ぎ便を無料にしたくてAmazonプライムの1ヶ月無料に手を出してしまい、まんまと解約忘れて継続になっちまった(&gt;_&lt;)💧
一ヶ月で一本も何も視聴してないし、今後もそんなに観れると思わないし、もったいない💦",1423766,
2819890,785975,True,Mon Nov 27 05:57:24 +0000 2017,"@AmazonHelp Look KB, no need to escalate the situation, just refund me and stop using Amzl. No shit 7/10 things I got from them were late, missing, or delivered to my neighbor.",2819889,2819891.0
1429824,452069,True,Thu Nov 02 06:53:47 +0000 2017,So @115821 #Alexa + #Sonos + #AppleMusic combo doesn't work. Am I doing something wrong 🤔?,1429823,
934381,341646,True,Sat Oct 21 16:44:24 +0000 2017,@AmazonHelp It says that it was dispatched from a depot 15 miles away today. Then 4 minutes later that delivery was “unsuccessful” same as yesterday...,934380,934382.0
1108236,270757,True,Sat Nov 04 14:27:36 +0000 2017,"@138673 @115850 Pay few hundred more and buy from others instead of buying fake mobiles at Amazon. I HV been duped, so appeal to all, avoid Amazon",1574963,1108234.0
567533,253113,True,Sun Dec 03 01:58:52 +0000 2017,@AmazonHelp please help me!! My product is ‘waiting for collection’. Nowhere can I find which company it is and it’s not at my local post office and nowhere on email or tracking. I am completely lost!!!!,567532,
1547225,479066,True,Sat Nov 04 07:45:52 +0000 2017,@AmazonHelp Spoken to customer service. Order stuck at dispatch. May arrive tomorrow.,1547227,1547224.0
784766,307270,True,Thu Oct 12 08:27:15 +0000 2017,"@AmazonHelp My shipment was arrived in lucknow on 9th october but your courier partner delhivey , not delivering my shipment.
Tracking id- 5180748630831","784768,784769",784765.0
419201,214978,True,Tue Oct 10 06:03:11 +0000 2017,@AmazonHelp いえいえとんでもないです。アマゾンに登録したアドレスにはメールが届いた(ただし正しく表示はされない)のですが、アマゾンのサイトのメッセージセンターには今回のお問い合わせについてのメールが表示されていない、という状態です。説明がわかりづらく申し訳ないです。,419202,419200.0
2929512,810413,True,Wed Nov 29 06:54:37 +0000 2017,"@AmazonHelp I have received refunds in the past, but no changes have been made to ensure that items don't arrive damaged, so, as I said, I'm kinda done",2929514,2929510.0
979505,352294,True,Sat Oct 14 08:41:18 +0000 2017,"@AmazonHelp Where are PS4 , Xbox , PC or mobile games here? Is this what you call gaming? Very sad to see that your company launched XboxOne in India. https://t.co/8L8H3DN47E",979507,979503.0
1313072,426787,True,Fri Oct 27 06:24:42 +0000 2017,"@426788 @306021 @115821 do you have any steps/guide link/s on ordering from Amazon US/UK to Mumbai, India?",1313071,1313073.0
1631547,499321,True,Sun Nov 26 04:13:36 +0000 2017,"Esos de @116875 están muy cabrones, me entregaron mis productos en 15 horas!!! 
Ya soy de ellos!",1631546,
222836,169222,True,Thu Oct 05 03:11:03 +0000 2017,"@AmazonHelp No delay, just this notification that I got like an hour ago. I just don’t get why it would take so long? Is it the holiday? https://t.co/leF3vMMCIT",222835,222837.0
1711396,510477,True,Tue Nov 07 01:53:25 +0000 2017,"@115830 I’m having problems with the app, not letting me see my orders or contact customer serv. says error occurred",1711394,
2828033,787655,True,Mon Nov 27 11:43:14 +0000 2017,@108423 @108424 @115850 @AmazonHelp @115851 @14398 Can you share me any platform to create link by Amazon,2828813,2828032.0
1153243,391349,True,Sun Oct 15 17:40:39 +0000 2017,El servicio #Prime de @116875 es una belleza! En 12 horas llegó mi pedido 😜 https://t.co/AHhfZM6LhS,1153241,
416101,214235,True,Tue Oct 10 00:53:25 +0000 2017,"Amazonで頼んだのに
支払いメールすらこない",416100,
1075169,373680,True,Mon Oct 23 17:18:42 +0000 2017,"@AmazonHelp Amazon US

It may have been delivered to the wrong address though",1075170,1075168.0
2604206,736892,True,Fri Nov 17 09:33:16 +0000 2017,"That's the second game preorder in the space of a week that @115830 have messed up. Poor show! Just cancelled the second one now. Will get it somewhere else. Again, remind me why I pay Prime membership for orders?",2604204,
646726,273595,True,Wed Nov 22 18:35:03 +0000 2017,@115850 scheduled a return as on 17nov but no one has come to me to collect that.,646725,
227765,162760,True,Thu Oct 05 08:09:04 +0000 2017,@AmazonHelp Yes I can. I do not use amazon.ca or amazon.it so i do not understand whats going on,227767,227764.0
1519057,472337,True,Sat Nov 04 10:56:20 +0000 2017,"@AmazonHelp Update: Aún sigue deshabilitado, pueden darme un número gratuito de atención para llamar y ver dónde está mi pedido? https://t.co/ODYFfvJyzC",1519058,1519056.0
292789,185733,True,Fri Oct 06 16:23:14 +0000 2017,"@115850 @AmazonHelp my daughter cheated by amazon.iphone shown delivered,but still not recd.orderno-4__credit_card__ chasing from10 days","292790,292791,292787,292792",
267315,179719,True,Thu Oct 05 15:21:18 +0000 2017,amazonでなんか買おうと思ってたけど忘れた,267314,
2313983,669888,True,Thu Oct 19 21:37:42 +0000 2017,@AmazonHelp HELP,2313982,
284398,183737,True,Fri Oct 06 17:56:08 +0000 2017,@AmazonHelp This Doesent help-Ur team replied it was not ordered by my login they cud not give information to me. Plz suggest-m nt asking state secret.,284399,284396.0
575986,255527,True,Sun Dec 03 08:17:31 +0000 2017,@115850 any ETA of Xbox One X in India  ?,575985,
343668,197797,True,Tue Nov 07 02:16:56 +0000 2017,@AmazonHelp You guys had no problem charging my account right away.,343667,343669.0
2911640,806019,True,Tue Nov 28 23:20:49 +0000 2017,@AmazonHelp Dommage que le livreur ne m'ai pas appelé pour vérifié que je suis là,2911641,2911639.0
1496669,466369,True,Fri Nov 03 11:56:22 +0000 2017,@115850 ur return page in app says please return the item through a carrier who has package tracking facility. It says EMS speed post is a preferred service. But I don’t know why @115850 do not use EMS Speed Post for delivering the items. 1/n,1496668,
317884,191859,True,Sun Oct 08 08:28:57 +0000 2017,"@AmazonHelp Morning! I arranged to drop a product in an Amazon locker, having requested a replacement through the site, but I got this. Any ideas? https://t.co/8mNvArTOSP",317885,317882.0
1509309,470329,True,Fri Nov 03 13:54:03 +0000 2017,"@115850 
Check the price Amazon charging upto 20 times the MRP Great. https://t.co/c3pl96iFP8","1509307,1509312",
205996,164791,True,Mon Nov 06 12:05:38 +0000 2017,"@AmazonHelp But I was already given that option earlier. I emailed my concern, and got a reply that was totally off topic. I’m not sure anyone read it",205995,205997.0
1032368,280270,True,Fri Oct 27 16:37:12 +0000 2017,@AmazonHelp I have still not got any resolution. Filled the form again.,"1032369,1032370",1032365.0
1506350,469590,True,Mon Nov 20 05:56:24 +0000 2017,"やばい携帯でアマゾンやってたらプライム押しちゃって、解除の仕方わからないまま注文が確定してしまった...
Airstick買ってる身としては、プライムになるとFireTVの絡みがあるからなんかもったいない気がしてしまうんだがとりあえず30日間やろうかね^^;",1506349,
379365,206017,True,Mon Oct 09 06:57:50 +0000 2017,@AmazonHelp I had a scheduled furniture assembly yesterday which never happened. Upon calling the customer care they could not help much apart.,"379368,379369",379363.0
2470068,706547,True,Wed Nov 15 10:58:30 +0000 2017,@AmazonHelp Please find all details of order no. 405-3693108-4127531.,2470067,2470069.0
314222,191019,True,Sat Oct 07 09:10:13 +0000 2017,"@AmazonHelp Merci bcp de votre compréhension, il faudra sévir sur vos partenaires de livraison tt de même.",314223,314221.0
319457,301874,True,Sat Oct 07 09:32:12 +0000 2017,@115850 Please Reveal The Answers,761183,319456.0
361347,195144,True,Sun Oct 08 17:05:05 +0000 2017,@AmazonHelp faced aweful experience from amazon. They said we will deliver your product on priority. When i self visited courier center,361344,
2337964,186672,True,Fri Oct 20 10:05:27 +0000 2017,@AmazonHelp Already have!!!!!!!!!!!,2337965,2337963.0
1020147,361393,True,Sun Nov 26 03:26:54 +0000 2017,"@AmazonHelp Thank you. Have reported it. If and when I get my replacement, it will take a week I was told. So what's the point of trying to get the ""first view""? @132994 @139570 @132995",1020149,1020146.0
1260188,363468,True,Thu Oct 26 11:56:00 +0000 2017,@AmazonHelp I will wait,1260189,1260187.0
2278362,662461,True,Sat Nov 11 19:41:24 +0000 2017,"@AmazonHelp Don't need to include any details. Have you the truck # &amp; what he did, &amp; what time.",2278364,2278361.0
651685,274975,True,Tue Oct 10 18:35:16 +0000 2017,"@AmazonHelp Had not used feature before, trying now due to travel but the button simply does not exist. Re-installed, no change.",651687,651684.0
262146,178439,True,Thu Oct 05 22:05:33 +0000 2017,"@AmazonHelp Directo de Amazon, ya hice la solicitud de devolución, pero @178440 no me acepta mis números de guía o me deja colgado.","262145,262147",262148.0
2791972,779212,True,Tue Nov 21 20:41:32 +0000 2017,@AmazonHelp Between the 22nd and 23rd which is absolutely no good to me now as I needed the item today!,2791971,2791973.0
2794247,779779,True,Tue Nov 21 21:36:32 +0000 2017,@120540 @115821 When will the 8th gen i5-8400 come in stock? I've been waiting for a reasonable price for a long time now,2794245,
1188601,399504,True,Wed Oct 25 05:07:45 +0000 2017,Pathetic &amp; unprofessional service by @149473 I think it's time @115821 rethinks its courier partner. Order undelivered since 10 days,1188599,
1342616,433136,True,Fri Oct 27 15:51:30 +0000 2017,I’m so mad lmao So I ordered a rug from @115821 for my LIFE SIZE ROOM and got this https://t.co/qjIUrpDIUj,"1342615,1342617",
283498,183536,True,Fri Oct 06 13:13:06 +0000 2017,@AmazonHelp 😢😢😢😢  Merci quand même,283500,283497.0
39558,124647,True,Wed Nov 01 14:58:11 +0000 2017,"I got my refund from @115821 for my copy of odyssey, but was hit with a restocking fee because their delivery people can't do their job.",39557,
1594609,490009,True,Sat Nov 04 20:14:10 +0000 2017,@115825 meine firetv zeigt Werbung für @16280 mit der Jury vom #rtl #supertalent  ist das normal? Ist mein stick krank? 😎,1594608,
602275,262963,True,Sun Dec 03 22:02:08 +0000 2017,"Bonjour @132988 et @115821, on a volé un colissimo déposé en boîte aux lettres et c est l un de vos livreurs.existe-t-il un moyen de savoir quelle société est passé livrer dans mon immeuble le 30/11.merci d avance",602273,
547969,247495,True,Sat Dec 02 17:34:16 +0000 2017,@115850  Can your customer care team reach me now??? during your sale on no cost EMI conversion you have charged my card for more amount then product price. My number is 9686911186. Thanks,"547968,547970",
2495768,712281,True,Mon Oct 30 02:19:01 +0000 2017,"@AmazonHelp Yes.  Order should have been delivered by 8pm today.  Part of the order was delivered, part was not.",2495769,2495767.0
2137368,628717,True,Thu Oct 19 08:46:04 +0000 2017,@AmazonHelp En lo que me envías hay una lista de transportista pero No se quien es el mío. No encuentro el dato en ningún sitio.,2137370,2137367.0
308200,189590,True,Sat Oct 07 13:58:08 +0000 2017,@AmazonHelp Me encantaría saber por qué está bloqueada mi cuenta si hace años que no la uso. Intento entrar después de un tiempo y me encuentro con esto,308202,308199.0
1723407,521080,True,Tue Nov 07 09:06:43 +0000 2017,"@521079 @69544 @115830 Yeah, I’ve tried but they’re saying “we can’t deliver to another address or set it as pre-midday deliver. Get a neighbour to courier?”",1723406,1723408.0
2799383,781031,True,Wed Nov 22 00:05:26 +0000 2017,@AmazonHelp #Amazon is Trash,2799384,2799382.0
2296983,666842,True,Sun Nov 12 12:58:36 +0000 2017,"If I buy something from amazon on 11/12/17 and its a 1 day shipping but i bought it at like 5am and its a one day shipping, does it come the 11/13/17 or 11/12/17 at 8pm @115821",2296981,
2702048,758983,True,Sun Nov 19 21:03:30 +0000 2017,@115830 So still no sign of food. No info other than there is a “problem.” Not possible to cancel! @115830 usually top drawer but this is all garbage.,2702047,2702049.0
2802305,371729,True,Wed Nov 22 01:00:58 +0000 2017,@115850 @127187 @132981 Is been more than a week and they are ducking on tickets! Selected ASIN mentioned was resolved but still image violated guidelines. Have a look at my another tweet Best Seller cannot be added to product images &amp; they keep adding year after year :( It sucks https://t.co/jcns5Plegz,2802304,2802306.0
619919,267145,True,Wed Nov 22 16:41:13 +0000 2017,"já chegaram meus livros que eu comprei na semana da black friday, obrigada @117086 por ser a melhor loja online para comprar livros &lt;3",619918,
2633037,288310,True,Fri Nov 17 18:54:36 +0000 2017,@AmazonHelp Give a link to chat with u,2633039,2633036.0
2597081,735317,True,Fri Nov 17 05:02:12 +0000 2017,"@AmazonHelp No hablar por celular y manejar, chocas 🤦🏼‍♂️",2597082,2597080.0
2019832,597298,True,Thu Oct 19 00:01:04 +0000 2017,"@AmazonHelp Sorry. Giving it up now, can’t follow up further. Seems you don’t understand",2019833,2019831.0
341295,197545,True,Sun Oct 08 06:41:34 +0000 2017,"@AmazonHelp アドバイスありがとうございます
もう返品のために送り返しましたので、大丈夫です",341296,341294.0
1481861,117770,True,Fri Nov 03 01:47:39 +0000 2017,@117795 your customer service is useless 🤦🏽‍♂️,1481860,
2877836,798790,True,Tue Nov 28 05:12:00 +0000 2017,"@115850, I have ordered a “antique jewellery” with order#408-8716503-8522740, order date# 29/Aug/17 and it has been delivered. Since I did not anticipate that to be in such design I have returned it back on the next day itself but refund has not reached my a/c. Pls consider.",2877835,
737159,192726,True,Wed Oct 11 12:03:00 +0000 2017,@AmazonHelp I have raised a return request 408-7456269-9685902 can you check is it refund or replacement?,"737157,737163",
842141,320312,True,Fri Oct 20 13:34:54 +0000 2017,@AmazonHelp That's it from company who says it is customer centric? No resolution of my problem?,842140,842142.0
509354,237014,True,Fri Dec 01 22:09:33 +0000 2017,Our @115821 package just arrived like this from @115817 I asked driver why it’s like that and he said “that’s what happens on the back of #ups trucks .. ((this is a mattress for our newborn)) @AmazonHelp @UPSHelp  do I send it back? https://t.co/yO4o8ez2Wj,509353,
1502933,468827,True,Fri Nov 03 16:00:35 +0000 2017,@AmazonHelp Qu’ils voulaient reprogrammer la livraison c’est tout ce que j’ai compris,1502934,1502932.0
1622197,497028,True,Tue Oct 17 13:02:49 +0000 2017,@AmazonHelp USPS,1622198,1622196.0
2867212,796302,True,Tue Nov 28 00:25:30 +0000 2017,@AmazonHelp - what is this?!?! My $7.64 item is showing up as $10? https://t.co/q6LZEk9b8a,2867210,
458998,224005,True,Fri Dec 01 01:12:48 +0000 2017,@AmazonHelp just got a Marshall Acton Bluetooth speaker from Amazon as a gift...and it came with the wrong power cord (the one on the left). Good thing I had a correct size spare. What gives? https://t.co/Nce47Qrh9v,458997,
2236417,652197,True,Fri Nov 10 18:25:08 +0000 2017,@120540 come mai spariscono le recensioni e non arriva notifica sulla mail di approvazione o meno?,2236416,
2333298,675302,True,Fri Oct 20 01:46:53 +0000 2017,Oye @123813 ¿Cuándo liberan  la app en México para Roku?,2333297,
2954510,815674,True,Wed Nov 29 21:23:41 +0000 2017,"@AmazonHelp du coup je paye prime pour être livré en un jour, ca va prendre plus d'une semaine... C'est quoi cette #arnaque ?",2954511,2954509.0
1341670,241852,True,Fri Oct 27 15:43:09 +0000 2017,@115850 Appreciate if you can arrange a delivery by 30th as this is a birthday gift. Order 402-9850399-6968340,"1341668,1341673",
322034,192724,True,Sat Oct 07 13:05:20 +0000 2017,On what planet is this packaging economic and environmentally friendly! @115821 https://t.co/17RdJ3Uha7,322033,
1121751,328356,True,Tue Oct 24 06:36:52 +0000 2017,@AmazonHelp But when it has reached the nearest hub what's the problem in delivering it before the estimated date?,"1121750,1121752,1121753",1121754.0
1173007,395895,True,Tue Oct 24 19:59:18 +0000 2017,"My latest Amazon package is delayed ""due to weather or natural disaster."" Location: Hialeah.",1173006,
1613543,494993,True,Sun Nov 05 12:49:55 +0000 2017,"そ〜いえば・・・金曜日にコタツを出したのですが・・・肝心の電源コードが見つからねー。。。（困）  毎年なんだけど、どこに行くんだろ〜？？  ニャンコも、ちっともあったかくならないもんで、ちょっと困ってますた。。。（困）  明日、Amazonから届きますww

#コタツあるある https://t.co/XIv4X4zA2g",1613541,
2110288,622504,True,Sun Nov 26 13:16:01 +0000 2017,"@AmazonHelp Tried all of that, still will not accept any phrase https://t.co/gIIXcb8bhw",2110290,2110287.0
1283849,420322,True,Thu Oct 26 18:17:04 +0000 2017,@AmazonHelp USPS,1283851,1283848.0
2405166,691792,True,Tue Nov 14 14:31:18 +0000 2017,"Amazon delivery drivers it’s a bit more “what, you again?!” when they repeatedly find themselves at my door.

I should probably leave the house occasionally and buy things from real life shops.",2405165,
1122754,384799,True,Sun Oct 15 13:55:03 +0000 2017,"@AmazonHelp No, just says dispatched with the same expected date of arrival. https://t.co/xCVYbCikwA",1122755,1122753.0
1668275,387750,True,Mon Nov 06 11:51:57 +0000 2017,@115821 @1016 @119736 @21988 @11852 STILL WAITING TO REFUND ME,1668278,1136551.0
2460720,252720,True,Wed Nov 15 07:38:56 +0000 2017,@AmazonHelp u can receive my id by ur orders no..,2460722,2460719.0
181162,158475,True,Wed Oct 04 12:39:44 +0000 2017,"@AmazonHelp Whynot simply u connect me with ur BD team, which looking after merchant on-boarding project ? Why r u making all these excuses",181160,181166.0
2405210,691799,True,Tue Nov 14 14:42:10 +0000 2017,@AmazonHelp @115850 Order No : 405-1690258-0505123 not delivered and msg comes attempted delivery made. No contact made by the delivery boy till date,2405209,
2795416,780051,True,Tue Nov 21 21:56:24 +0000 2017,"@117086 por favor, não se transformem na Saraiva 🤦 https://t.co/xJaQxgPvYb",2795415,
2495075,712125,True,Wed Nov 08 06:19:11 +0000 2017,Amazon Music Unlimitedだと。なんかオラわくわくしてきたぞ～！せっかくなので無料一ヶ月試してみるぞ！ https://t.co/dbL2tGSHYi,2495074,
2408652,692606,True,Tue Nov 14 20:06:44 +0000 2017,@AmazonHelp 20:00 and just get notified my parcel is late. I guessed that. Now delivering 15th or 16th. Not sure if Prime is worth it. Maybe time to return to eBay. #fedup,2408653,2408651.0
680672,282416,True,Thu Nov 23 08:44:35 +0000 2017,Good news peeps! I have paid for orders and have been delivered the Kindle books to my kindle app on android and windows pc. The purchased worked flawlessly! #AmazonDownunder Good work @115821 Australia,680670,
137105,146918,True,Thu Nov 23 10:52:40 +0000 2017,"@AmazonHelp Expecting date is 24 of November, hasn't been dispatched yet. 

How to expect it on time. Already waited for almost 20 days. 

Seriously, look into this. 
Being no 1 worldwide this is your responsibility to satisfy the needs of the customer. 

I'm not at all happy this time!! https://t.co/pHmhkrezyl",137104,137106.0
2627636,161058,True,Fri Nov 17 16:52:38 +0000 2017,Ya acabé la primer parte de los regalos navideños ¡Gracias @48804 + @116875!,2627634,
1530922,474948,True,Tue Oct 17 01:57:27 +0000 2017,@AmazonHelp This is what i get https://t.co/ScSlKQaCuA,1530925,1530919.0
1323542,428852,True,Wed Oct 18 07:51:48 +0000 2017,@115850 @AmazonHelp @115851 @146956 @15471 Today morning they promised me saying product will get delivered to me by 1 pm (1/3) https://t.co/VZKMmzBhmH,1323541,
1449045,456241,True,Mon Oct 16 19:22:25 +0000 2017,Anyone know how to recalibrate the @116439 stick it’s blown out on my tv screen and I can’t figure it out,1449043,
987363,353963,True,Sun Oct 22 12:08:09 +0000 2017,@AmazonHelp Details shared in the form. Waiting 4 ur needful,987364,987361.0
262947,178651,True,Thu Oct 05 23:53:42 +0000 2017,"@AmazonHelp I paid for the album, it says it's in my library, but it isn't",262949,262946.0
338583,196825,True,Sat Oct 07 22:44:37 +0000 2017,@116618 we'd like our $4 back for #BladeRunner - movie kept stalling.,338579,
984171,323508,True,Sat Oct 14 09:10:52 +0000 2017,"@115850 Amazon seller and customer care are pathetic or ""hadd se jyada bura*"" ... Buy at ur own risk.",993929,984168.0
1728567,522618,True,Tue Nov 07 11:00:52 +0000 2017,This is how @115850 was doing....... #ShamefullAmzaon https://t.co/HKDFDWVLD2,"1728566,1728568",
877614,192844,True,Sat Oct 21 04:00:30 +0000 2017,"@AmazonHelp I am sure you are working on it, you better work harder. Just a simple question:When can I expect my order to be delivered ?",877615,877613.0
605037,263823,True,Wed Nov 22 10:59:30 +0000 2017,@AmazonHelp This order was placed from https://t.co/AXhnk2bXiL and order number I shared was emailed to me and I can even see it in my https://t.co/AXhnk2bXiL order details. Please check once again properly. Order no: 112-0587069-9279451,605039,605036.0
2412604,232323,True,Tue Nov 14 17:08:18 +0000 2017,@AmazonHelp Por poneros un ejemplo... Y pendiente de llegarme tengo ropita y zapatos. Es tan fácil... https://t.co/QVzQYUbuMg,2412606,2412603.0
1229509,408377,True,Mon Oct 16 01:10:40 +0000 2017,@AmazonHelp It was out for delivery at 9:00 this morning. How is it not here yet?,1229510,1229508.0
137161,146931,True,Fri Nov 24 09:07:01 +0000 2017,@115821  gav me yor customer number,137160,
1616801,495798,True,Sun Nov 05 13:54:33 +0000 2017,Faites attention @120533    https://t.co/wJhVZfvuB5,1616799,
590815,259751,True,Sun Dec 03 17:48:07 +0000 2017,"@AmazonHelp The product wasn't damaged but that's not the point. Your #carriers are more worried about making money than maintaining package integrity. This is the ""update"" on our printer. https://t.co/ZBNlcHGrgZ",590816,590814.0
35196,123665,True,Sat Nov 04 12:17:55 +0000 2017,"@AmazonHelp Bonjour, il faudrait aussi mettre le livre en ""Football"" plutôt que ""Hockey"". La première requête a été exhaussée mais pas celle-ci. Merci.",35198,35195.0
1990169,588983,True,Wed Oct 18 19:06:48 +0000 2017,"Hallo @AmazonHelp, würdet ihr bitte die Untertitel aus Mr Robot S3 streichen? Selbst wenn ich sie abwähle, sind sie immer noch da. Uncool.",1990167,
2593119,734368,True,Fri Nov 17 02:43:24 +0000 2017,@AmazonHelp I have not been approved yet and I wanted to see if there was anyone I could speak with to expedite the process,2593121,2593118.0
2530499,720333,True,Mon Oct 30 10:07:54 +0000 2017,"I want to buy Method Wireless online from Amazon India. Please tell me how can I avail warranty? Contact for Warranty in Jamnagar, Gujarat",2530498,
1540478,214885,True,Mon Nov 06 23:57:42 +0000 2017,@AmazonHelp Here is the proof where I hv claimed repeatedly that @115850 will never deliver my order on time even with prime subscription. https://t.co/4PwWQ5QkI0,1540479,1540477.0
641768,272306,True,Wed Nov 22 21:11:22 +0000 2017,@AmazonHelp e os itens estão disponíveis,641769,641767.0
1143379,389111,True,Wed Oct 25 07:44:14 +0000 2017,@AmazonHelp Contact the amazon transport service Pune and let me know my package delivery status. It’s height for now. Yet product not out for delivery,1143380,1143377.0
1258940,414989,True,Thu Oct 26 08:48:22 +0000 2017,"@115850 Hi, can you update me when will OnePlus 3T be available in stock?",1258939,
1129887,386298,True,Tue Oct 24 11:44:26 +0000 2017,@AmazonHelp I have filled up the form. Please check and give me the solution asap.,1129889,1129886.0
285576,184033,True,Fri Oct 06 13:45:21 +0000 2017,@AmazonHelp The product is already returned to the seller now what's the use of this...Amazon is the most...........  Shopping site... Don't but from it,285575,285577.0
1223021,406982,True,Sun Oct 29 11:19:12 +0000 2017,@AmazonHelp You have sick policies ... Not listening tou customers is just arrogance unless the customer is wrong,"1223022,1223020",1223023.0
2166105,635745,True,Sun Nov 26 13:32:04 +0000 2017,@115821 and @115850 कृपया मुझे कॉल करे मुझे एक मशिन की जानकारी चाहिए,"2166103,2166107",
1132045,386756,True,Tue Oct 24 12:32:49 +0000 2017,@AmazonHelp Queríamos mesmo era ter mt dinheiro pra gastar tudo na nossa biblioteca amazon ahhahahaha né @386757,"1132047,1132048,1132049",1132043.0
2718514,762941,True,Mon Nov 20 07:42:53 +0000 2017,"@115850 order no.407-7748035-1883565.
Still didn't get refund. Discussed on call 5 times. Robbing Company of India.
#JeffBezos #shit",2718512,
2869523,796857,True,Tue Nov 28 02:03:44 +0000 2017,@AmazonHelp Yeah! For some reason your logistic department assumes they could take my package with them (instead of dropping it off) to be delivered again to me tomorrow. But I didn’t pay $20 extra for the that fancy feature and now I don’t need it anymore because it’s not here on time.,2869521,2869524.0
474188,227874,True,Fri Dec 01 10:22:51 +0000 2017,"@AmazonHelp Throughout this issue we have not had an email like that. Perhaps thats why no one is getting back to us? To be honest it is like they have a script. As all of them are saying the same thing, but not doing anything?",474186,474190.0
1219182,406047,True,Wed Oct 25 14:43:19 +0000 2017,"@AmazonHelp please stop suggesting this to me, i am happily married https://t.co/5fGD2En2xQ",1219181,
1553318,480571,True,Sat Nov 04 10:43:01 +0000 2017,"@AmazonHelp I’ve been signed up to Amazon instant video unlimited, I have no idea what that even is, this is the second time this has happened.",1553317,1553319.0
480333,229160,True,Fri Dec 01 13:06:04 +0000 2017,Amazonで商品買ったら勝手にprime登録されてたからせっかくだから1ヶ月満喫するかな,480332,
786502,307624,True,Thu Oct 12 09:56:06 +0000 2017,@AmazonHelp  https://t.co/eIkGQpcoL3,786504,786501.0
348211,198902,True,Mon Oct 09 06:04:16 +0000 2017,@AmazonHelp @18069 @115851 @118702 Worst service.,"348213,348214",348210.0
1135984,387623,True,Tue Oct 24 08:54:21 +0000 2017,@115850 my A-to-z Guarantee Claim for Order 171-5467726-6904356 seems to be stuck in a time warp since 6 weeks! No response from your team,"1135983,1135985",
1338024,432089,True,Fri Oct 27 14:21:19 +0000 2017,"@115825 hallo, ist der 7-tägige Testzeitraum für den Eurosportplayer über amazon prime nicht mehr verfügbar?",1338022,
1411564,415639,True,Wed Nov 01 23:17:47 +0000 2017,So @115830 where is my parcel?! It appears to have disappeared. https://t.co/gBOR3PqZPO,1411563,
651448,269781,True,Tue Oct 31 12:37:03 +0000 2017,"@120533 Vous pouvez m'expliquer ce curieux paradoxe de l'abonnement premium plus lent que le classique, mais qui donne qd même une reduc ? https://t.co/p0CK6qMWXZ",651446,
1021008,361606,True,Tue Oct 17 18:36:54 +0000 2017,@AmazonHelp I emailed on Saturday and still no reply! #help #CustomerService,1021010,1021006.0
950897,345556,True,Sat Oct 21 19:59:14 +0000 2017,@169994 @42072 @115821 what city. #fresnosucks,950896,950898.0
2949413,814533,True,Wed Nov 29 16:50:49 +0000 2017,Soooo the eyelashes I ordered on bitch ass @115821 never came 🙃,2949412,
285083,183920,True,Fri Oct 06 14:12:24 +0000 2017,"@AmazonHelp Ja,aber wirklich zufriedenstellend ist die Bitte,bis09.10.2017zu warten,nicht-zumal ich scheinbar trotzdem jeden Tag ne Aufforderung kriege.",285085,285082.0
315317,191268,True,Sat Oct 07 07:24:15 +0000 2017,@AmazonHelp The order confirmation email says ‘arriving 6th October’.,315318,315310.0
21896,120772,True,Sat Oct 28 09:50:18 +0000 2017,@AmazonHelp To see if they can support our school,21894,21897.0
2550692,724653,True,Mon Oct 30 15:34:15 +0000 2017,@AmazonHelp Pas de soucis . Par contre je voit que c'est un numero en 08xx i les surtaxé ?,2550693,2550691.0
810778,313186,True,Thu Oct 12 19:05:26 +0000 2017,@115821 @120533 es-ce que vous pouvez m'expliqé j'ai commander une souris et une enceinte pour le 12/10 pk je ne les ais pas  avec moi la,810777,
227732,174536,True,Thu Oct 05 15:04:28 +0000 2017,@119625 @12154 Just in time for my birthday❤,246460,227729.0
281946,183167,True,Tue Oct 10 09:49:43 +0000 2017,@AmazonHelp I have provided the details. Please update me now.,281947,281945.0
2319434,672256,True,Mon Nov 13 11:53:23 +0000 2017,@115821 @AmazonHelp @115850 disappointed by the worst service - I regret my decision by not ordering from @118702  #cheatedbyAmazon https://t.co/acEg0NJ3g0,2319433,
1953579,579972,True,Thu Nov 16 12:14:25 +0000 2017,@AmazonHelp How do I confirm that the transportation service is Amazon's or a pvt service.,1953578,1953580.0
2723988,764060,True,Mon Nov 20 11:30:18 +0000 2017,@AmazonHelp Hi I would like to change the connection path of my shipments What do I do?,2723987,
698758,286676,True,Fri Oct 13 02:42:22 +0000 2017,"@AmazonHelp Don't know how to answer this. I will say, practically every time I've ordered Prime, it's never been delivered on time.",698757,698759.0
534253,243710,True,Sat Dec 02 11:38:42 +0000 2017,@115821 no.. no the discount is NOT given at checkout. https://t.co/F8SELsvyo1,534251,
1246337,412405,True,Thu Oct 26 00:48:48 +0000 2017,@115821 Why is it that your Prime Now drivers have no idea how to use apartment call boxes.. This is the third time #primenow  #Amazon,1246335,
1522607,473140,True,Fri Nov 03 21:02:47 +0000 2017,"Really, @115821 This is how ur now making deliveries to my house?? Because I’m sure nobody could drive by and steal those.  @AmazonHelp https://t.co/Wj27QaqUkb","1522605,1522609",
98624,137585,True,Thu Nov 30 16:47:49 +0000 2017,"@115850 you cheated me on scheme of 2 days guaranteed delivery.
You charged 80 rupees extra but you took 3 days to deliver same.",98623,
754984,300475,True,Wed Oct 11 17:55:08 +0000 2017,"@115850 
I have ordered a phone, but didn't received and neither your delivery guy called me.
Kindly Reply.",754979,
1052129,368644,True,Sat Oct 14 20:29:06 +0000 2017,Pls @115821 send me my WWE 2k18 early play code. I'm dying over here. :(,1052127,
2646235,746600,True,Fri Nov 17 23:29:59 +0000 2017,@AmazonHelp Absolutely nothing. Constantly passed to a “specialist” and receive generic emails. I was charged for an item that I never ordered or received and I flagged this hacked order to you in September and this month you charged me for not returning it.,2646237,2646234.0
2974808,675850,True,Thu Nov 30 02:48:19 +0000 2017,@AmazonHelp I’ve spoken with your reps alot and all I get is they insure my package will arrivewill there be any compensation for the late deliveries,2974807,2974809.0
2750406,142683,True,Mon Nov 20 20:39:42 +0000 2017,Gracias @116875 por evitarme este Buen Fin las filas en tiendas y el lío de encontrar lugar en el estacionamiento. Te amo.,2750405,
1764549,530802,True,Wed Nov 08 19:42:01 +0000 2017,"@AmazonHelp Sólo he contactado con vosotros por este medio, y con la compañia de transportes con el resultado que os he comentado",1764550,1764548.0
812103,175579,True,Thu Oct 12 20:08:09 +0000 2017,@AmazonHelp Ya lo logré!! Muchas gracias !!!,812104,812101.0
1289695,421611,True,Thu Oct 26 19:45:19 +0000 2017,@115850 On 14th Oct they confirmed about refund of money but re-dispatched another phone silently while i already procured same product,"1289694,1289696",
1680683,511032,True,Tue Oct 17 16:12:04 +0000 2017,Damn @115821 I didn't pay for 2 day shipping to not get 2 day shipping,1680681,
639641,271723,True,Wed Nov 22 19:53:35 +0000 2017,@AmazonHelp Why am I having so many issues now with parcels arriving either late or not at all. This is probably the third order in the last few weeks that's not arrived on-time even though I pay £80 a year for Prime. Seems to have gone really down hill! https://t.co/Wy1xuX9s0c,639640,
2296690,666779,True,Sun Nov 12 12:35:38 +0000 2017,アマゾンプライムビデオでプラダを着た悪魔を見てモチベーションを高めよ,2296689,
2806640,782783,True,Wed Nov 22 03:33:37 +0000 2017,"I think amazon delivered my order to the wrong mailbox and imma cry, i need it for thanksgiving 😩😩😩😩",2806639,
2719970,763252,True,Mon Nov 20 09:20:59 +0000 2017,"@AmazonHelp el jueves 16 de noviembre me tenía q llegar un pedido, pasó a ser el 17 y hoy día 20, todavía nada. Las opciones de la App de Amazon no me resuelven nada. No quiero cancelar el pedido, quiero q me llegue. Gracias!",2719969,
1206131,403253,True,Wed Oct 25 09:25:01 +0000 2017,@AmazonHelp  https://t.co/r76sbT4at0,1206135,1206130.0
375078,204937,True,Mon Oct 09 01:06:39 +0000 2017,"I suggest NEVER buying @115821 prime. They have next to nothing on Video streaming, and they cant seem to deliver in 2 days as promised.",375076,
2938283,812181,True,Wed Nov 29 12:25:29 +0000 2017,"@AmazonHelp There is no way Amazon will honor the original price, right?",2938282,2938284.0
665496,170100,True,Tue Oct 24 16:58:09 +0000 2017,"@115850 Dear Team, Pls Improve your Prime Services. It takes 4 Days for Delivery as compared to 1 Day Delivery that you Promise to Prime Subscribers https://t.co/RLCPeiLYiZ",1621089,665469.0
419230,214982,True,Tue Oct 10 07:01:53 +0000 2017,@AmazonHelp That's why I am saying I have worst experience with #amazon,419231,419227.0
2724579,764185,True,Mon Nov 20 11:30:10 +0000 2017,@AmazonHelp why my product delayed due to weather. https://t.co/32hqx81aUJ,2724578,
2391842,688853,True,Tue Nov 14 10:21:37 +0000 2017,"@AmazonHelp @115850 
#WorstRefundExperienced 
#NoRefundEvenAfterOneMonth
#WrittenComplaint2times.
#OrdrID:407-1150899-8303549
8884449512",2391841,
2306218,669064,True,Thu Oct 19 21:32:15 +0000 2017,@AmazonHelp Nope. Inbox is a ghost town,2306220,2306217.0
572425,254499,True,Sun Dec 03 04:59:17 +0000 2017,"amazonアプリからの通知で、「商品の配送が完了しました」って来たけど…
まだ受け取ってません(；・∀・)
ポストに投函されてんのかな…",572423,
2336793,676109,True,Fri Oct 20 03:49:37 +0000 2017,"@676110 実はまだ届かないんだ😭
アマゾン初めてなんだけど
こんなに時間かかるの？
注文したけど売り切れで
買えませんでしたって事はないよね？","2336792,2336794",2336795.0
2932740,158277,True,Wed Nov 29 09:04:58 +0000 2017,@AmazonHelp L'ARTICLE ACHETÉ ET NON REMBOURSE est vendu par atet et expédie par amazon :),2932738,2932745.0
920934,348159,True,Tue Oct 24 03:51:52 +0000 2017,@115850 WTF you r saying? From 25 Sep 2017 I m waiting to picked up my return package. Every next day making call to CC regarding same but nobody ..,1116562,920929.0
180654,158468,True,Fri Oct 06 07:35:52 +0000 2017,"@AmazonHelp Are you still looking into this, or will you take any action at all ?",180655,180653.0
989935,354443,True,Sat Nov 25 10:49:37 +0000 2017,I want to file a complaint to @40783. @115830 have charged me for a subscription that I was not aware of. Stop traps for easy money!,989933,
1574962,485344,True,Sat Nov 04 14:29:43 +0000 2017,"@AmazonHelp  ...Paid extra for urgent delivery and got book   
with many pages missing.Order #405-6198909-3709138. 
(1/2)",1574961,
1106551,381153,True,Tue Oct 24 00:45:20 +0000 2017,@AmazonHelp and when i talk to your online rep or now on phone rep. all you guys doing is say oh it is tomorrow. I said..no read my purchase history,1106553,1106549.0
1243810,411805,True,Wed Oct 25 23:46:46 +0000 2017,@AmazonHelp The agents did and said the specialist would contact me within a few days I would wait said few days and longer with nothing no call/email,1243811,1243809.0
1200564,402087,True,Mon Oct 16 03:12:24 +0000 2017,amazon の請求先住所が自分の意図と違うものになっていた……いつから……,1200563,
71988,132152,True,Thu Nov 30 10:00:25 +0000 2017,"Bonjour @120533, est-ce-que la livraison en France serait possible dans un futur proche pour cette article ? https://t.co/Z3DjH7qePG https://t.co/GYsDilmtZ1",71986,
258832,177536,True,Thu Oct 05 19:50:12 +0000 2017,"Dear Amazon, could you have used a bigger box for this? https://t.co/ibFCGKmQJt",258831,
2471060,706762,True,Fri Nov 17 07:10:49 +0000 2017,@AmazonHelp @115850 @115821 It's really been pathetic and painful following you up since last 10days for my replacement and listening your fake commitments.,2600904,2471058.0
1383028,441864,True,Sat Oct 28 07:22:46 +0000 2017,@115850  product not delivered but marked as delivered by your team.Refused a replacement as the price has gone up.ORDER#4__credit_card__,"1383027,1383029,1383030",
1190227,399752,True,Sat Nov 25 19:01:14 +0000 2017,"Hey @115821- I just received a book in the mail that I ordered for a gift. After recycling the box, I am now noticing that there is a damage to the book. Can you help me with this order problem to return/replace?",1190226,
434492,218239,True,Tue Oct 10 16:24:19 +0000 2017,@AmazonHelp I have DM all the details even before posting these tweets. Also spoke to 1st level support team still NO UPDATE!!,434495,434491.0
2824680,786966,True,Mon Nov 27 09:41:16 +0000 2017,@AmazonHelp Gestionado y vendido por Amazon.,2824682,2824679.0
2657694,749229,True,Tue Oct 31 09:44:18 +0000 2017,"@AmazonHelp I fill your form and want my refund as soon as possible.........
@AmazonHelp",2657695,2657693.0
1739033,523371,True,Tue Nov 07 16:19:12 +0000 2017,Pour la 1 X je ne participerai pas à la sortie console #XboxOneX Merci @120533 @129009 . 😠😠😠😠😠😠😠😠😠😠😠 La je peux vous dire que je vous ****,1739029,
626885,268454,True,Sat Oct 21 14:37:06 +0000 2017,"@123288  @115850 is really good at this second time in row they will ""attempt"" to deliver but not deliver. Don't even care to call. https://t.co/051Ud5TC9x",626884,
2578541,731039,True,Sun Nov 26 21:11:22 +0000 2017,@AmazonHelp This was just today. It's one of the banner ads that cycle through when you refresh a few times.,2578542,2578540.0
1293014,318914,True,Fri Oct 27 07:21:40 +0000 2017,"@AmazonHelp Nope, I haven’t even had any email replies since last week",1293015,1293013.0
268639,180055,True,Fri Oct 06 00:36:59 +0000 2017,@116618 does Roku stick work for streaming the game?,268685,268637.0
2565506,132456,True,Thu Nov 16 20:29:46 +0000 2017,@AmazonHelp 1 an et demi ! :),2565507,2565505.0
518818,239697,True,Sat Dec 02 01:43:15 +0000 2017,密林から身に覚えのない荷物が届いた…,518816,
326733,193849,True,Sat Oct 07 16:33:27 +0000 2017,"@AmazonHelp Danke für die Antwort.
Ist das optional? Kann man das deaktivieren?",326735,326732.0
797466,299955,True,Thu Oct 12 15:03:17 +0000 2017,Oye @AmazonHelp los de @178440 los andan culpando sobre la entrega tardia de mi compra. Aunque les hayan robado mi primer envio,"797464,797468,797469,797470",
289002,184864,True,Fri Oct 06 15:35:42 +0000 2017,@AmazonHelp ..... then should it be considered “Prime” if it doesn’t qualify for 2 day delivery upon order?,289001,289003.0
2730244,228918,True,Mon Nov 20 14:38:19 +0000 2017,¿Os ha dejado u os pone promo no válida? Habrá que contactar con @AmazonHelp a ver por quési yo no me suscribí a Music nunca 🤔 https://t.co/n84WOnjQoH,"2730245,2730243",
2290861,665414,True,Tue Nov 14 10:54:14 +0000 2017,@AmazonHelp Not anymore - I am NOT going to write an email to your specialist ! It appears as if I am writing to a government office for some aid or alms !,2290862,2290860.0
17912,119972,True,Tue Oct 31 23:09:32 +0000 2017,@AmazonHelp @119973 Es nervt das ich mich seit neusten  beinahe täglich auf. Fire tv stick neu einloggen muss 😈,"17911,17913",
2870727,797125,True,Tue Nov 28 01:53:36 +0000 2017,@AmazonHelp  If I return an unopened package will I get a full refund. I tried to cancel the order but it said failed to do so. Thnx!,2870726,
2619655,740262,True,Fri Nov 17 15:31:31 +0000 2017,@AmazonHelp @115830 is this courier actually serious? Left parcels on a bench near a shed in a neighbours garden??? Parcels aren't there??? https://t.co/EVDVQLOjdL,2619653,
846908,321282,True,Fri Oct 20 14:18:18 +0000 2017,@AmazonHelp I received the hardcover book that I ordered and it is completely ripped and smashed from one side. Second time this year,846906,
1996358,590307,True,Sun Nov 26 11:20:37 +0000 2017,"@AmazonHelp No, nothing",1996359,1996357.0
1821468,439825,True,Sun Oct 29 09:34:41 +0000 2017,@AmazonHelp わかりました。,1821469,1821467.0
232184,171276,True,Thu Oct 05 11:55:47 +0000 2017,@AmazonHelp Why the each time we need to do the same process again and again.. already had a talk with your executive regarding this.,232185,232182.0
1699885,515505,True,Tue Oct 17 18:14:56 +0000 2017,@AmazonHelp sir I have talked several times they are saying to wait till 27 October...but why should I wait it's ur fault...,"1699887,1699888,1699889",1699884.0
2383316,120538,True,Tue Nov 14 08:38:27 +0000 2017,@AmazonHelp Hahahaah Nice Joke as I have already told you I am quitting Amazon so just chill NO need for all these drama,2383317,2383315.0
35952,123820,True,Wed Nov 01 14:11:19 +0000 2017,@AmazonHelp Por favor! Assim eu que não aguento. Venha cá e me dê um abracinho! ❤️,35954,35951.0
384463,207034,True,Mon Oct 09 11:35:04 +0000 2017,@AmazonHelp They are not able to track my order. Please look into this on priority..otherwise I'll forward this issue to the consumer court...,384465,384462.0
2447374,701561,True,Wed Nov 15 01:46:37 +0000 2017,"Amazonでタイバニの初回限定のブルーレイ買ったら中身入ってなかった…

初めてや…こんなの…
虎徹さーん！早く会いたいよぉぉ！ https://t.co/IzF5ZO9lSf",2447373,
281151,182992,True,Fri Oct 06 10:45:23 +0000 2017,The @115850 sale is crap. The 10% cashback is only upto Rs.2000 and no discounts available on high-end laptops. #soundsbetterthanitis,281150,
1318986,428021,True,Fri Oct 27 12:29:36 +0000 2017,@AmazonHelp Issue is solved. I received my debited amount in Amazon pay.,1318988,1318985.0
384468,207034,True,Wed Oct 11 07:57:24 +0000 2017,@AmazonHelp Yes I've shared.I need a call.,384469,384467.0
2893189,801898,True,Tue Nov 28 17:39:36 +0000 2017,@AmazonHelp Yes I did but still no resolution. I just need to change the last bit of Hotmail domain,2893190,2893187.0
382267,206637,True,Fri Oct 27 12:21:23 +0000 2017,"@AmazonHelp Well OK, but we don't normally give our details to strangers. Actually we do, if they have carrots.",382268,382266.0
2321614,336328,True,Mon Nov 13 14:15:44 +0000 2017,@AmazonHelp I had a support question I asked about my Amazon Fire which I got a response to but cannot find. Where in Amazon do I see responses to my requests?,2321613,
375065,168771,True,Mon Oct 09 01:02:22 +0000 2017,"Hey @115821 - Is it some sort of violation for merchants to send emails with a ""I like my purchase"" link that immediately posts a 5* review?","375064,375066",
770495,303996,True,Wed Oct 11 23:25:15 +0000 2017,i just wanted to water color but 4 days later i still don’t have my watercolors and supplies 😭 @115821 https://t.co/Vz3PtgSV8d,770494,
840425,319981,True,Fri Oct 13 11:26:52 +0000 2017,this got delivered in my name to my old uni address..I don't even watch mr robot and didn't order? Very confused @181310 @AmazonHelp https://t.co/AHPv5hGydq,840423,
2728925,765132,True,Mon Nov 20 14:42:43 +0000 2017,hey @AmazonHelp somehow I don't think my package will be arriving today as expected seeing as you haven't even shipped it yet. Its been a month now.,2728923,
517615,239356,True,Sat Dec 02 01:47:12 +0000 2017,"@115821 Don't make a guarantee unless you can guarantee results. Order#112-7588643-3918603
#ALToRnativeFacts",517613,
2350893,679472,True,Mon Nov 13 17:58:58 +0000 2017,"@AmazonHelp Yes, missing the delivery window stated in the checkout screen. All carriers, home and office addresses, and even when shipping to amazon lockers. Keep being told “this won’t happen again” only to have it happen over and over and over.",2350895,2350892.0
1367393,438311,True,Wed Oct 18 23:20:30 +0000 2017,@AmazonHelp There was the strike. But that is over now. Don't get restricted yourself. DARJEELING is world famous place. Don't embarrass yourself guys,1367392,1367394.0
153660,151174,True,Fri Nov 24 16:41:44 +0000 2017,"@AmazonHelp Esto es hoy, en el último pedido era que no había nadie en casa cuando hubo alguien en todo momento. Envio por ASM igual a problemas siempre, con las demás compañías de transporte ningún problema, con ellos siempre. https://t.co/Ww9MJOWH35",153662,153659.0
570014,253803,True,Sun Dec 03 03:37:14 +0000 2017,"Dear @AmazonHelp i purchased Amazon Prime because of ""guaranteed shipping"" for my nephews bday, make sure the stuff gets there on time...mine is at least 3 days late. Thanks.",570012,
2888353,800884,True,Tue Nov 28 13:15:14 +0000 2017,Dear @115821 what is the point in having a prime account when next day delivery actually means in 3 days maybe?,2888352,
1138583,388183,True,Tue Oct 24 09:56:16 +0000 2017,@120465 新しく見られるようになったコンテンツの一覧とか見れるページないですか？,1138582,1138584.0
467428,226266,True,Fri Dec 01 05:39:11 +0000 2017,@115850 i have ordered Lenovo z2 plus on 27th of November . I am getting these messages from last day . I am calling to your helpline but https://t.co/ChhhRWN0RX,467427,
479322,228912,True,Fri Dec 01 13:26:16 +0000 2017,"@AmazonHelp Probably in bad condition. It won't allow me to check the tracking details now but I was keeping a close eye on it, since it was due in Wednesday. I was hoping there might be a way to reorder it, with the price I originally paid. I've not had this problem before...","479324,479325",479321.0
2812136,268681,True,Wed Nov 22 08:34:09 +0000 2017,@AmazonHelp Lundi 20 novembre avant 20h,2812135,2812137.0
1041709,770569,True,Tue Nov 21 01:03:11 +0000 2017,@116875 También habrá black friday ? O sólo en Amazon EU,2752591,1041703.0
2762094,772742,True,Tue Nov 21 07:03:48 +0000 2017,Amazonから楽しみが届いた！ https://t.co/3XxjkR7CFx,2762093,
1310621,426269,True,Fri Oct 27 05:02:59 +0000 2017,ほんで何勝手にプライム会員登録しとんねん https://t.co/W1EjqiZ7Zk,1310619,
1101722,182456,True,Sun Oct 15 07:29:15 +0000 2017,@AmazonHelp there's no mail received on __email__,1101724,1101721.0
527694,242154,True,Sat Dec 02 08:06:42 +0000 2017,@AmazonHelp Reported to @AmazonHelp support desk.,527693,527695.0
1243767,411797,True,Wed Oct 25 23:39:17 +0000 2017,"@AmazonHelp Hello, can I have some help with an issue I'm having, I'm quite confused about how I'd do a product return",1243764,
1494700,467052,True,Fri Nov 03 11:12:29 +0000 2017,@115850  My credit card details have been compmsd after saving it in my  account. Prime mebrshp was done by someone and USD10.99 deducted.,1494699,
580539,256770,True,Sun Dec 03 12:02:21 +0000 2017,@116313 舞ってる(ﾉｼ'ω')ﾉｼﾊﾞﾝﾊﾞﾝ,580538,580540.0
446792,220843,True,Thu Nov 30 21:02:04 +0000 2017,@AmazonHelp simbora,446793,446790.0
629415,117986,True,Wed Nov 22 15:53:49 +0000 2017,".@AmazonHelp does this make sense for a package to go to Jersey from Allentown, then back to Delaware? Wouldn't it make sense for the truck go right down to Delaware instead of crossing the river twice? https://t.co/tku980k2t3",629413,
535725,244115,True,Sat Dec 02 13:10:59 +0000 2017,@AmazonHelp Thank you. I have emailed my issue in detail.,535727,535724.0
586910,258596,True,Sun Dec 03 15:11:49 +0000 2017,"So my @115830 firestick was working fine, then last night, in the middle of a film on Netflix, it disconnected itself from the WiFi, and now won't reconnect. Signal strength is good, and all other devices connect no problems, anyone any suggestions?",586909,
1459783,458836,True,Thu Nov 02 17:18:20 +0000 2017,When @115821 send a product worth over £900 in just the branded product box in already comes in with no additional packaging or protection 🖕,1459781,
1259700,415149,True,Thu Oct 26 09:47:42 +0000 2017,@AmazonHelp Getting it at a cheaper price on @118702,1259702,1259699.0
1575614,250095,True,Sun Nov 26 03:33:25 +0000 2017,@AmazonHelp your customer service is literally the worst. been on the phone for 30 mins about a gift card situation and your rep just keeps asking me to hold b/c she doesn't know what she's doing.,1575612,
651447,269781,True,Tue Oct 31 12:43:29 +0000 2017,"@AmazonHelp Merci. Cependant normalement, la livraison express est supposément plus rapide que la livraison dite rapide :)",651449,651446.0
2948141,814226,True,Wed Nov 29 17:01:44 +0000 2017,"@AmazonHelp Yes I do need assistance, it's not yet resolved, it wud be appreciable if you could resolve this,.. Thanks",2948143,2948140.0
2700856,135790,True,Sun Nov 19 20:24:40 +0000 2017,Ordered something on @115821 prime for next day delivery yet it’s now coming in 1-2 days. What am I paying for exactly? 😐😐😐,2700855,
2936675,811833,True,Wed Nov 29 11:08:10 +0000 2017,"@116928 Hola necesitaría contactar por privado por un reemplazo cuya gestion está siendo muy insatisfactoria. 
Gracias",2936672,
728511,294526,True,Wed Oct 11 07:45:03 +0000 2017,@115821 @119351  I have been given a damaged product from @115850 and customer service is not at all helpful  404-1460218-0072349,"728510,728512,728513",
1742627,525669,True,Wed Nov 08 08:13:02 +0000 2017,@AmazonHelp Got it last night but it was too late &amp; agent's contact number was switched off constantly,"1742629,1742630,1742631",1742626.0
1390024,442795,True,Sun Oct 29 06:37:07 +0000 2017,@AmazonHelp Done. Wrote an email. And for ur kind info this is the second email. Now give me the contact details of that bloody delivery boy,1390025,1390023.0
2812816,784305,True,Mon Nov 27 01:25:43 +0000 2017,"アマゾンプライムミュージックにスピッツ見つけたのでリピート再生しながら作業( 'ω' و(و """,2812815,
651651,274961,True,Fri Nov 10 07:39:44 +0000 2017,@AmazonHelp oui sur https://t.co/Z35ZONWzBT  (voir l'url du capture écran),651650,651652.0
1043210,366694,True,Mon Oct 23 09:47:25 +0000 2017,@AmazonHelp Personal Details Sent. Contact me urgently,1043211,1043209.0
590820,259752,True,Sun Dec 03 16:31:02 +0000 2017,@AmazonHelp can someone call me immediately? I have spent an hour trying to sort my late items on chat and phone. You just cut me off. I'm so fed up,"590818,590821",
420072,215144,True,Sat Nov 04 10:12:10 +0000 2017,@AmazonHelp No Need to provide any help now.  But yes if you can check hw u wrking then pls chck my account and status of my orders.,"420073,420074",420071.0
1705395,516907,True,Mon Nov 06 22:45:42 +0000 2017,@AmazonHelp Thank you 🙌🏻,1705397,1705394.0
2285395,664114,True,Sun Oct 29 05:38:07 +0000 2017,アマゾンでモバイルバッテリー買ったらモバイルバッテリーばっかりおすすめしてくるんだけど、買ったからもういいです,2285394,
445528,220505,True,Wed Nov 22 14:07:33 +0000 2017,@AmazonHelp I have replied on a link u had given. This current link is showing some error. See d image https://t.co/UUdJ0IVaOI,445529,445527.0
2291886,665609,True,Sun Nov 12 11:14:43 +0000 2017,#Kindle forever! Servizio clienti fantastico! Di domenica! E mi hanno suggerito la app per #Samsung. GRAZIE! #vitadafreelance si legge https://t.co/wdPeLmxq3k,2291884,
2938324,687719,True,Wed Nov 29 12:16:46 +0000 2017,"La entrega fue concertada antes de las 12h. Son las 13'14h y sigue sin llegar. Me encanta cómo nos hacen perder el tiempo las empresas de paquetería (?)
@116928 @AmazonHelp  @137605 https://t.co/H29e4nHuWP","2938323,2938325",
479305,228908,True,Fri Dec 01 12:59:59 +0000 2017,"@115830 my order hasn’t arrived and apparently you now can’t tell me I’m going to receive it, can you help pls?",479304,
2171137,636833,True,Fri Nov 17 21:45:04 +0000 2017,"@AmazonHelp Ok, espero. Gracias",2171140,2171136.0
38803,124467,True,Wed Nov 01 14:56:36 +0000 2017,"@AmazonHelp Thanks! Yep, I checked there, and the books I checked out through OverDrive are not listed there (even though the last two I did are).",38805,38802.0
566677,252864,True,Sun Dec 03 02:56:24 +0000 2017,@AmazonHelp I still want the item. Just annoyed that i waited all day for nothing.,566679,566676.0
2977329,821118,True,Tue Oct 31 19:55:59 +0000 2017,"Hey @115830, nice ad 🦁😄 https://t.co/GpEojySxgZ",2977328,
350299,199335,True,Sun Oct 08 19:17:31 +0000 2017,@AmazonHelp Thanks mail has been sent . Looking forward for your positive support,350300,350298.0
380789,206315,True,Mon Oct 09 11:38:20 +0000 2017,@AmazonHelp Have done it. https://t.co/pU6YZKfGXC,380790,380787.0
576037,255537,True,Sun Dec 03 08:21:50 +0000 2017,@AmazonHelp Amazon keeps attempting delivery to my business during ridiculous times. The last time was 12am Sunday. How is that reasonable?,576035,
673135,280563,True,Thu Nov 23 09:54:12 +0000 2017,"@AmazonHelp Yea I made contact from the order I had the issue with on Tuesday night, nothing in junk/spam",673137,673134.0
2664631,750800,True,Tue Oct 31 08:21:10 +0000 2017,@115850 It has now happened twice that I have not received any call and this email comes? Are you guys for serious? https://t.co/0jvKdhu79n,"2664630,2664632",
264716,165815,True,Mon Oct 09 12:16:48 +0000 2017,"@AmazonHelp What apology guyz?its such dub thing ever about completed all mandatory procedures as amazon need from us,,,still no response..",264715,264717.0
1307238,425474,True,Fri Oct 27 03:29:27 +0000 2017,@AmazonHelp It worked before but today I went to check it and it's not there anymore,1307241,1307237.0
1374957,440051,True,Sat Oct 28 01:12:56 +0000 2017,@AmazonHelp cadê as legendas em português do Brasil na 1 temporada de Mr. Robot? #AmazonPrime,1374956,
1773526,533026,True,Wed Nov 08 02:28:04 +0000 2017,@115850 i am not happy with the Amazon courier service very very bad service I request not to purchase the heavy product nor refund,1773524,
2609859,738136,True,Fri Nov 17 11:00:12 +0000 2017,ガルパンAmazonプライムで見放題なんか。まじですかー！,2609858,
2467221,705944,True,Sun Oct 29 21:02:49 +0000 2017,"@AmazonHelp Items ordered &amp; in stock, promised under 2-Day Prime shipping with anticipated delivery date indicated, taking over a week to arrive.",2467223,2467220.0
1003666,357561,True,Sat Oct 14 13:15:00 +0000 2017,"@AmazonHelp Thank you. 
ISBN-13: 978-0306429644
https://t.co/Eed8ltCbmk",1003668,1003665.0
974929,350703,True,Sun Oct 15 12:09:24 +0000 2017,@AmazonHelp I have also raised the issue on your customer care but your hypocrite customer care is not providing me the complaint id,974930,974928.0
960142,347823,True,Sat Oct 14 01:42:38 +0000 2017,#AmazonGreatIndianFestival it is difficult to get ur concerns addressed. There is no one @115850,960141,
2398299,690206,True,Tue Nov 14 13:12:19 +0000 2017,@116928 hola. Me han cobrado dos veces 1 pedido que acabó de recibir que tengo que hacer? Gracias,2398297,
163586,153836,True,Fri Nov 24 19:27:19 +0000 2017,@AmazonHelp En https://t.co/PzKoFcqXEv y también en la app,163585,163587.0
166373,154647,True,Fri Nov 24 20:05:38 +0000 2017,"@AmazonHelp hey guys, I realise things get squashed during deliveries, but an item has came out of my parcel... What can I do? https://t.co/fvUBx207Xx",166372,
2883419,799929,True,Tue Nov 28 10:13:30 +0000 2017,"届いた〜!!
Amazonさんありがとう〜\( ’ω’)/✨

#prfm https://t.co/gm11R9rNTF",2883418,
1037405,365409,True,Sat Oct 14 18:47:29 +0000 2017,@AmazonHelp It was marked out for delivery yesterday at 9 am.,1037403,1037407.0
2311423,670344,True,Mon Nov 13 05:32:11 +0000 2017,午後のAmazon #きょうのルー君 https://t.co/AQXZXF62o5,2311422,
888336,330923,True,Sat Nov 25 15:52:42 +0000 2017,"Cette année, @120533 emballe ses paquets dans des sachets géants particulièrement moches. Rendez le papier cadeau tout simple !",888335,
1423809,450852,True,Thu Nov 02 05:55:01 +0000 2017,Hey @115850 I paid extra to have this item delivered for my dad’s birthday today. The fuck is this shit ? https://t.co/S1kxLBHYxZ,"1423807,1423810,1423811,1423812",
393057,209084,True,Mon Oct 09 17:15:26 +0000 2017,@AmazonHelp livraison aujourd'hui avant 20h... En transit... Scan d'arrivée Porter Sur Garonne à 5h36,393060,393056.0
1107233,381321,True,Wed Oct 18 00:11:37 +0000 2017,"@AmazonHelp No me aparece la opción de reclamar.. Además de que no se le ha podido mandar el email, tendrá que leerlo desde la app 😤 he vuelto a ✍🏼️🙄",1107234,1107232.0
141042,147815,True,Fri Nov 24 11:43:48 +0000 2017,"@AmazonHelp i ordered two products as xmas gifts which arrived today and they’re in terrible condition considering they’re meant to be brand new, how can this be rectified please?",141040,
2384560,687300,True,Fri Oct 20 08:48:05 +0000 2017,"@115850, Y u people r so irresponsible, i orderd a canon EOS100D dslr on 14oct, which was supposed to b delivered by 17th and now today...",2384559,
176496,157528,True,Sat Nov 25 00:46:54 +0000 2017,"@AmazonHelp Mon tweet initial n'était pas une question. Juste une constatation pour avertir la communauté du caractère trompeur (pour moi) de ""A à Z"". Je ne vais pas me mettre la rate au court-bouillon pour 6,10€. En ce qui me concerne, affaire classée. Et je suis toujours client Amazon.",176498,176495.0
1212226,404525,True,Wed Oct 25 12:38:35 +0000 2017,who do i talk to about a product being wrong it order? @117093,1212225,
2519239,717600,True,Thu Nov 16 01:41:58 +0000 2017,"@AmazonHelp I’ve called customer service and emailed. The response was very disappointing.  I just want my purchase or to have it replaced.  Your current delivery system is not working,tracking says delivered but I don’t have my package.  The AmzRep says wait 24hrs &amp; Call back",2519241,2519238.0
2889320,801089,True,Tue Nov 28 16:12:00 +0000 2017,"@AmazonHelp All good now, thanks for your help!",2889321,2889319.0
321165,192513,True,Sat Oct 07 13:08:08 +0000 2017,@AmazonHelp I have done that once. Hasn't helped. I would like to give this feedback directly to your senior management,321167,321164.0
1069884,372453,True,Sat Oct 14 23:29:08 +0000 2017,"@AmazonHelp Yes, I've received 2 updates from the app since, both with conflicting information and indicating the delivery won't be tomorrow as promised",1069886,1069883.0
284385,183735,True,Sat Oct 07 05:04:09 +0000 2017,"@AmazonHelp @1840 @115821 @1405 for a faulty product, you have to return or refund, why I need OEM service agent to confirm it’s not working","284386,284387",284382.0
1226546,402861,True,Wed Oct 25 18:10:55 +0000 2017,@AmazonHelp Is there a way to have purchases download to the Kindle instead of go to the cloud?,1226545,
2371302,684227,True,Tue Nov 14 00:53:38 +0000 2017,"@AmazonHelp My 1st package supposedly was delivered today and it's not here.
So... My laptop is who knows where.

I'm still waiting on my 2nd package.. It's supposed to arrive today.

We had such terrible service from Amazon delivery the past 3 orders its ridiculous",2371304,2371299.0
522626,240717,True,Sat Dec 02 04:49:59 +0000 2017,@AmazonHelp 了解致しました。,522628,522625.0
2713200,761690,True,Mon Nov 20 03:09:22 +0000 2017,昨日一日家にいたのに、受け取った覚えのないアマゾンからの荷物が配達完了になってるし、気を失っている間に宅配ボックスに入れられてるのかな？？,2713199,
727819,294362,True,Wed Oct 11 07:08:57 +0000 2017,@10827 @AmazonHelp @115821 yesterday placed order against prime but delivery boys update wrong status on the web od#404-3458920-7446761,"727818,727820,727821",
2450597,702304,True,Sun Oct 29 16:38:52 +0000 2017,"Help #Alexia! How do I undo this?! @AmazonHelp 
#grrr #kids #payback https://t.co/UTSejoOQJW",2450596,
435710,218501,True,Wed Oct 11 13:27:29 +0000 2017,@AmazonHelp Why don't you address my problem instead of suggesting not to share personal details? I don't mind sharing the details. Please address issue,435712,435709.0
984709,172452,True,Sun Oct 22 10:01:12 +0000 2017,"@AmazonHelp @127187 @115851 my ID 9777457329, India's customer service is very bad, last order took 3 months &amp; latest yet to solve","984708,984710",
2460775,704605,True,Wed Nov 15 08:24:18 +0000 2017,"@AmazonHelp Aujourd’hui lorsque je vais sur le site, voilà ce qui est écrit... https://t.co/GhLlnjFrAn",2460778,2460774.0
1151172,390897,True,Sun Oct 15 16:56:58 +0000 2017,@115850 just ordered an echo for me.. So when does my prime membership gets activated.. Now or after delivery,1151170,
1122269,384698,True,Tue Oct 24 08:38:58 +0000 2017,@AmazonHelp but y should I wait? At d time of booking delivery date is mentioned. You have to be proper for delivery date if it is delay.,1122271,1122268.0
785062,307343,True,Thu Oct 12 08:22:10 +0000 2017,"Dear @120533 
Parfois tu référence des produits au goût un peu... douteux... :s https://t.co/39JgtGAElU",785061,
2288248,341487,True,Thu Oct 19 19:34:33 +0000 2017,@115821 what is really cool is that you can pay in installments and not have to pay the full price up front.  thanks @115821,2288246,2288249.0
403044,211363,True,Mon Oct 09 20:31:15 +0000 2017,Oh I love @2600 only here will your dude deliver at 10:30pm then tell u to come downstairs and meet him outside cause that’s easier😑,"403043,403045",
523499,240971,True,Sat Dec 02 04:57:42 +0000 2017,@AmazonHelp From the amazon app. I ordered it on wednesday and it is supposed to be delivered today which is friday. But then it stated that I need to wait another days because of some delays. I use prime so that I can get it delivered fasterr,523501,523498.0
2662403,750363,True,Tue Oct 31 05:53:04 +0000 2017,"@AmazonHelp Lo segundo. Llevamos milenios siendo clientes muy, digamos, activos 😂",2662401,2662404.0
2599777,669712,True,Fri Nov 17 05:55:27 +0000 2017,Your Amazon.in order #402-2692085-2560348 is out for delivery,2599776,
679059,282031,True,Thu Nov 23 07:06:06 +0000 2017,Purchased a shoe from @115850 and with it comes a letter that degrades them. Called customer care of @115850 7 times but no resolution https://t.co/kbm9puksrA,679058,
687820,284278,True,Thu Nov 23 14:14:09 +0000 2017,Interesting... @115830 @116324 https://t.co/dJkrdqQ27o,687819,
2338473,676499,True,Fri Oct 20 06:17:20 +0000 2017,When you buy someone a Yankee Candle from @115830 and it arrives in dozens of pieces (aka shards) https://t.co/itO1YrJcEB,"2338474,2338475,2338472",
383241,206806,True,Mon Oct 09 10:48:04 +0000 2017,"Woken up to @115821 email talking about a prime transaction I never even asked for, so I'm like ""What prime subscription homie!?""",383240,
1556279,481174,True,Fri Nov 03 20:00:46 +0000 2017,"@120533, j’aimerais bien être expert ibbü by @63881 pour votre marque! Vous connaissez? https://t.co/CoSikWbDPN",1556277,
2609345,738020,True,Fri Nov 17 09:55:41 +0000 2017,Is #Aval or #Gruham on your list? @119625,2609344,
1500970,468467,True,Fri Nov 03 15:59:10 +0000 2017,"@115821 1 day shipping turned into 7 days and now my sister b day gift is not arriving in time , you guys let me down big time. Im disgusted",1500968,1500971.0
447182,220935,True,Thu Nov 30 19:44:48 +0000 2017,"This feels like a bit of a random picture, @115830... just looking for a kid’s t-shirt! https://t.co/sipeeXNUZT",447180,
1591585,489271,True,Tue Oct 17 08:35:20 +0000 2017,Amazonで注文した品がきのう到着してるのに今日に発送されてて、注文履歴を確認しても重複してる訳ではないんだけど、佐川急便の事務処理ミス？,"1591583,1591587",
1806540,407433,True,Wed Nov 15 00:57:14 +0000 2017,"@AmazonHelp I hope you're right, because now all the money has disappeared from my gift card amount. And I know I had a couple bucks on it.","1806541,1806542",1806539.0
922662,339025,True,Sat Oct 21 13:30:49 +0000 2017,@115850 I have tried multiple times and contact your executive from customer care but they all are hopeless and unable to resolve my problem.,924472,922660.0
2198997,504488,True,Fri Nov 10 01:44:13 +0000 2017,I love #AmazonPrime @117795 @115821 free 2day shipping! ❤️,2198996,
2105849,621532,True,Wed Nov 08 13:20:39 +0000 2017,"Dear @AmazonHelp, if I can be completely frank, there's nothing so likely to get me to quit #prime as your proprietary delivery system.",2105848,
245194,174210,True,Thu Oct 05 14:59:15 +0000 2017,I love Amazon we-tried-to-deliver-your-package-jokes-our-delivery-man-said-that-to-get-out-of-trouble-not-because-you-weren’t-in Prime,245193,
1337206,431900,True,Fri Oct 27 13:44:12 +0000 2017,@AmazonHelp order says it was delivered last night at 20.45 however at this time i was on a call with amazon customer service. still no delivery,1337205,
842231,320329,True,Fri Oct 20 13:45:07 +0000 2017,"@AmazonHelp Généralement quand je commande des jeux, c'est direct dans la boîte à lettres alors j'imagine que pour un sac souple à 5€, c'est pareil...",842228,842233.0
1765173,530946,True,Tue Nov 07 21:32:02 +0000 2017,Can anyone explain this please? @122232 @AmazonHelp https://t.co/5SYbqWespL,1765171,
140086,147605,True,Fri Nov 24 10:44:15 +0000 2017,Wenn sich der eigentliche Artikel nicht mal im Beutel befindet. 🤯 @116316 https://t.co/Wq4vTqPznK,"140085,140087",
528269,205822,True,Sat Dec 02 08:39:45 +0000 2017,"@115821 ordered a bunch of stuff last week during the prime deals event and I have prime, everything I got was in stock and a week later it still hasn’t shipped? How can I figure out what’s going on??",528267,
1286421,420882,True,Thu Oct 26 18:32:24 +0000 2017,Hola buenas @AmazonHelp ¿dónde estaba la opción de atención al cliente en vuestra página?,1286419,
343708,197800,True,Tue Nov 07 15:50:43 +0000 2017,@AmazonHelp Missing it and arriving late now bc i cancelled the order and placed it again as instructed by your customer service smh 🤦🏽‍♀️,343707,343709.0
494804,199654,True,Fri Dec 01 17:57:22 +0000 2017,@115830 what’s the point of prime when I preorder from you and your couriers can’t even be bothered to deliver the products the next day?!,494802,
2309773,640895,True,Thu Oct 19 21:39:31 +0000 2017,"I love @115821 prime, I ordered late last night and it's already here 🤗 https://t.co/dgl62ny2S2",2309772,
728109,294422,True,Wed Oct 11 07:26:43 +0000 2017,@AmazonHelp Yes same account but I now believe that it is my bank having the problems on their end not yours sorry for the inconvenience,728108,728110.0
631628,269685,True,Wed Nov 22 16:18:37 +0000 2017,"@AmazonHelp Desconozco quien sea el transportista (AMZMX), quisiera saberlo por eso les pido ayuda, muchas gracia por la atención,",631627,631629.0
438798,183363,True,Sat Oct 14 11:09:13 +0000 2017,"@AmazonHelp I am getting this kind of SMS daily, today also. Please refund my money you have already cancelled this order, which you can verify from your own server.","438801,438802",438795.0
2918691,807848,True,Wed Nov 29 01:00:31 +0000 2017,@AmazonHelp It’s 8 pm and it isn’t here .   Also I ordered these items yesterday .,2918692,2918689.0
1631317,499258,True,Sun Nov 05 19:52:46 +0000 2017,@115825 @66335 @16280 @66336 @66337 Hab das so vorgefunden als ich eben den fire tv stick angemacht habe.,1631315,1631318.0
230054,169673,True,Thu Oct 05 09:55:44 +0000 2017,@AmazonHelp But it's not showing number. It's showing only address,230056,230053.0
69843,131815,True,Thu Nov 30 09:11:17 +0000 2017,@AmazonHelp I'm hvng issues with my recently bought 100% original Motorola turbo power charger 2.8 amp delivered on 4th of Nov. It's been less than a month and I'm not getting any solution either from custmr support or the seller. Order id 4__credit_card__ amazon id. Ankursingh,"69842,69844",
633568,270178,True,Tue Nov 21 20:24:26 +0000 2017,@AmazonHelp No worries- not your fault. Am looking for another one to order now. Going to choose a different design just to be on the safe side 🙂,633567,633569.0
158849,308334,True,Mon Nov 13 11:01:05 +0000 2017,"@115850 I didn't got my refund for the product that I ordered 2 months ago Amazon cheated me 
And if I don't get my money 
I will suit amazon
My  Order # 402-7859196-8853961
Amazon blacklisted my mobile number
@115851 @115850",2318893,158832.0
1590614,489038,True,Sat Nov 04 23:55:25 +0000 2017,@115821 is this how packages get delivered? https://t.co/aYOfR5jJPa,1590612,
23180,121049,True,Wed Nov 01 09:30:13 +0000 2017,"@AmazonHelp J’ai commandé lundi deux produits, bénéficiant de Prime j’ai opté pour la livraison le soir. Ils ne sont jamais arrivés.",23182,23179.0
2437746,337608,True,Mon Oct 30 13:18:09 +0000 2017,@AmazonHelp I don't need any help. Please forgive me for God sake.,2437747,2437745.0
611168,149637,True,Wed Nov 22 08:09:19 +0000 2017,Hey @115833 how do I play my own playlists from @4694 ? #alexa #echo,611167,
1570927,484401,True,Sat Nov 04 17:17:53 +0000 2017,"Hoy no pude ir a La Mole, así que vamos a aprovechar ese @116875 prime video todo el día!",1570925,
2739331,767507,True,Mon Nov 20 17:23:00 +0000 2017,@115821 used to have exemplary customer service but I've now had two bad calls in a row.  Disappointing.,2739329,
89126,135280,True,Wed Nov 29 11:17:32 +0000 2017,"@AmazonHelp The estimated delivery is this weekend, no you haven't missed it. I noticed the change now, could See the product has been dispatched after I tweeted. Will get back to you if I need further help. Thnx :)",89125,89127.0
2104317,621233,True,Wed Nov 08 12:21:37 +0000 2017,@133929 i ordered spare parts from amazon through shop and ship in saudi and i recieved my package but their are some peices that,2104314,
1500672,219966,True,Fri Nov 03 15:37:01 +0000 2017,"@115850 Hi Su, I have filled in the form and m waiting for your call.",1502911,1499892.0
1146969,389945,True,Thu Oct 26 08:11:36 +0000 2017,@AmazonHelp Je l’ai fait 2 fois je reçois mail de confirmation mais après plus rien,1146970,1146968.0
232394,171322,True,Thu Oct 05 15:34:24 +0000 2017,@AmazonHelp So why is it saying you can get it tomorrow if you order it today?? I pre ordered last week,232395,232393.0
1370794,439081,True,Fri Nov 03 02:39:45 +0000 2017,@AmazonHelp I reached out abd finally somebody took care of the snafu. Thanks.,1370796,1370793.0
845731,321024,True,Fri Oct 20 09:28:17 +0000 2017,"@115821 Hey Amazon, unless I'm missing something, can you guys add? 😂 https://t.co/bft91xgigP",845730,
243191,173747,True,Fri Oct 06 09:18:49 +0000 2017,@AmazonHelp since yesterday m writing on  app... but till now no response .... pathetic customer support,"243193,243194",243190.0
527696,242154,True,Sat Dec 02 07:32:47 +0000 2017,"@12339 @215765 
Tracking Number# 5180793475130
May I know why is the item from @115850  rescheduled without my consent??","527697,527695",
2154226,432259,True,Mon Nov 20 15:44:51 +0000 2017,@115850 seems like u stopped replying to sellers. Case open for last 1 month and no solution yet. Easy ship has become hard ship.Always fake promises,2154224,
2297507,666962,True,Thu Oct 19 20:11:27 +0000 2017,@115821 what’s the point of having a prime account if nothing arrives in 24 hours. Lately everything I order takes 2 days.,"2297506,2297508",
677635,281650,True,Thu Nov 23 06:33:43 +0000 2017,@AmazonHelp That issue got sorted. Thanks 😇,677634,677636.0
2958640,816582,True,Wed Nov 29 20:30:32 +0000 2017,@AmazonHelp delivered by amazon shipping,2958641,2958639.0
2602253,736487,True,Fri Nov 17 07:57:41 +0000 2017,"@115850 ordered this book over a month ago, and on the very day I'm supposed to receive it you cancel the order. Care to explain???

Been a loyal customer for years, and this is how you treat your loyal customers? https://t.co/2MsZXYurOl","2602252,2602254",
386142,207420,True,Mon Oct 09 12:53:57 +0000 2017,@130293 @18509 ¿Y para cuándo la tercera temporada de The man in the high castle?,386141,386143.0
2917239,807458,True,Wed Nov 29 02:22:24 +0000 2017,"@AmazonHelp well it's a kind offer - but are you an actual human being? Or just another concerned bot? If you are human, you can DM me. Feel free....",2917241,2917238.0
419033,214944,True,Tue Oct 10 05:35:27 +0000 2017,@AmazonHelp It is given as 14th Oct. I have ordered it on 8th Oct.,419034,419032.0
689468,284755,True,Sat Nov 25 08:10:07 +0000 2017,@AmazonHelp 大変申し訳ございません、改めて確認したらHDDを入れるとこにありました…,689470,689467.0
164794,154198,True,Fri Nov 24 20:17:13 +0000 2017,"@AmazonHelp Correos por lo visto ya ha cerrado,aunque en la página que me habéis dado pone que están hasta las 22h.",164796,164793.0
274434,181565,True,Fri Oct 06 05:43:03 +0000 2017,"@AmazonHelp This time, I ordered from #AmazonPrimeAccount 😇
This is third class #service of #Amazon https://t.co/6cmmxolB0h",274436,274433.0
779946,306231,True,Sat Oct 14 08:41:35 +0000 2017,@AmazonHelp Have shared it at least twice on link provided by your twitter handle and have responded twice on email received from ur social network team,"779947,779948",779945.0
2289938,665238,True,Sun Nov 12 08:20:34 +0000 2017,"@AmazonHelp I think I already done what you said. Refer your email dated 8 Nov 2017, 8:42 AM. to __email__
And moreover I called 3-4 times  to customer care. And they always told within 48hrs. And today I think it's 10th day.","2289941,2289942",2289937.0
969017,350027,True,Sun Oct 22 08:41:01 +0000 2017,Robbed again by @115830 Where are the goods I paid for?,969015,
343901,197821,True,Tue Nov 07 15:45:51 +0000 2017,@AmazonHelp Je ne comprend pas @132988 me la livre demain alors qu’elle est précommandé depuis le 20 août ! Ça sert à rien de précommander alors ?!,343899,343907.0
2216888,647671,True,Fri Nov 10 18:32:54 +0000 2017,@AmazonHelp You say this line and you ask me to return that item... then wait for 3-5 days for refund and then re order... I'm fed up of listening this bullshit . It's your mistake that you took 11 days and did nothing. I'm not gonna wait more.,2216889,2216887.0
779872,306221,True,Fri Oct 13 06:19:43 +0000 2017,@AmazonHelp Replied,779873,779870.0
2793076,779469,True,Tue Nov 21 21:24:19 +0000 2017,@AmazonHelp Por Amazon.,2793078,2793075.0
291350,183457,True,Fri Oct 06 16:46:24 +0000 2017,@AmazonHelp What account details? For what? Are you going to deliver it now at this hour? Delivery date was Oct 6. The day is over. Night delivery! Joke,291351,291349.0
2318610,151500,True,Mon Nov 13 11:10:24 +0000 2017,"@AmazonHelp I dropped tens of times and today searched Google for office of @145529 and got my product. Sorry to say, You didn't even provide cell NO of sxr office of Gati",2318612,2318609.0
1666516,161011,True,Mon Nov 06 13:38:30 +0000 2017,"@AmazonHelp Done, thanks!",1666517,1666515.0
1718115,520225,True,Wed Oct 18 08:46:11 +0000 2017,"@AmazonHelp Spoke to ur custmr srvc team on ph nd sent mny emails,dey cant prvd even Ref# or SR# or intrction id for that call, Spoke 2 guy named Mitesh",1718119,1718114.0
2887364,800695,True,Tue Nov 28 12:55:02 +0000 2017,"@AmazonHelp Oh jeez hi. It hasn't been shipped, the seller actually contacted me and suggested I cancel the order so nothing has been shipped or changed other than it needing to be canceled.",2887366,2887363.0
1791667,538164,True,Tue Oct 17 23:54:38 +0000 2017,@115821 fix your delivery service it's fucking  garbage,1791666,
609471,264883,True,Wed Nov 22 12:30:38 +0000 2017,@115850 could you please explain- if I'm using my #AmazonPayBalance why do I need to provide my card details?,609470,
1423051,450693,True,Thu Nov 02 09:32:33 +0000 2017,@115830 not a very good example of prime when 1st order is switched from next day to 6 days #amazonpoor #amazonprime,1423049,
2052279,339199,True,Wed Oct 18 23:23:08 +0000 2017,"@AmazonHelp Yes. You have. The current status is it's suppose to be in the po box, but it is not. Stop using @115817 Surepost!",2052276,1851317.0
1466811,251111,True,Thu Nov 02 19:46:46 +0000 2017,"@AmazonHelp The front of the property says camp kern, in big signs and you can't miss it, and they did",1466814,1466810.0
948498,344934,True,Tue Oct 31 02:15:04 +0000 2017,@117795 what’s the recourse for a customer when an order doesn’t arrive within the two hour delivery window?,948497,
311522,192438,True,Sat Oct 07 12:32:26 +0000 2017,@117634 I’m getting tired of kindle app not working. How many updates last week? Four? Get it together. Please!,320832,311521.0
1347574,298563,True,Fri Oct 27 17:50:21 +0000 2017,@AmazonHelp Thank u!!,1347576,1347573.0
423512,207242,True,Tue Oct 10 12:40:47 +0000 2017,@AmazonHelp I have not get my order till now. How can I say this helped me?,423514,423511.0
127951,144764,True,Fri Nov 24 03:59:40 +0000 2017,@AmazonHelp Told you Customer care is complete crap 🤣🤣 Now I’ll tell your Twitter handlers are the same . Amazon can be renamed as Shitzon https://t.co/dEBs3lVIRu,127949,127962.0
440215,219477,True,Wed Oct 25 17:40:50 +0000 2017,@115821 this is the biggest waste of all time. Seriously...? This box and wrapping for 3 bottles of wipes? https://t.co/9MZ0RXO1Cv,440214,
2105851,532550,True,Wed Nov 08 13:31:34 +0000 2017,@AmazonHelp How to proceed further.,2105853,2105850.0
455466,223119,True,Thu Nov 30 23:47:51 +0000 2017,"@AmazonHelp I appreciate the reply @AmazonHelp - Yes, I have reviewed those but still can't get the Dot to get on the public WiFi - updated Dot firmware, but no luck",455464,455467.0
2770704,774543,True,Tue Nov 21 13:00:36 +0000 2017,@116439 how do I connect my @115833 to my fire tv stick in the uk? Tried to go through Alexa app but no option to connect. Help!,"2770702,2770708",
1397765,445056,True,Thu Nov 30 19:12:49 +0000 2017,EH alguien tiene experiencia devolviendo cosas en @116928 ??? Os necesito,1397764,
1157963,392398,True,Tue Oct 24 16:10:31 +0000 2017,"@115821 Help me out here. Get you pushing Prime but this is ridiculous. Expected delivery possible today, yet not even pulled yet. https://t.co/k4YH5XPcPI",1157962,
2931363,810812,True,Wed Nov 29 08:44:27 +0000 2017,@AmazonHelp Just a general question. When you call Amazon and request a U. S representatives you can’t get one because the offices are closed.,2931366,2931362.0
546410,247053,True,Sat Dec 02 18:07:51 +0000 2017,@AmazonHelp I'm pretty sure the package was lost to be honest here and I'm extremely frustrated,546411,546409.0
2611643,149100,True,Fri Nov 17 12:53:05 +0000 2017,"@AmazonHelp Well it now says ""out for delivery"" after post has been ???",2611644,2611642.0
665487,354741,True,Tue Oct 24 13:26:03 +0000 2017,@11__credit_card__ This order delay delivery deadline time over. Careless service Amazon,"1145965,1145966,1145967",665469.0
2772377,739717,True,Mon Nov 27 00:29:01 +0000 2017,"@115821 Can I get some real picture (All-New Fire HD 10 Tablet - Marine Blue )
@AmazonHelp @14249 @14249 @173744 @115830",2772375,
1591618,489281,True,Tue Oct 17 08:28:36 +0000 2017,"アルバムのAmazon支払いしたか覚えてないし支払いのメール来た覚えもないので詰み

(ほんとに買えてんのか)",1591617,
2271441,660843,True,Fri Oct 20 06:56:58 +0000 2017,@AmazonHelp No response by email. Phoned &amp; a wonderful girl called Grace needs a bonus. Her customer service was amazing &amp; she sorted it for me. Ty,2271444,2271439.0
1002195,353580,True,Sun Oct 22 14:44:34 +0000 2017,"So how come I can't watch @43926 on my phone, using my Amazon information, as ive got a subscription thru Amazon?@AmazonHelp",1002194,
2804276,782188,True,Wed Nov 22 02:02:56 +0000 2017,@AmazonHelp I've been locked out of my account due to something with my card and I want to make sure my order was cancelled so I won't be charge for the PSN Card I tried to buy,2804274,
400827,210808,True,Mon Oct 09 22:01:09 +0000 2017,@AmazonHelp Done,400829,400826.0
1413786,448555,True,Thu Nov 02 01:37:54 +0000 2017,Rey @119625 endraa idi 🤦‍♂️🤦‍♂️🤦‍♂️ https://t.co/a42x9z1w29,1413784,
1225746,407558,True,Wed Oct 25 19:10:58 +0000 2017,"@AmazonHelp Ernsthaft? Und wenn ich auf ""Konto wiederherstellen"" gehe, passiert dann was? (Ist - wie gesagt - das zweite Mal.)",1225744,1225748.0
1088716,376811,True,Mon Oct 23 18:35:14 +0000 2017,@119625  no sub for Italian language in godfather series??? Netflix has it .. common up the game here,1088715,
2337990,676387,True,Fri Oct 20 05:31:55 +0000 2017,"Amazonお急ぎ便なのに届ける気の無さすごい
一つの注文が二つに分かれて、片方は昨日受け取ったけど、これも昨日の時点では到着済みにされてた☺️ https://t.co/egpBCe1Sy6",2337989,
826614,316901,True,Fri Oct 13 01:34:16 +0000 2017,@AmazonHelp Tried all of that. Has been an ongoing issue. Even bought new firetv stick but not better it says signal good but won't connect to server.,826616,826613.0
1101876,380001,True,Mon Oct 23 22:56:19 +0000 2017,@115821 I love it when I pay $10 for one day shipping and my package takes 4 freaking days to get to me.,1101874,
2533884,721028,True,Mon Oct 30 12:46:47 +0000 2017,Muchas gracias @115821 https://t.co/fYWXTY1BR4,2533882,
2408660,692607,True,Tue Nov 14 16:10:55 +0000 2017,@AmazonHelp I’ve seen that and it mentions a food voucher however your customer services team say there is no food or drink provided,2408662,2408659.0
280922,182937,True,Fri Oct 06 11:03:29 +0000 2017,@AmazonHelp Both my most recent ones. I uninstalled and reinstalled to see if that would fix it...so far nothing.,280923,280920.0
534121,243709,True,Sat Dec 02 11:47:18 +0000 2017,@AmazonHelp @115830 @115821 Will you help me with this as your help account apparently doesn't care to?,534119,534122.0
608181,264551,True,Wed Nov 22 11:57:57 +0000 2017,"@AmazonHelp You sent me an email yesterday saying you delivered my package to ""Mr Mark at Lane"". What is this supposed to mean? I have no neighbours called Mark and my neighbours do not have my parcel. Please advise ASAP.",608179,
2772395,774916,True,Mon Nov 27 00:10:44 +0000 2017,@115821 you guys lost my package and won’t send me a replacement. Can someone help???,2772394,
994301,355525,True,Sun Oct 22 15:46:08 +0000 2017,@115850 paid 100extra for urgent delivery but after 6 days still undelivered. Had to cancel order. Hope get the refund timely.,994299,
350761,199452,True,Sun Oct 08 09:33:15 +0000 2017,"@120533 @AmazonHelp @115821 @132743 Les colis qui se perdent dans les boites aux lettres des acheteurs, c'est toujours fameux ca ! @132743 , pouvez vous confirmer ? https://t.co/yLd8YjNC1B","350758,350764",350765.0
1241781,411288,True,Fri Oct 27 19:17:47 +0000 2017,@AmazonHelp no I do not .,1241782,1241780.0
1565065,298490,True,Sat Nov 04 14:50:10 +0000 2017,@115850 why accepting order at 1st place when you don't service to that pin code? Please contact for more information.,1565063,
1955343,580372,True,Wed Oct 18 18:05:59 +0000 2017,@AmazonHelp ???,1955349,1955340.0
531686,243168,True,Sat Dec 02 10:07:44 +0000 2017,"My @AmazonHelp HORROR
I buy a power bank (Rs. 599) -- it has a manufacturing defect -- I initiate replacement. Amazon gives me courier phone no. &amp; says mail it; we will refund max Rs. 100 as courier charges. Courier says power bank will be sent only by road at a  cost of Rs. 800.","531685,531687,531688,531689",
2897618,802836,True,Tue Nov 28 16:39:49 +0000 2017,"Sei que vocês sempre elogiam a @117086 pela eficiência nas entregas, mas PRECISO registrar (pois moro lá onde o ser demoníaco perdeu as botas) que essa se superou! A compra foi feita na sexta-feira e acabou de chegar! 

NUNCA foi tão rápido! NUNCA! E estou: 😍 

Valeu, Amazon!",2897617,
1702186,222540,True,Mon Nov 06 21:32:57 +0000 2017,"@AmazonHelp You’ve sold me two faulty items and it’s going to cost over £80 to return, we cannot afford this! Ridiculous","1702185,1702187",1702188.0
1773979,533148,True,Wed Nov 08 03:17:04 +0000 2017,@AmazonHelp It was supposed to be delivered today by 8pm,1773977,1773980.0
1240511,410969,True,Wed Nov 15 07:21:17 +0000 2017,"@AmazonHelp how many times I have to email the same , why are you guys taking too much time for small thing??? I am wasting my time alot",1240512,1240510.0
13157,118701,True,Sun Oct 22 16:27:34 +0000 2017,@AmazonHelp I have asked the customer care exec on phone to cancel the order. Don't want to waste any more of my time on this.,13156,13158.0
2541075,722539,True,Thu Nov 16 10:52:08 +0000 2017,Amazonで頼んだのに届かない挙句、注文履歴にも入ってないからどうしたらいいの...携帯のやつで支払いは済ませてあるんだけど,2541074,
131737,145707,True,Fri Nov 24 13:11:45 +0000 2017,@AmazonHelp A priori transporteur d’hier @132988 😠 numéro de suivi NP980025595JB : « colis laissé à l’intérieur de la boîte aux lettre »! Pour le déchirer comme ça le livreur a peut-être voulu faire entrer le carton dans la boîte ?! Fente de 10cm...,"131738,131739",131736.0
1746087,526448,True,Tue Nov 07 15:10:38 +0000 2017,@AmazonHelp Latest v of Android app turns on all notifications &amp; won't save change when I turn off. Plans to fix? Or should I uninstall?,1746085,
170925,155860,True,Sun Nov 26 23:10:10 +0000 2017,"@AmazonHelp Ok agradesco mucho su tiempo y su ayuda, intentare contactar a servicio al cliente @AmazonHelp",170926,170924.0
2886455,800533,True,Tue Nov 28 12:32:33 +0000 2017,@115821 @115830 are US purchased gift cards usable on the U.K. site? What kind of conversion or exchange rate is used in doing so if possible,"2886454,2886456",
497236,233657,True,Fri Dec 01 18:28:19 +0000 2017,"@115830 this was ""delivered"" today. https://t.co/8uZg8VxChb",497235,
407500,212132,True,Mon Oct 09 21:54:27 +0000 2017,@128308 @12379 When are you going to declare the winner for #CutTheCord  challenge?,407499,407501.0
1822300,547063,True,Sun Nov 26 07:12:13 +0000 2017,Hmm... Would this be a call to @115821 customer service to return or a @38602 manufacturing defect?  Can you spot the flaw? https://t.co/yhnOq7iblt,1822298,
1594640,490013,True,Tue Nov 07 16:13:37 +0000 2017,@AmazonHelp This  abysmal! The item is a gift that is now too late for the occasion. Get it together please &amp; get it to me tomorrow evening. #badservice,1594641,1594639.0
809430,312875,True,Mon Sep 11 10:59:16 +0000 2017,@AmazonHelp Phone number please,809429,809431.0
320320,192330,True,Sat Oct 07 12:00:54 +0000 2017,Trying to renew my Prime Account but getting this error. @115850 https://t.co/ECX9dXTdEZ,320318,
792714,215455,True,Thu Oct 12 13:39:43 +0000 2017,@AmazonHelp .. it’s the lowest form of humor.  But yes.,792716,792713.0
2902512,803918,True,Tue Nov 28 18:33:05 +0000 2017,"@116928 hola, me habéis cobrado el mismo pedido dos veces. En vuestro formulario de ayuda no encuentro solución",2902510,
565810,252621,True,Sun Dec 03 00:57:14 +0000 2017,"@AmazonHelp Yes there is power getting to it, it just won’t answer to me saying “Alexa” and my wake word is “Alexa”",565809,565811.0
1977850,585679,True,Tue Oct 31 17:36:15 +0000 2017,@115817 @UPSHelp and @115821 really disappointed me in the delivery of a mattress.Contract btwn them make 0 sense.they hold 0 ppl responsible.,"1977849,1977851",
345106,192516,True,Sun Oct 08 02:37:38 +0000 2017,@AmazonHelp sent you a DM,345108,345105.0
2176352,321570,True,Thu Oct 19 13:55:35 +0000 2017,@AmazonHelp Had a word with given link...they not have any resolutions. Even my simple question they not able to answer..if try to answer if you can 1/2,2176354,2176349.0
2662259,161904,True,Tue Oct 31 05:35:40 +0000 2017,@AmazonHelp kindly convey my thanks to Venkat who resolved my echo issue,2662258,
542252,245842,True,Sat Dec 02 15:37:56 +0000 2017,"@AmazonHelp what kind of staff do you employ?!! Order cannot be delivered as can’t find the address, why don’t you use the number registered to get directions. 2 failed attempts #commonsense #badcustomerservice #amazon #wherismyparcelamazon",542251,
74779,132737,True,Fri Dec 01 11:28:16 +0000 2017,@AmazonHelp I have replied to that mail but there is no response from the team.,74780,74778.0
1604130,492218,True,Sun Nov 05 07:52:44 +0000 2017,"Hey @119625 , why isn't the #LethalWeapon episodes being updated!? 😐",1604128,
1030177,363738,True,Tue Oct 17 17:23:52 +0000 2017,@AmazonHelp I already filled and sent to you,1694529,1030176.0
1455303,175175,True,Thu Nov 02 14:51:03 +0000 2017,@115833 why did you launch in India when you don't even want to list basic skills like IFTTT?? (1/2),1455302,
2769755,774352,True,Tue Nov 21 12:27:34 +0000 2017,Why u dont give the option for exchenging smartphone in kolkata ? @115850,2769753,
1136254,384096,True,Sun Oct 15 15:09:47 +0000 2017,@115830 @387680 Epson printer I bought from you less than a year ago has stopped working. Worst £95 I have ever. I want a replacement now,1136253,
389972,208321,True,Sun Oct 22 13:16:49 +0000 2017,@AmazonHelp @115851 And now I will get a link to record my complaint .. what a joke ??,"389973,389974,389975",389971.0
2527641,552670,True,Thu Nov 16 04:48:14 +0000 2017,"@AmazonHelp They offered to refund me, but couldn’t place a new order for me and told me I had to do it myself and call back for a refund on expedited shipping. Did that and 2nd rep took 15 min to understand why was going on. No one knew how to use their systems.",2527640,2527642.0
1540996,309422,True,Fri Nov 03 22:33:47 +0000 2017,"@AmazonHelp Hi, my amazon order keeps getting cancelled. My card is not the issue according to the bank. Email is __email__",1540994,
2739400,767518,True,Mon Nov 20 17:33:36 +0000 2017,"@AmazonHelp Merci, je vous souhaite une bonne soirée.",2739401,2739399.0
1598748,491016,True,Sun Nov 05 03:02:31 +0000 2017,"@AmazonHelp Order id ...408-4293439-0997909.,,,,408-6286359-9379532 both of them got faded in 2 months.. https://t.co/8M7EvDRWTS","1598746,1598749,1598750,1598751",1598752.0
1555500,481022,True,Tue Nov 14 05:29:13 +0000 2017,@AmazonHelp Yes.. but not getting proper response from your end,1555502,1555499.0
1077774,374256,True,Sun Nov 12 01:35:31 +0000 2017,"Amazon, honey, I do not pay for prime so that AMZL can mark things as delivered, not deliver, and then mysteriously drop them off 2wks later.",1077773,
725578,293798,True,Wed Oct 11 04:42:45 +0000 2017,Amazon毎回毎回指定日に持ってこれないの何なの？大切な日が台無し,725577,
1050721,138295,True,Mon Oct 23 07:50:57 +0000 2017,"@AmazonHelp ist das eigentlich gewollt, dass man seit dem letzten Update eure App auf dem iPad nicht mehr im Querformat nutzen kann?",1050720,
2786314,777908,True,Tue Nov 21 18:46:18 +0000 2017,@AmazonHelp Various. “Play songs by Frank Sinatra” (and variants with “on Spotify” at the end). Also tried diffeeent artists. It was working perfectly last week - no settings have been changed. Tried unlinking and delinking Spotify but no success.,2786316,2786313.0
379855,206114,True,Mon Oct 09 05:44:30 +0000 2017,Bad experience with @115850 order 2Nos. Shoes not delivered after waiting of 13 day even I've subscribed #Prime @AmazonHelp @18149,379853,
1680102,510904,True,Tue Oct 31 10:19:36 +0000 2017,"@AmazonHelp A Friend gifted me a card worth 10k from amazon and card no is not found in amazon database, spoke 20times and still no progress..Purchase data is available in the account but still no body knows the solution..Plz help","1680103,1680083,1680104,1680105",
1433642,452867,True,Thu Nov 02 13:33:30 +0000 2017,"Seriously, @115830 - a box this size for a single book? Not only wasteful, but really inconvenient. https://t.co/dYWRZi2QOp",1433641,
2934507,811393,True,Wed Nov 29 09:32:15 +0000 2017,@115850 https://t.co/jwFOkOjmmX,2934506,
873822,327457,True,Fri Oct 20 20:55:50 +0000 2017,"@AmazonHelp The issue is, I no longer have access to the email address, it’s very old...",873824,873821.0
2723961,764055,True,Mon Nov 20 13:07:31 +0000 2017,"@AmazonHelp カスタマーサービスとのやり取りでやはり誤配送とのことでした。
送り返すことになりました。",2723963,2723960.0
2513442,430551,True,Mon Oct 30 08:01:09 +0000 2017,@AmazonHelp Yes we have done that and waiting for update.,2513443,2513441.0
173431,156599,True,Fri Nov 24 23:01:15 +0000 2017,@AmazonHelp They reckon they attempted to deliver tonight but failed I haven't got a clue where yesterday's is,173429,173434.0
2875594,798308,True,Tue Nov 28 04:45:38 +0000 2017,"@115821 over here messing up people’s #Christmas #christmasgifts. Not only was it not in an amazon box, it was out in the open for everyone to see, including the person the gift it was for, and they saw it before I cpuld wwrap it! Ya’ll 🤬up! When we start doing this!",2875592,
522538,240700,True,Sat Dec 02 04:25:52 +0000 2017,"@AmazonHelp Delivery date was for tonight by 8 pm, but now it says delivery estimate between 12/2 and 12/5.",523504,522537.0
347162,198677,True,Sun Oct 08 03:41:14 +0000 2017,#Amazon #AmazonIndia my order 171-0360384-4991563 updated as delivered when actually not and cust serv not solvg the issue. #bewarecustomer,"347161,347163",
1019508,361232,True,Sat Oct 14 16:44:50 +0000 2017,@AmazonHelp Croisons les doigts ☺️,1019509,1019507.0
17214,119791,True,Tue Oct 31 04:53:16 +0000 2017,@AmazonHelp Pathetic reply by your caller,17213,17215.0
1131268,386599,True,Tue Oct 24 11:59:35 +0000 2017,"@AmazonHelp There are too many inconsistencies in this situation. Then, Agatha. 😩🤮 The rep that stated that",1131278,1131263.0
1380633,441370,True,Mon Nov 06 22:01:40 +0000 2017,"Segundos, minutos, horas, días,meses...lo que te tarda un #funko de @115821 USA en llegar a España...",1380631,
63145,124288,True,Wed Nov 01 21:22:00 +0000 2017,#amazon how many times will u send this? Its not working! @115821 😡 https://t.co/oCNIUuNJSp,63143,
838281,319494,True,Fri Oct 13 10:14:37 +0000 2017,"https://t.co/7Fi2460L6v (@115821)
https://t.co/QuBGCnKSoD
payment . . . 30.00 GBP from the bank account
AMAZON - please read my emails!",838279,
843521,320576,True,Sat Nov 25 10:19:39 +0000 2017,@37831 received the prize but the amazon gV is  not working... I can't add it to my account https://t.co/NB4o4k07F6,843519,
34532,123484,True,Wed Nov 01 17:45:18 +0000 2017,"@AmazonHelp Entiendo que es gestionado por Amazon, ya que me aparece que fue vendido por Amazon EU S.a.r.L.",34535,34530.0
2318803,672158,True,Sat Nov 25 15:32:16 +0000 2017,"@116928 Buenas, tengo una pregunta, si pido una oferta flash, lo pido... y veo que no se aplica el descuento y a continuación cancelo el pedido... porque no me deja volver a cojer la oferta flash? he dejado pasar un tiempo y sigue sin dejarme cogerla...¬¬",2318801,
2766967,207485,True,Tue Nov 21 10:52:16 +0000 2017,@AmazonHelp I already did that 3 days ago and therefore escalating it via you.,2766969,2766966.0
644020,272882,True,Mon Oct 30 12:43:43 +0000 2017,"@AmazonHelp Hey @AmazonHelp
What about my feedback",644021,644017.0
204951,164545,True,Thu Oct 05 00:27:27 +0000 2017,I was trying to leave a review for Elites of Eden on amazon but it kept crashing what the hell,204950,
748716,298985,True,Wed Oct 11 18:15:09 +0000 2017,@AmazonHelp If this is your prime delivery I won’t recommend prime services to anyone,748723,748714.0
368323,208134,True,Mon Oct 09 14:40:32 +0000 2017,@117086 140 characters are not enough though,389342,368311.0
1019615,314336,True,Sat Oct 14 20:46:37 +0000 2017,"@AmazonHelp Oh shoot, apologies. I misread the last message. The carrier is Canada Post. Tracking number: __credit_card__",1019616,1019614.0
1380479,441341,True,Sat Oct 28 05:24:41 +0000 2017,@AmazonHelp Yalls app and Website are acting goofy tonight?? https://t.co/UMzAW3oACW,1380477,
65821,131057,True,Thu Nov 30 08:59:29 +0000 2017,"@AmazonHelp No, I still need to take time out of my busy day later to call or chat about it what to do next.",65823,65820.0
348946,183917,True,Sun Oct 08 12:55:15 +0000 2017,"@AmazonHelp Soon means how many years?
For 1 day delivery its already 5 days.
10 calls i have made to ur teams &amp; ur courier team is refusing to deliver.",348947,348945.0
71980,132151,True,Thu Nov 30 10:01:50 +0000 2017,Why does @115830 site always show a lower price &amp; when you click on the item it’s at a higher price? Nightmare when trying to buy presents!,71978,
526129,241735,True,Sat Dec 02 06:54:07 +0000 2017,"@AmazonHelp オゥあんちゃん
なんかすまんかったなぁ

ワイは""ケジメ""つけに事務所いってくるさかい、不在やったら留守番の若い衆に注文したハムちゃんグッズ渡しといてくれや

ほな、また…",526131,526128.0
2896050,270206,True,Tue Nov 28 18:17:45 +0000 2017,"@AmazonHelp It doesn't matter now. I won't be taking delivery of the item even if it does arrive now. I'm not taking delivery of any items sent from Amazon.fr by Chronopost or Colis Prive. I've ordered a (cheaper) item from Amazon marketplace UK, due on Saturday, normal post (not Prime).",2896051,2896049.0
2483988,399056,True,Wed Nov 15 15:38:20 +0000 2017,"@AmazonHelp haha there are a few incorrect things in this documentary. All band names, peoples' names, etc. the Blackhearts documentary.",2483990,2483987.0
2918769,193375,True,Wed Nov 29 00:20:54 +0000 2017,Esperando mis paquetes de @115821 que ya se que no llegarán hoy. https://t.co/GQeuTSEys0,2918768,
2288394,664835,True,Sun Nov 12 03:46:38 +0000 2017,When “Two-Day” Shipping is really 4 Days fuck you @115821 https://t.co/QTW8b89gt4,2288392,
389313,208137,True,Mon Oct 09 14:48:19 +0000 2017,@115821 keeps failing to deliver packages on time. Happened to my friend and to me separately this weekend again and put us in a bind.,389308,
493383,232625,True,Fri Dec 01 17:11:53 +0000 2017,"Well it turns out it's not being delivered today after all, so Fred will have to wait till the 5th. Extremely disappointed is an understatement. @115830 what a fail.",493382,493384.0
8527,117498,True,Tue Oct 31 23:35:01 +0000 2017,I know it’s nearly xmas but seriously I ordered a book from @115821 due to arrive 23rd Oct and still don’t have it or know where it is???,8525,
1972830,584318,True,Sun Nov 26 09:45:25 +0000 2017,I have ordered motorola g5s plus but i haven't got the cash back . Pl. Resolve this issue as early as possible. @115850 @115821 https://t.co/Vth3NKwjyF,"1972829,1972831",
1462559,459459,True,Thu Nov 02 18:23:50 +0000 2017,"@AmazonHelp paket bestellt, ganzen tag gewartet und nichts da? als prime mitglied. morgen kann ich es nicht entgegen nehmen",1462557,
1411568,448076,True,Thu Nov 02 00:45:58 +0000 2017,@AmazonHelp Thank you,1411567,1411569.0
2103430,621059,True,Wed Nov 08 12:07:55 +0000 2017,@AmazonHelp Fait et impossible de contacter vos livreurs. Et rebelote demain,2103432,2103429.0
2437286,699169,True,Sun Oct 29 15:30:42 +0000 2017,Thanks @115830 for hiding my parcel in a really inconspicuous place https://t.co/zX7hqgdf7o,2437285,
281171,182997,True,Fri Oct 06 10:09:24 +0000 2017,"@115850 on 4th,I subscribed to prime and ordered a hard drive as it was urgent.On 5th even without delivery,I get a msg that its delivered","281172,281170",
1398068,445120,True,Sat Oct 28 15:46:45 +0000 2017,So @AmazonHelp @115830 and @445121 send a fake replacement product and despite claims of 24/7 care - no response from either - #fraud,1398065,
1421284,338772,True,Thu Nov 02 08:37:46 +0000 2017,@AmazonHelp It says 5 NOV. My point it ds way it looses d relevance. Imagine it ws bday gift 4 sm1 today? Don’t attract buyers 4 smthng whch is nt psbl.,"1421283,1421285",1421286.0
356728,200705,True,Sun Oct 08 15:11:39 +0000 2017,@AmazonHelp  https://t.co/LtXlESWWq6,356727,356729.0
1739884,525036,True,Tue Nov 07 17:27:25 +0000 2017,@AmazonHelp Es gibt keine Sendungsverfolgung . Nichts hinterlegt in meinem Account noch habe ich eine Email bekommen ..,1739886,1739882.0
2302598,668177,True,Sun Nov 12 18:41:16 +0000 2017,"@AmazonHelp &amp; Gail, thanks for giving human friendly phone service.","2302599,2302597",
682472,282888,True,Tue Nov 07 07:18:01 +0000 2017,@AmazonHelp No proper update/response is received. Issue still unresolved &amp; delivery still pending. #PatheticSupport,682474,682471.0
812504,313574,True,Mon Nov 27 19:42:17 +0000 2017,"@AmazonHelp De todas formas mañana por la mañana temprano llamaré yo a la oficina, por que se están quedando conmigo. Aún así si pudierais llamarlos desde Amazon para ajustarle las cuentas, no estaría mal.",812507,812503.0
2682210,754527,True,Tue Oct 31 16:45:29 +0000 2017,@AmazonHelp Doesn’t say anything about why,2682211,2682209.0
1959492,581262,True,Sun Nov 26 09:54:21 +0000 2017,"@115821 Hey @115821 If I'm looking for clothes on the American site, I'd like to see American made/sizes not Asian!!!! There's too much of a difference.",1959491,1959493.0
1449117,456255,True,Thu Nov 02 16:27:01 +0000 2017,Now that's a box. Thx @456256 @115821 #leonblack https://t.co/XfUGPHqxfu,1449116,
2537440,220260,True,Thu Nov 16 09:13:56 +0000 2017,@AmazonHelp why is the team unable to resolve..@115851,2537442,2537439.0
397437,210102,True,Fri Oct 27 13:50:05 +0000 2017,"@AmazonHelp So, nachdem ich mit im Haus kurz auf die Suche gemacht habe... Das Päckchen lag im Briefkasten vom Nachbarn... -.-",397438,397436.0
1379048,441059,True,Thu Oct 19 04:24:34 +0000 2017,@119625 where is  Thupparivaalan ?,1379047,
178707,158113,True,Wed Oct 04 20:15:56 +0000 2017,@12381 Is it legal for @115850 to sell goods with GST charged on it but refuse to pass on the GST credit? #GST #GSThelpdesk,178706,
1929406,574150,True,Wed Oct 18 14:40:02 +0000 2017,@115850 I ordered this #Diwali #Gift for my #girlfriend and what I received is an #Empty #Box and you guys #ruins everything #Fuckyou https://t.co/nDoXSh4sfF,"1929405,1929407",
264805,179075,True,Tue Oct 10 05:41:48 +0000 2017,@115850 Order# 402-0467289-1941134 was supposed to be delivered now..paid 150 extra...i need my money back !!!,"264806,264804",264807.0
1195787,400967,True,Wed Oct 25 02:04:43 +0000 2017,@400968 @115821 You're 100% right because I STILL haven't received what I needed ‼️‼️👺,"1195788,1195786",1195789.0
675254,205292,True,Thu Nov 23 10:28:44 +0000 2017,@AmazonHelp just received a damaged and heavily taped parcel. Not the prettiest of things for an Xmas present. How has this happened? https://t.co/TH1YiZz7ZZ,675253,
1346601,426266,True,Fri Oct 27 17:03:13 +0000 2017,Fun fact: @115821 hires @115873 and @115879 drivers to deliver packages. Usually to the wrong place,1346599,
1642188,501972,True,Tue Oct 17 13:21:20 +0000 2017,@120533 comment je fais si je reçois pas le bon cable d'ali (pb récurrent) pour mon écran DELL svp https://t.co/u01hVh2OKE (je suis prime),1642186,
2450578,702300,True,Sun Oct 29 17:14:37 +0000 2017,"@AmazonHelp The original Echo, the music cuts out and comes back on later in the song. Cuts out for 30 sec, comes back for 5. Internet is fine",2450580,2450577.0
2501958,250919,True,Wed Nov 15 20:01:38 +0000 2017,@AmazonHelp Thanks,2501960,2501957.0
2976590,820911,True,Thu Nov 30 02:52:00 +0000 2017,"@820912 @115850  when the winners of the #OnePlus5TAppQuiz
Are going to be announced",2976589,2976591.0
945460,344184,True,Sat Oct 14 00:21:26 +0000 2017,It's always frustrating when my @41832 isn't available when it should be on my @117634 . #firstworldproblems,945458,
1463442,459670,True,Thu Nov 02 18:46:31 +0000 2017,@AmazonHelp It's been saying out for delivery for the last 7 Hours. It's just getting pretty late for delivering it tonight..,1463441,1463443.0
1568709,458895,True,Sat Nov 04 16:37:41 +0000 2017,@AmazonHelp I’m deployed to Poland and trying to use Prime Video but keep getting the restriction message.,1568707,1568711.0
1356489,436278,True,Wed Oct 18 17:47:17 +0000 2017,"@AmazonHelp urgente, por favor, necesito un número telefónico para comunicarme por una compra hecha desde Colombia, la cual fue reversada.","1356490,1356488",
2283942,663728,True,Sat Nov 11 12:09:47 +0000 2017,"@AmazonHelp 
I cancelled an order, and it successfully cancelled. How long will it take to get refunded?",2283940,
1270940,392546,True,Thu Oct 26 14:32:02 +0000 2017,@AmazonHelp Grr my first order via Prime and my package comes like this. Why the hole. was confimed via @132668 was shipped that way https://t.co/da28Mi4lGR,1270939,
1710593,421652,True,Tue Oct 17 18:00:54 +0000 2017,@AmazonHelp  https://t.co/jzxZ2GQ1v2,1710594,1710592.0
382560,206695,True,Mon Oct 09 10:47:28 +0000 2017,"@AmazonHelp Now YOUR website saying the 17th, 5 days after his birthday. You are supposed to be sending me another one but I have little hope.",382561,382558.0
1157965,392399,True,Tue Oct 24 16:14:06 +0000 2017,@AmazonHelp How do I get in touch to find out why my order's not been delivered? It's very unclear.,1157964,
1383308,441928,True,Sat Oct 28 08:04:02 +0000 2017,"@AmazonHelp Yes, It was available for my Pincode.. There are rate chart in vch it was mentioned Rs.100 for it..1/2","1383310,1383311,1383312",1383307.0
990017,354510,True,Sat Nov 25 10:43:10 +0000 2017,"@116928 dejad de ser tan maravillosos, por favor. Un disipador que pedí ayer y supuestamente llegaba Martes acaba de llegar. LOVE YOU &lt;3",990015,
909477,336030,True,Sun Oct 22 06:09:29 +0000 2017,"@AmazonHelp So when you said you'll look into it, did you think about a timeframe",909478,909472.0
2856566,793975,True,Mon Nov 27 21:05:46 +0000 2017,Thanks @115830 for the mat in my box of packaging. Was this seriously the most appropriate way to deliver this? Although I do get to spend the rest of the week thinking of 1001 uses for packaging paper - and I could probably do most of them with this much #reducepackagingwaste https://t.co/vivEIdyOEA,2856565,
616900,266373,True,Wed Nov 22 14:40:52 +0000 2017,@AmazonHelp My husband and I have already done this with 2 people in cs in the last week. I'm just shopping elsewhere.,616901,616899.0
2615099,739215,True,Fri Nov 17 14:29:39 +0000 2017,@AmazonHelp Je n'ai pas compris la fin de votre réponse :/ J'aurai dû recevoir un mail dès la commande ou je vais recevoir sous peu un mail afin d'avoir de nouvelles infos ?,2615100,2615098.0
1502866,468814,True,Fri Nov 03 16:00:30 +0000 2017,@AmazonHelp I redeemed it but I have problems with that.,1502867,1502864.0
140084,147604,True,Fri Nov 24 10:53:53 +0000 2017,"@116928 acabo de comprar un movil, y no me viene la opcion de elegir color... Intento buscar un tlf de contacto u otra forma, pero no lo cuentro...
Help!!!
Thanks",140083,
887972,330842,True,Fri Oct 13 18:41:31 +0000 2017,@AmazonHelp Thank you so much.  👍,887974,887971.0
2872457,797528,True,Tue Nov 28 04:22:32 +0000 2017,"@AmazonHelp I was provided with redelivery of the package in my last order and after 3 reattempts and 4 days later I finally received my package. But In my most recent order, I never received the items that  said they were delivered. I have since reached out to CS where I received a refund.",2872458,2872456.0
2298146,306648,True,Sun Nov 12 14:43:46 +0000 2017,"@AmazonHelp Thanks forgetting back to me. No message was left, I’ve just got an electronic message through that app.",2298148,2298145.0
1215482,405219,True,Wed Oct 25 16:55:48 +0000 2017,@AmazonHelp I ordered something with prime on Sunday. Says it should get here tomorrow (which is late already) but still hasn't shipped????,"1215480,1215484",
271910,180884,True,Thu Sep 28 11:20:13 +0000 2017,"@115821 @AmazonHelp @115850 kindly refund my money ASAP, if you care enough. ur #customerserviceagents anyways dnt care #neveragain https://t.co/y47WXglPNl",271909,
2968330,818824,True,Wed Nov 29 23:39:55 +0000 2017,When you order things on amazon for 2 day delivery and that 2 day guarantee is more of a guesstimate... come on @115821,2968328,
2212063,383923,True,Fri Nov 10 04:46:13 +0000 2017,"@115850 i have participated in most of the mobile phn quizzes, n i m not finding any winner list of mobile phn here.",2212061,2212064.0
806309,308746,True,Thu Oct 12 18:06:05 +0000 2017,@AmazonHelp Yep waiting on the email,806311,806308.0
1771774,532556,True,Sat Nov 11 10:33:38 +0000 2017,"@AmazonHelp ça fait deux jours que un livreur a ""un soucis d'adresse"", alors que au début de la semaine j'ai reçu un autre colis de votre part (Tous deux amazon logistics), j'espère que mon colis n'a pas été volé",1771772,
821181,225010,True,Thu Oct 12 22:41:55 +0000 2017,@AmazonHelp Not a sign up button in sight. Forgot to renew info at the end of last year and no way of adding it. https://t.co/6DktGI6ZLB,821183,821180.0
2290096,665269,True,Sun Nov 12 12:48:31 +0000 2017,@AmazonHelp Yes I have. Can you investigate pls?,2290098,2290095.0
379720,206077,True,Mon Oct 09 07:17:31 +0000 2017,"@AmazonHelp わざわざご連絡ありがとうございます
安心しました、今後も気を付けたいと思います",379719,379721.0
981479,352712,True,Sat Oct 14 09:00:10 +0000 2017,アマゾンから配達完了って通知が来たのにポストに何も入ってない,981478,
1021016,361607,True,Sat Oct 14 16:26:37 +0000 2017,@AmazonHelp Do you have a link for Germany? That seems to be UK.,1021018,1021015.0
1080610,374915,True,Sun Oct 15 01:47:22 +0000 2017,"@AmazonHelp hi, I got the fire hd 10. Can I change Alexa's voice to the British accent? How? Thanks",1080609,
2888196,800864,True,Tue Nov 28 13:50:50 +0000 2017,@AmazonHelp I’ve ordered something from you guys and someone from your team assured me that it will get delivered by today as I need this today only but I’ve not received the product,2888197,2888195.0
1408091,447289,True,Sun Oct 29 17:25:46 +0000 2017,@AmazonHelp It's been 8 hours that I filled the form but didn't hear anything from Amazon.,1408092,1408090.0
333109,195344,True,Sat Oct 07 19:14:54 +0000 2017,@115850 my wife ordered Gas stove 4 burner n payment of Rs.3399/- was made but Cylinder trolley was delivered https://t.co/jnLB3KXUWg,"333108,333110,333111",
2290271,665297,True,Sun Nov 12 07:10:22 +0000 2017,@AmazonHelp Thank you,2290273,2290270.0
934323,147125,True,Sat Oct 21 17:33:24 +0000 2017,@AmazonHelp Wird mir nix anderes übrig bleiben…,934322,934324.0
180786,158492,True,Fri Oct 06 03:06:23 +0000 2017,"@AmazonHelp Update: Amazon rep promised cancellation if order and £5. Order not cancelled, book dispatched. No credit on account.... https://t.co/VEDulJFtMP",180787,180785.0
237016,172452,True,Wed Oct 18 16:07:16 +0000 2017,@AmazonHelp product was scheduled for pickup on 16th but today is 18th yet no one came. Too much delay and probable harassment.....,1341512,237015.0
629605,269146,True,Wed Nov 22 15:16:28 +0000 2017,@115821 sir I want only refund .kindly do this,629604,629606.0
2498489,429783,True,Mon Oct 30 03:48:58 +0000 2017,"@115850 can you prioritize my order and get it delivered by 4pm today???
Order# 405-8066648-8733958","2498488,2498490,2498491",
2652381,226772,True,Sun Nov 19 10:04:22 +0000 2017,"@AmazonHelp Nothing at all, just they would monitor it personally. It's not the sort of answer I was looking for to be honest.",2652382,2652380.0
2152550,632528,True,Thu Nov 09 01:34:35 +0000 2017,Nothing like the delivery guy for @115821 tossing my package out his window in the driveway in the rain and driving away.,2152549,
179881,158352,True,Wed Oct 04 10:40:03 +0000 2017,"@AmazonHelp Yes, no email at all. I just want my codes so I can play. I've had problems all week with support trying to provide them.",179879,179889.0
155173,151586,True,Fri Nov 24 16:57:34 +0000 2017,@AmazonHelp El problema es que me dicen que llegaba desde antier y marqué hace un momento y me dicen que apenas asignarán conductor. Pueden agilizar este proceso o pueden cancelarme el pedido y darme un reembolso?,155172,155174.0
2971873,330922,True,Thu Nov 30 01:27:49 +0000 2017,@AmazonHelp I have shared the details and even you have acknowledged it,2971874,2971872.0
1626073,451146,True,Tue Oct 17 13:14:52 +0000 2017,"@AmazonHelp U have the order no, what other details wd u need # order number is 4__credit_card__","1626076,1626077",1626071.0
961654,348200,True,Sun Oct 22 02:32:31 +0000 2017,Massively disappointed by @115821 and their inability to follow through on promises to customers. Will have to cancel my prime-7yrs #amazon,961651,
2297471,666957,True,Thu Oct 19 20:35:02 +0000 2017,@AmazonHelp The guidance from your rep was “what else are u still expecting from us?”,2297473,2297470.0
992883,338759,True,Sun Oct 22 13:38:56 +0000 2017,@115850 our Pm promote cashless India but Amazon Cashless India की धज्जियाँ उड़ा रहा है...I was order on 15 Oct today is 22 I m nt get https://t.co/B798Xq0bkp,"992882,992884",
912852,336780,True,Sat Oct 21 07:51:18 +0000 2017,"Amazon courier foolishly left a package on my completely accessible back porch, which was opened, things stolen, but they left this behind https://t.co/DmK2NqOLtp",912850,
596792,261468,True,Sun Dec 03 19:25:35 +0000 2017,"@116316 Warum ist es nicht möglich sich eine Benachrichtigung für den Amazon Echo Dot Schwarz schicken zu lassen. Ich kann mir nur den weißen Dot in den Warenkorb legen, aber nicht den schwarzen",596790,
2718023,594950,True,Mon Nov 20 07:22:40 +0000 2017,What is going on with @115830 cancelling so many lightning deals?!? https://t.co/GOlkKmPmuc,2718021,
686775,283978,True,Thu Nov 23 13:22:09 +0000 2017,"Got this book delivered today. 

Thank you @115850 

@30592, thank you 🙏🏻 https://t.co/z9QviYNYCJ",686774,
64202,130736,True,Thu Nov 30 07:36:20 +0000 2017,"@AmazonHelp The form/link I was sent was my details for somebody to call me back, I’ve never given my email. Is there a number for a call centre in England I can ring? Or can you arrange for somebody to call me.",64201,64203.0
1490808,466218,True,Fri Nov 03 09:11:02 +0000 2017,"@AmazonHelp @115850 @115821 @115851 tired of talking , not resolved yet , poor service , order no :***-******-0037923, orderd @63416 oct https://t.co/hzz9FrTcuR","1490807,1490809",
1290374,421762,True,Tue Jun 27 21:21:46 +0000 2017,"I just got off an absolutely HORRENDOUS phone call with Amazon Customer Service. Everyone needs jobs but, your reps need TRAINING!!! @115821",1290373,
290493,185183,True,Fri Oct 06 17:32:10 +0000 2017,@AmazonHelp Eine ist vor kurzen fertig geworden und geht jetzt studieren und einer hat gerade frisch angefangen - von ihnen ist GROSSES zu erwarten ;-),290494,290492.0
526152,241739,True,Sat Dec 02 07:24:41 +0000 2017,"@AmazonHelp please read it, it might take 2 minutes of your valuable time. and here is some of my orders which i recently made this year without any such fees. https://t.co/4qnSZt9C2V",526154,526151.0
544378,246486,True,Sat Dec 02 17:28:34 +0000 2017,@AmazonHelp You say it as rare this is happening 5th time with me. No one can compare you with our only indian company @118702 if such mistake happens with Flipkart they deliver us without any hesitation but only you people have so Much of problems,544379,544377.0
206878,164989,True,Thu Oct 05 16:40:45 +0000 2017,"@AmazonHelp C'est le même article que ma precommande, disponible en 12 exemplaires chez un de vos revendeur. 1/3",206880,206876.0
180847,158494,True,Fri Oct 06 11:38:06 +0000 2017,@AmazonHelp Can you please let me know what resolution been provided ?? @115851  this is really pathetic isn't it my old parents need to run to  1/2,"180848,180849",180828.0
1398905,431099,True,Sat Oct 28 19:22:04 +0000 2017,@AmazonHelp Very bad service you didn't receive my reply on email n the link that I already send the quirey...,1398907,1398904.0
1406590,211908,True,Sat Oct 28 19:17:03 +0000 2017,@AmazonHelp It’s not clear how we chat,1406591,1406589.0
347767,198819,True,Sun Oct 08 05:42:30 +0000 2017,@1141 @115821 @115850 is this how you deliver a brand new book? #disappointed https://t.co/h1FwXbhuji,"347766,347768",
2841914,790732,True,Mon Nov 27 17:53:25 +0000 2017,"@AmazonHelp Drei mal bereits den Kundenservice kontaktiert. Der sieht und bestätigt den Fehler im System, kann aber nichts dran ändern.",2841916,2841913.0
2391872,172141,True,Tue Nov 14 10:16:13 +0000 2017,@115850 @amazonhelp couldn't even bother to tell the winners of quiz competition. How do you think customer I believe you.  #ShameLess,2391870,21443.0
440250,140964,True,Tue Oct 24 08:52:18 +0000 2017,@AmazonHelp Working on it? Similarly as u worked on my order in which u delivered faulty HTc phone?,440249,440251.0
2291700,665569,True,Sun Nov 12 11:16:44 +0000 2017,Amazonで予約してるんだけど支払いて届いてからでいいのーー？,2291698,
149244,149997,True,Fri Nov 24 14:59:00 +0000 2017,J’aimerais pas etre livreur UPS/Chronopost aujourd’hui #Amazon,149242,
434418,218228,True,Mon Sep 04 05:50:35 +0000 2017,"Ordered one plus 5 with guaranteed next day delivery, which wasn’t met and support promised for delivered today evening @115850",434416,
2360500,681668,True,Mon Nov 13 20:24:16 +0000 2017,Alguien sabe como para cuando mi reembolso de @116875 😔😭😓😫,2360498,
1135103,387417,True,Tue Oct 24 09:49:48 +0000 2017,@AmazonHelp I'm keeping my fingers crossed for a resolution instead of repeatedly failing assurances.,1135104,1135102.0
1258241,414834,True,Mon Oct 16 04:49:49 +0000 2017,I ordered this and got that. Wtf @115821 https://t.co/r76MWUBvMf,1258240,
588782,259159,True,Sun Dec 03 15:59:20 +0000 2017,@AmazonHelp I just got a package (a birthday gift for tomorrow) and the packaging and the item itself smell very strongly of smoke. I'm assuming the driver at Intelcom  was smoking in the car and now my gift is ruined.,588781,
56840,128875,True,Wed Nov 01 20:35:30 +0000 2017,@AmazonHelp we have been hearing that since 2 years. Almost 60k monthly is being chewed on wrong shipping updates! Still no actions. #HearUsAmazon,56841,56839.0
842290,276629,True,Fri Oct 20 13:31:36 +0000 2017,@AmazonHelp FOURTH: @115830 doesn't inform the customers if their order is FBA or Merchant fulfilled items. I contacted the seller to find out this.,842287,842291.0
135027,146424,True,Fri Nov 24 08:48:09 +0000 2017,@120474 why does your site say 12 Aug 2018 for Gary Barlow at Portsmouth Guildhall when the shows are 11 and 12 June????,135025,
455562,160038,True,Thu Nov 30 23:09:19 +0000 2017,"@AmazonHelp Amazon has hands down been the absolute WORST for me this past week! Their service and shipping is disastrous... packages missing, items not being received, I'm INFURIATED! They are starting to go downhill...",455560,
1172200,361371,True,Tue Oct 24 19:46:17 +0000 2017,"Chegaram 😍 @117086 https://t.co/Og2iRb3HdT",1172199,
601331,262654,True,Sun Dec 03 21:18:03 +0000 2017,@117795 Vaya racha que llevamos. 2 de 2 y hoy sin Cena porque perdieron más de la mitad del pedido. Cada vez más me planteo volver a ir a hacer la compra yo. @116928 Sin palabras,601330,
1457364,338681,True,Thu Oct 19 04:22:05 +0000 2017,"@AmazonHelp Sold by Arovast, shipped by Amazon",1457361,1457368.0
1609546,494145,True,Sun Nov 05 10:39:46 +0000 2017,Amazonで買ったカラビナが配達予定日を過ぎても届かない…,"1609545,1609547",
113718,141259,True,Thu Nov 23 20:43:24 +0000 2017,@141260 @115821 I know... I never have these issues with Purolator. Canada Post is terrible. There was definitely someone home when they delivered too,113717,113719.0
110023,140426,True,Thu Nov 23 17:28:01 +0000 2017,"Liebes @115825-Team! Vermisse die 6. Staffel von ""Hubert und Staller"" auf eurer Plattform. Wann darf man damit rechnen (PRIME)? https://t.co/WasxAUyL24",110022,
2771678,774758,True,Tue Nov 21 13:46:41 +0000 2017,Une nouvelle fois un de mes #colis amazon volé lors d’une livraison: @75775 ou @120533 quand allez-vous agir et surveiller vos livreurs dont certains sont purement et simplement des racailles ? Nous en avons assez d’être pillés !!! Faites des enquêtes de moralité ! #vol,2771676,
229749,168011,True,Thu Oct 05 09:51:51 +0000 2017,@AmazonHelp The site states. One day delivery. Get it tomorrow Oct 4. Received email claiming it was out for delivery but it did not arrive,229750,229748.0
940423,342940,True,Sat Oct 21 15:34:18 +0000 2017,"@AmazonHelp Am in communication via email but this still hasn’t been sorted yet.  And yes, am still getting Amazon Ticket emails.",940421,940425.0
1292073,422159,True,Thu Oct 26 20:49:17 +0000 2017,@AmazonHelp why am I told I do not qualify for this survey AFTER COMPLETING the survey? https://t.co/m7LSowirCj,"1292071,1292076",
1561944,482490,True,Sat Nov 04 09:38:15 +0000 2017,".@115830 My order out for delivery yesterday hasn’t arrived, will it be delivered today? It’s a Prime account with 1 day service.",1561942,
200038,163191,True,Wed Oct 04 19:02:30 +0000 2017,@AmazonHelp kkkkkkkkk é só segunda 🤣😫,200037,200039.0
492151,232303,True,Fri Dec 01 17:04:41 +0000 2017,"@AmazonHelp Esta en esta imagen, osea HOY https://t.co/McBOAg3bn6",492148,492154.0
1272361,417841,True,Thu Oct 26 14:11:34 +0000 2017,"@AmazonHelp my orders page is redirecting me to the ""manage your kindle"" page.  also got a weird email from __email__?",1272360,
2628939,742149,True,Fri Nov 17 19:50:06 +0000 2017,@AmazonHelp #amazonhelp #JeffBezos #AmazonIndia I want to quit my prime membership and refund my money because i don't think it is worthy.,2628941,2628938.0
460069,224316,True,Fri Dec 01 01:34:29 +0000 2017,"Opened my order of two $4 shirts, surprise! Two Amazon fire HD8 with Alexa. @116062 I didn't buy these but I can make out an Elizabeth in Granville (?) Ohio who did. https://t.co/IAxrvGtTzS","460068,460070",
1306451,425298,True,Fri Oct 27 02:06:38 +0000 2017,"Where is my order?? @115850 
Order ID: 405-8076322-2037166
#disapoinrment #amazonservice #amazonindia #amazonprime #fraud","1306449,1306452",
2601431,736322,True,Fri Nov 17 08:04:55 +0000 2017,"Tous les débuts novembre, je dépense pas grand chose et je m'étonne.
Puis viens la #blackfridayweek de @120533 . Et c'est l'hécatombe. J-3",2601429,
1459055,458655,True,Fri Nov 03 20:53:27 +0000 2017,"@115821.ca Can you unlock my account? I've called 5 times since July and still can't login, over 2hrs on the phone plus emails! Embarrassing",1459054,
1118581,383921,True,Thu Oct 26 07:14:34 +0000 2017,@AmazonHelp Submitted one now with complete day to day description of issues. 5 days of irritating service with no outcome!,1118582,1118579.0
2434193,648453,True,Sun Oct 29 13:45:43 +0000 2017,"@120533 j'attends une livraison depuis septembre ! Impossible de faire une réclamation sur ma commande dans mon ""compte"" que faire ?",2434192,
1120474,148791,True,Tue Oct 24 07:18:00 +0000 2017,@AmazonHelp Just phoned and again I’ve been told I will receive a phone call today. Exactly what I was told yesterday. This is ridiculous service,1120475,1120471.0
1719157,520452,True,Sun Nov 26 05:23:40 +0000 2017,"@AmazonHelp Creo que ya vi el error, quise comprar los headset y se pago el amazon prime, el cual yo no lo queria, ni lo compre, como le hago para el rembolso? yo solo queria los headset no el prime https://t.co/HbNVdSo9Mk",1719156,1719158.0
1712059,145244,True,Tue Nov 07 02:27:47 +0000 2017,@AmazonHelp In a tweet or pm?,1712061,1712058.0
2283716,663671,True,Sat Nov 11 14:08:04 +0000 2017,@AmazonHelp hey amazon can you tell me if the free shiping works for europe too? For example i live in greece do i get a free shipong too? If i order something for like 50$+,2283715,
1557695,481485,True,Sun Nov 05 07:33:04 +0000 2017,"@AmazonHelp Question being, why the ATM PIN rather than the OTP? Why am I expected to trust a third party gateway with my PIN?","1557696,1557694",1557697.0
1210219,404089,True,Thu Oct 26 03:49:37 +0000 2017,@AmazonHelp ありがとうこざいます、夜中のうちにカード会社とAmazonさんに連絡しどちらも完了しました。今後気をつけたいと思います。,1210220,1210218.0
1427179,451519,True,Fri Oct 20 04:34:51 +0000 2017,@AmazonHelp ご丁寧にありがとうございます。公式様も大変かと思いますが今後ともサポートの方頑張っていただきたいと思います。。,1427181,1427178.0
2764477,309732,True,Tue Nov 21 08:32:51 +0000 2017,"@129773 hi, when is the BBC drama The last post likely to be available on Amazon video?",2764475,
1222589,406882,True,Wed Oct 25 16:17:16 +0000 2017,"@AmazonHelp No, por eso mismo me preocupa. Mañana debería ser enviado para llegar el viernes, pero todavía no hay información sobre el transportista.","1222591,1222592",1222588.0
1408068,447287,True,Sat Oct 28 19:10:47 +0000 2017,Ok not the coolest sat night chat but did this dustpan really need this HUGE box @115830 ?! 😱😱😱 Your packaging is crazy these days https://t.co/fmRdq2H3EO,1408066,
717663,291842,True,Wed Oct 11 00:44:52 +0000 2017,@231586 @AmazonHelp does this seem right to you? https://t.co/AhRyVw4QTM,717661,
132456,145881,True,Fri Nov 24 07:53:30 +0000 2017,'Your Amazon order of les Troyens out for delivery today' - happiest words/email EVER &amp; best start to an @7666 weekend palooza - Masterclass/Semiramide/Troyens Insight. A lot to be thankful for🤗🤗🤗,132455,
2724495,764173,True,Tue Nov 21 13:54:15 +0000 2017,@AmazonHelp Ya tengo mi pedido en casa!!! Gracias por todo,2724497,2724494.0
1890592,563805,True,Sun Nov 26 09:03:39 +0000 2017,"@AmazonHelp Well, sorry for being hot-headed but this will bring me to the e-mail option where I tried to explain my situation but nothing happens, I hope it works this time",1890593,1890591.0
838599,115824,True,Fri Oct 13 10:30:33 +0000 2017,@AmazonHelp Aber dann könnt ihr mir ggf beantworten wieso meine vorbestellte CD als Prime-Kunde ebenfalls nicht da ist. Releasetag bisschen früh? 😉,838597,838603.0
1412827,403125,True,Thu Oct 19 18:32:50 +0000 2017,"Even I said if you dnt have blue, I will take black but they says blue is not available n black they will not give..In replacement... https://t.co/971DljxJSL","1412824,1412828",
919826,338343,True,Sat Oct 21 11:03:14 +0000 2017,hallo @116316 wieso habt ihr auf Prime Video zensierte Horrorfilme obwohl die unzensierte Fassung die gleiche Alterseinstufung hat ? 😐,919825,
763607,302485,True,Wed Oct 11 21:18:41 +0000 2017,"@AmazonHelp my account info was changed without my consent and in order to contact your support I need to log in which I can't do, any help",763606,
288609,184764,True,Sat Nov 25 03:44:18 +0000 2017,"@AmazonHelp yes I did, when I try to view or edit the order it won't let me change the payment option, even if I add a new one",288611,288608.0
1282248,140379,True,Thu Oct 26 17:31:39 +0000 2017,concluí nessa madrugada meu 17° livro do ano (e o 3° dos últimos 8 que comprei na @117086) 😍,1282247,
2652337,748031,True,Sun Nov 19 07:22:28 +0000 2017,I bought so much shit on amazon I’m gonna regret it when I check my bank account 😂😂😩,2652336,
989217,190279,True,Sat Oct 14 12:17:41 +0000 2017,@AmazonHelp Have already mailed the details,989219,989216.0
394877,209570,True,Sat Nov 25 05:23:45 +0000 2017,Amazonから発送連絡きてた｡°(っ°´o`°ｃ) °｡ぷりちゃん多分明日届く｡°(っ°´o`°ｃ) °｡嬉しすぎて泣ける｡°(っ°´o`°ｃ) °｡,394876,
2320813,149473,True,Mon Nov 27 02:08:50 +0000 2017,@246248 @115850 we’re sorry to hear about your experience. We would like to address your concerns on top priority. Please email us your AWB No. and your Phone number at __email__. Thank you.,2814505,2320810.0
2485533,123910,True,Wed Nov 15 15:14:47 +0000 2017,Is anyone else experiencing issues logging onto their @115821 account today?,2485531,
2514708,171999,True,Mon Oct 30 08:13:31 +0000 2017,"When can we expect these Shows to Arrive?
@119625 https://t.co/m0Aw1ryPzg",2514706,
611085,265293,True,Wed Nov 22 12:58:03 +0000 2017,@120533 sav au top chez amazon erreur de livraison et petit geste commercial me voila tres satisfait,611083,
534141,243712,True,Sat Dec 02 11:56:33 +0000 2017,@AmazonHelp the contact number of the delivery agent provided in the app under 'track your order' tab is incorrect. I'd like to know whether I'd get my order by EOD or not. It says out for delivery.,534139,
753485,300089,True,Wed Oct 11 14:45:46 +0000 2017,"@AmazonHelp Si, todo perfecto para grabar 😊🎬",753484,753486.0
2378966,686030,True,Tue Nov 14 04:18:31 +0000 2017,"ダウンロードしていつでもみれる
amazonさいこー！ https://t.co/GPrmwNp6Z6",2378965,
11572,118229,True,Tue Oct 31 19:15:52 +0000 2017,Me ha tocado un inepto en @4496 keiere gestionar la recogida de mi pakete de @115821 se monta su ruta y yo como penelope a esperarle! 😤,11571,
1354472,435862,True,Fri Oct 27 18:42:52 +0000 2017,@115825 Wer ist für die Amazon Video App auf einem @63651 TV zuständig? Da bekomme ich im Eurosport Channel das Live Spiel nicht angeboten.,1354470,1354473.0
1210196,404082,True,Wed Oct 25 11:37:55 +0000 2017,"@AmazonHelp Hello, I accidentally purchased the full price prime and I am still a student, could someone help me please?",1210194,
318231,191934,True,Sat Oct 07 10:01:18 +0000 2017,"@AmazonHelp @115830 If I'm not in.....
1. garden ✔
2. neighbour✔
FRONT PART I NEVER SPECIFIED OR GAVE KEYS TO?? ✖✖✖✖❌❌❌❎❎❎❎","318230,318232",318233.0
1478285,463269,True,Thu Nov 02 22:21:54 +0000 2017,"2 days late, @115830 delivered my memory card. Except there's no memory card. Just packaging. Awesome. https://t.co/eAMeiSPaIC",1478284,
2481430,709028,True,Sun Oct 29 22:30:51 +0000 2017,@AmazonHelp I’ve pre-ordered call of duty with yourselves am I able to pre-download the game now?,2481429,
596776,261466,True,Sun Dec 03 19:32:25 +0000 2017,"@116875 hola, en mi cuenta USA tengo Amazon prime pero no me lo identifica cuando paso a Amazon sitio de Mex. ¿Como me aseguró que esté en las 2? Pues la pago cada mes. Gracias.",596775,
1706575,517197,True,Wed Oct 18 02:04:17 +0000 2017,"@AmazonHelp Done, now by when will this issue get sorted ?",1706576,1706574.0
1587340,488267,True,Sat Nov 04 23:44:37 +0000 2017,"@AmazonHelp Arriving today
Out for delivery",1587342,1587339.0
86061,134790,True,Thu Nov 30 14:15:35 +0000 2017,fala para a Direct Express entregar hoje meu livro dona @117086 eu não aguento mais esperar e não chegar 😭,86060,
417522,214622,True,Tue Oct 10 04:46:36 +0000 2017,@AmazonHelp USPS,417523,417521.0
662730,277896,True,Thu Nov 23 01:38:15 +0000 2017,"ae @117086 , vai rolar uma hyper promoção no kindle na black friday? to sedento por um pra estudar e por minha leitura em dia :(",662729,
1386360,442602,True,Thu Oct 19 11:15:51 +0000 2017,@AmazonHelp こんばんは。このようなメールが貴社のお名前で届きました。このメールは迷惑メールですか？ https://t.co/4fMknjhbV0,1386358,
2745983,457175,True,Mon Nov 20 22:19:50 +0000 2017,@AmazonHelp We not are able  to delivery in Malta in any way. It is ridiculus. I sent to the press. You have many problem . A behavior of a little company,2745986,2745982.0
345128,198108,True,Sun Oct 08 02:18:55 +0000 2017,@AmazonHelp They completely changed my account email address so I can't sign in at all. I can prove that the account is mine from an invoice,345130,345127.0
2973828,221866,True,Thu Nov 30 01:56:09 +0000 2017,@AmazonHelp What should I do if UPS still says my package is on the way but my amazon order is expected tmmr or the day after. My package was suppose to arrive today between 3pm-7pm. I cut my day at work short to be able to sign my package and now it may not even come on time?,2973826,
2677396,753510,True,Tue Oct 31 14:50:22 +0000 2017,@AmazonHelp voy a dejar a alguien aqui hasta las 17h....como no llegue ya os digo que quiero la devolución del dinero y no pienso recepcionar paq,2677397,2677392.0
2111167,622719,True,Wed Nov 08 15:41:21 +0000 2017,@AmazonHelp have spoken with Amazon contact centre to re-schedule the 2nd failed delivery.  How can I ensure driver calls me if he has propb finding me?,2111166,
2285059,341056,True,Sat Nov 11 16:03:24 +0000 2017,@AmazonHelp upon upgrading to iPhone X the kindle app no longer keeps my display on past the iOS configured timeout. Reading a book in the kindle app has become untenable. iBooks does not suffer this problem. Can you help?,2285057,
167946,155069,True,Fri Nov 24 20:51:38 +0000 2017,"@AmazonHelp Is Amazon Prime Video down in India? For last 5-6 hour I am getting the message: ""UNABLE TO CONNECT""",167945,
2636879,744265,True,Fri Nov 17 20:25:24 +0000 2017,@AmazonHelp No,2636878,2636880.0
953165,341133,True,Sat Oct 21 20:35:19 +0000 2017,"Interessant @AmazonHelp. Schafft es also nich ein Paket innerhalb 2 Tagen in der Stadt auszuliefern?
Dann ändert doch gleich das Lieferdatum https://t.co/xTQFo5IAi1",953164,
1028395,362769,True,Sat Oct 14 17:23:29 +0000 2017,@115850 waste of time and money. All u get is Tareekh pe tareekh,1028393,
512375,237831,True,Fri Dec 01 23:26:42 +0000 2017,@AmazonHelp This is what’s on my account when I select track package. Shipped by UPS: https://t.co/RPhBpKVSWl,512374,512376.0
1043652,366798,True,Mon Oct 23 09:53:52 +0000 2017,@AmazonHelp @115821 @115850 You are saying you will work on it. That means you have not started yet. And what about work since I made complaint on Sat,1043653,1043651.0
2278307,315042,True,Sun Nov 12 08:28:18 +0000 2017,@AmazonHelp Yes and now they are saying sorry they are late.,2278308,2278306.0
421488,215427,True,Tue Oct 10 08:49:47 +0000 2017,@AmazonHelp Well I ordered this 3 months ago and it said it’ll be here for Oct 10th. It’s the only reason I bought it from yourselves,421489,421487.0
734628,294819,True,Wed Oct 11 11:52:10 +0000 2017,@AmazonHelp U can contact me on my no 7903524736,"734629,734630",734627.0
2960469,130695,True,Wed Nov 29 20:48:58 +0000 2017,"@115821 Hola, no he recibido hoy mi pedido como se me anuncia en su web ni me da opción de hacer un seguimiento del mismo. Me ayudan?  Mi referencia es 403-3195704-8493158. El vendedor no me contesta. Gracias",2960468,
22550,120925,True,Wed Nov 01 08:40:44 +0000 2017,@115850 @AmazonHelp Order has not been picked up niether any update from Amazon or courier partner...,23973,22548.0
2678098,753650,True,Sun Nov 19 13:15:55 +0000 2017,@AmazonHelp Thanks for quick reply,2678100,2678097.0
191754,161060,True,Wed Oct 04 15:20:12 +0000 2017,@130293 Cuando se podrá ver el piloto de Jean Claude Van Johnson protagonizada por @12200,191753,
111947,140862,True,Thu Nov 23 20:00:24 +0000 2017,"Dear @116090 - delivered 4 days late, delivery person parked/blocked the street unecessarily, walked across my garden to finally throw the package on my door step. Is this your new delivery model? #unprofessional",111946,
2969503,819093,True,Thu Nov 30 00:07:17 +0000 2017,Just opened my package... this is how my Christmas lights came to me... do better @115821 #theybetterwork https://t.co/6dO89gLjqz,2969502,
2652414,748042,True,Sun Nov 19 07:07:58 +0000 2017,"@AmazonHelp Yes, the light won’t turn orange so it doesn’t connect to WiFi",2652413,2652415.0
2446256,701304,True,Wed Nov 15 01:23:35 +0000 2017,@AmazonHelp im on my ipad,2446255,2446257.0
908468,335753,True,Sat Oct 21 02:00:07 +0000 2017,The one time it doesn’t get shipped in a box... thanks @115821! https://t.co/mZd45lPgMI,908466,
317731,191830,True,Sat Oct 07 09:36:56 +0000 2017,@AmazonHelp ...lost in transit. Other people’s item left here without them not knowing where the items were. Complaints ignored. The list is long (2/2),317733,317729.0
2641334,745398,True,Tue Oct 31 00:58:14 +0000 2017,@AmazonHelp When will you announce the results.. after every one forgot about the game??,2641336,2641333.0
2318862,672171,True,Mon Nov 13 11:29:49 +0000 2017,@AmazonHelp IT,2318860,2318864.0
2985522,823225,True,Thu Nov 30 06:26:23 +0000 2017,"@117795 @AmazonHelp below mentioned services is fake ... never be a Amazon Prime member...
https://t.co/aYF8mU0lDI",2985520,
37616,124164,True,Wed Nov 01 14:21:28 +0000 2017,@AmazonHelp I was signed up to Prime and it wasn’t me who did it. Did someone hack my account?,37615,
419469,214973,True,Tue Oct 10 05:33:15 +0000 2017,"@AmazonHelp How many times shall I report? Reported 10 times+. He calls &amp; asks to meet on the street &amp; if refused, sends ""product delivered"" &amp; leaves.","419470,419471,419472",419162.0
1563758,348597,True,Tue Oct 17 05:14:24 +0000 2017,"@AmazonHelp Plz select me as winner I'm trying to become a winner , idk why i never get selected @115850",1563760,1563757.0
1212671,266920,True,Wed Oct 25 12:36:26 +0000 2017,@AmazonHelp My package is out for delivery since 10:52 a.m. and its 6 p.m now. I also got message but still no delivery.,1212670,
526117,241732,True,Sat Dec 02 06:39:16 +0000 2017,"@AmazonHelp @115830 I asked echo “what’s in my advent calendar” but the reply was “I don’t see a calendar set up”. It worked yesterday, why not today?",526115,
1050670,368297,True,Mon May 22 16:00:43 +0000 2017,"@AmazonHelp In India, only Fire stick is launched. If a buy this Fire TV (4K model) from USA and use it in india, will this device work? Pls help",1050668,1050680.0
2898964,803133,True,Tue Nov 28 17:09:02 +0000 2017,@115850   I need to return defective iBall power bank. Customercare numbers are almost impossible to get through,2898963,
2469480,706435,True,Wed Nov 15 09:48:30 +0000 2017,"何なに！？
今メールがきたんだけど、この前Amazonでドッグフード買ったけど代引き選んでちゃんと支払ったから未払いのはずないし、そのほかの注文してないよ！？
何これ！？(；ﾟДﾟ；) https://t.co/6Hm2jr7LQe",2469479,
1086119,376201,True,Thu Nov 30 19:12:57 +0000 2017,"Not done yet. @115850 is another fun show.
Commits a 3 day window of delivery, dispatches 5 days after. Must deliver next year?",1086118,
2946800,813920,True,Wed Nov 29 17:04:40 +0000 2017,@AmazonHelp O da Lauren 😍 pois Gilmore Girls é meu xodó,2946801,2946799.0
365988,202711,True,Mon Oct 09 17:18:46 +0000 2017,@AmazonHelp That's the issue. How can I speak directly to ur customer care executive,365991,365986.0
1658320,505959,True,Mon Nov 06 04:35:09 +0000 2017,"@115850 product not delivered, but shows delivery yesterday in dashboard. Tracking #: 216260704477. System is cheated by delivery agents.","1658319,1658321",
2402351,691154,True,Tue Nov 14 14:08:46 +0000 2017,"@AmazonHelp Eso leí pero fue comprarlo y a los 2 minutos ya ponía que estaba en envió y después lo cancele y ahora no se que hacer, en el link que me habéis puesto no sale nada de que me tarden x días en devolver el dinero si cancelara el pedido después del envió",2402353,2402350.0
442976,219987,True,Wed Nov 22 08:10:35 +0000 2017,"@115821.com @AmazonHelp Your customer service did nothing but waste my time, I will not be making anymore purchases ✌️",442975,
866132,323704,True,Fri Oct 20 16:53:22 +0000 2017,"@AmazonHelp I received an email as a Prime Customer for £15 off an Amazon Fire Stick, but the promotional code WASN'T on it?  Can you help?",866131,
1423794,450849,True,Thu Nov 02 10:17:46 +0000 2017,@AmazonHelp Mon compte à été réactivé ! Merci de votre aide 💖 https://t.co/PNAOWnvt2T,1423796,1423792.0
669164,279582,True,Thu Nov 23 04:41:17 +0000 2017,もやもやさまぁ～ずamazon primeで配信してんのか,669163,
13179,118708,True,Wed Nov 01 01:53:41 +0000 2017,"@AmazonHelp yes spoke w/ customer service, still canceling my prime though since it does literally nothing apparently",13181,13178.0
913355,324144,True,Sat Oct 21 08:13:17 +0000 2017,@AmazonHelp Which link ??,913357,913354.0
1125019,231087,True,Sat Nov 25 18:33:05 +0000 2017,"@AmazonHelp for almost 2 weeks I have been trying to cancel a 2nd account, non Prime.  Leaving the Prime account alone.  Link, phone call, my calling to no avail. between you &amp; phone it's the blind leading the blind.  Not a happy customer &amp; I've been a very loyal one.",1125018,1125020.0
1187106,399146,True,Wed Oct 25 01:19:36 +0000 2017,"@AmazonHelp It was a preorder &amp; I'm a Prime member, so I assumed the release day. That was a week ago and I've yet to be informed of an estimate",1187108,1187105.0
1119214,384074,True,Sun Oct 15 12:28:30 +0000 2017,@115850  I purchased a mobile and got it delivered yesterday . The price of this phone has been reduced .,"1119213,1119215",
920943,151182,True,Tue Nov 14 09:38:44 +0000 2017,@115850 I doubt.,2391937,920929.0
2386652,687783,True,Fri Oct 20 10:47:46 +0000 2017,"@AmazonHelp I've just checked, and they have my dad's name on (Robert), what do i do?",2386655,2386651.0
1905650,207108,True,Thu Oct 19 05:31:37 +0000 2017,@115850 When?,2129914,1905649.0
1149687,383168,True,Thu Oct 26 08:43:22 +0000 2017,@115850 @AmazonHelp My number has been blocked by @AmazonHelp @115850 https://t.co/MCdaQolWCl,"1258929,1258930",1115261.0
888334,330922,True,Thu Nov 30 01:04:00 +0000 2017,"@115850 @115851 @AmazonHelp Its been 96 hours and 72 business hours no one has contacted me ...pathatic service.
Please look into this",2971872,888332.0
2613290,738805,True,Fri Nov 17 12:27:03 +0000 2017,"@AmazonHelp so what's the point of pre-ordering something for release day only to find out on the day that I'll be getting it 3 days later?
I'm really upset because I could have bought it elsewhere",2613289,
1100424,776891,True,Tue Nov 21 16:41:57 +0000 2017,@115850 Sir had you declared the winner of bornvita quiz contest,2781917,1100412.0
1570900,484395,True,Sat Nov 04 22:35:43 +0000 2017,"@115821 So today, the 'fix' for this issue was to have your customer service rep tell me to go buy my item from someone other than Amazon.",1588795,1570899.0
2067630,611429,True,Thu Oct 19 01:25:17 +0000 2017,Amazon says that I have a package arriving today by 8 but it got to Kentucky at 4:38 pm https://t.co/W1VR2zs1uP,2067629,
199909,163162,True,Wed Oct 04 19:55:00 +0000 2017,@AmazonHelp When is the latest you'll deliver? Paid for guaranteed delivery for something I need tomorrow. Don't know if I should worry yet.,199908,
226175,318593,True,Fri Oct 13 07:10:16 +0000 2017,@115850 Thankyou #Amazon.in 🤗,833924,226168.0
388028,207835,True,Mon Oct 09 13:47:53 +0000 2017,"@AmazonHelp Hello, someone stole my account, he changed the mail i can't recover it, what can i do ?",388025,
2380846,686472,True,Tue Nov 14 04:24:01 +0000 2017,@AmazonHelp buongiorno io ho avuto un problema con il mio account questa sera.. però non ci ho capito molto... quindi cerco qualcuno che possa aiutarmi,2380843,
467491,226277,True,Sun Nov 05 10:45:43 +0000 2017,@AmazonHelp If @115850 pays me a dollar per apology I would hv been millionaire by now 😂,467488,467492.0
2124946,625792,True,Wed Nov 08 17:30:37 +0000 2017,"@115851  @115850 
Please take a look at this #whereismymoney  #amazonindia #Amazon #disappointed  #Frustrating  #badcustomerservice https://t.co/4XskFmz3im",2124944,
182629,158945,True,Wed Oct 04 18:48:34 +0000 2017,@AmazonHelp No although I was expecting the rep to say that. Just asked me to look around the front porch. I've had packages misdirected and returned.,182630,182628.0
313418,184608,True,Sat Oct 07 05:17:02 +0000 2017,The Nobel prize for literature has to go to the @115850 delivery agent who has somehow contacted me to reschedule without me knowing.,313416,
2570924,729082,True,Mon Oct 30 17:14:30 +0000 2017,I have an email from @amazonhelp saying my delivery was due to be re-attempted today - my account says it was left by the door yesterday?,2570923,
2962790,817531,True,Wed Nov 29 21:24:55 +0000 2017,@AmazonHelp j'arrive pas à me connecter sur mon compte même après avoir changer le mot de passe plusieurs fois !,2962789,
656130,276091,True,Wed Nov 22 14:18:54 +0000 2017,@116313 明日のお弁当、コレに筑前煮を入れて行く〜,656129,656131.0
359226,201075,True,Mon Oct 09 04:34:46 +0000 2017,@AmazonHelp Unhappy with your service 😔,359227,359225.0
1795604,539557,True,Wed Oct 18 01:01:29 +0000 2017,@AmazonHelp Have sent it twice. If you want i can show you the screenshot,1795606,1795603.0
1544165,446017,True,Sat Nov 04 05:19:07 +0000 2017,@AmazonHelp Do check my account i have done everything which u told me to do,1544166,1544164.0
1413762,448550,True,Thu Nov 02 02:00:52 +0000 2017,"@AmazonHelp あ、荷物の件はこちらの都合の話で。。

アマゾンプライムのこの状態のやつってどうゆう料金形態なんでしょうか？ボールルームとかなら

プライム会員なら無料？
見放題で追加200円？
1話見るたびに追加200円？

とかそこらへんを教えていただければ。。 https://t.co/F3MpSxOZSm",1413764,1413761.0
476822,228321,True,Fri Dec 01 11:25:38 +0000 2017,@AmazonHelp La facilidad (solo tener que escanear un código) y la comodidad de poder recogerlo cuando mejor me venga. Seguís ganando puntos ;),476821,476823.0
1011660,359367,True,Sat Oct 14 14:21:14 +0000 2017,@115850 worst service ever experienced. For last 15 days I am requesting for return of a phone &amp; you guys just suggesting for call back.,1011659,
2733962,766291,True,Mon Nov 20 16:46:15 +0000 2017,@AmazonHelp Is there a way to advise the courier where to leave a product should I not be home for it? Can’t seem to find it anywhere..,2733960,
1610010,494259,True,Sun Nov 05 10:39:44 +0000 2017,@AmazonHelp 普通にポストに入ってましたw,1610009,1610011.0
2499100,713054,True,Wed Nov 15 19:17:10 +0000 2017,"@AmazonHelp En amazon.es, si me indicáis un correo mando un pantallazo",2499102,2499099.0
2386332,336128,True,Fri Oct 20 10:23:01 +0000 2017,@AmazonHelp I get recorded calls from London. Thats doesn't help. Please try an understand my point if Ur a human and not a machine sending me replies,2386330,2386333.0
512326,146677,True,Fri Dec 01 14:23:50 +0000 2017,"Wenn @116316 statt einem Tag 3-4 Tage braucht, ist das dann noch #prime?",512325,
1252594,413830,True,Thu Oct 26 05:26:04 +0000 2017,アマゾンでゲーム予約して発売日お届け(＋360円)にしたのに発売日(今日)に届かないんだけど！！今日発送されて明日お届けになってるんだけど！！(#^ω^),1252593,
1424249,450940,True,Thu Nov 02 10:06:28 +0000 2017,"@AmazonHelp Hello, I seem to have lost the ability to sort my Lists by price; something I do daily to find deals. What's happened?!",1424247,
1745571,526327,True,Tue Nov 07 14:56:27 +0000 2017,@AmazonHelp one of my orders say its due to be delivered 2nd November but still no sign of it? 🤔,1745570,
1255430,414365,True,Tue Nov 21 14:36:54 +0000 2017,"@AmazonHelp Hi, I placed the order at the same time. It says you will email when you get a delivery date? I thought with prime it should be next day",1255429,1255431.0
1840794,551667,True,Wed Oct 18 06:12:23 +0000 2017,@115850 couldn't receive Order# 406-3830340-0267513 it arrived before estimated time. please send it back today.,"1840793,1840795,1840796",
957569,347203,True,Mon Oct 16 13:09:21 +0000 2017,@115850 @115821 Will you reply my query on order no 407-3578652-0423541 ? Lately I am experiencing issues with your service.,"957568,957570,957571",
2345600,678259,True,Sun Nov 26 16:31:27 +0000 2017,@AmazonHelp hey! Team will you answer this?? https://t.co/ZNXjENuSyG,2345599,
2702013,299630,True,Sun Nov 19 21:15:02 +0000 2017,@115830 bought now98. Not getting my mp3 version on the music app. Why??,2702011,
2402393,320689,True,Tue Nov 14 13:52:49 +0000 2017,@AmazonHelp my Amazon account was closer over a month ago and up till now I haven't been told what happened.,2402391,
2671626,228191,True,Tue Oct 31 10:07:43 +0000 2017,"@115830 I bought a kettle from your website, it has started playing up.",2671624,
927477,340066,True,Sat Oct 21 14:52:54 +0000 2017,@AmazonHelp my frame has arrived damaged today! What do I do? Don’t see why I have  to go to the trouble of sending it back! https://t.co/oImMc6XvCJ,927476,
2878702,798984,True,Tue Nov 28 07:13:47 +0000 2017,Amazonプライムミュージックにないかと思って探したらS&amp;Mという名盤を見つけた。泣ける。結局、メタリカ最高だ。,2878701,
787901,307931,True,Thu Oct 12 08:48:02 +0000 2017,"@115850 ordered product on 28th August still not received, card payment done. Kindly look into the matter. Order no 408-8154885-3965102","787900,787902",
2930119,301733,True,Wed Nov 29 06:50:27 +0000 2017,"*browsing Amazon for Alois merch ideas*
*sits up to get TV remote, phone falls on stomach*
*checks phone*
“1 item will be shipped”

@115821","2930120,2930118",
1307259,425479,True,Fri Oct 27 03:00:51 +0000 2017,Pretty much could not be more pissed off at @115821 right now. Hopefully I might get some answers when I call in the morning....,1307257,
2542910,722953,True,Thu Nov 16 12:54:11 +0000 2017,@115850 Pls reply Amazon when i receive my prize ????????,2542911,861248.0
1739022,524867,True,Tue Nov 07 17:26:43 +0000 2017,@AmazonHelp merci pour la réactivité,1739024,1739021.0
617072,266398,True,Wed Nov 22 14:05:23 +0000 2017,@AmazonHelp I have already contacted you that day only. You ask me for 3 dyas and here i am with nothing. Not a call from you nor a message. You please check and send my product asap.,617073,617064.0
2616403,739521,True,Fri Nov 17 14:09:56 +0000 2017,@120533 Pourquoi je ne reçois pas mon jeu pokémon aujourd'hui?,2616402,
1346578,434016,True,Thu Nov 09 10:13:24 +0000 2017,@AmazonHelp Did u ever got this sorted. except for the refund,1346579,1346576.0
665174,278532,True,Fri Oct 13 18:15:38 +0000 2017,@AmazonHelp Ok thanks team for prompt response. Will wait for your reply. Hope that issue will be resolved soon.,665176,665173.0
818219,314888,True,Thu Oct 12 21:12:54 +0000 2017,"My package was DELAYED from amazon. I didn't even know that could happen. I'm not angry, just really, really, really sad.",818218,
1592441,119214,True,Sun Nov 05 18:26:16 +0000 2017,@AmazonHelp i have no idea sir. this accident. only u only speak to ur seller.if ur people inform me sure i cafely take that slip. now what i wil do,1592442,1592439.0
521722,240455,True,Sat Dec 02 03:40:25 +0000 2017,"アマゾンのアプリから発送通知来てたー
到着は明日かな～待ち遠しい",521721,
2238658,652750,True,Sun Nov 26 14:40:48 +0000 2017,@115850 @119625 what is this? I am not able to cast any video using my android device and Google Chromecast? Your cc team is saying that you guys are upgrading your application. I think you guys are cheating and trying to sell your fire TV deliberately.,2238655,
1422372,450559,True,Thu Nov 02 11:17:27 +0000 2017,@AmazonHelp 分かりました。そうします。m(_ _)m,1422373,1422371.0
969874,343708,True,Sun Oct 22 08:26:59 +0000 2017,@AmazonHelp ?????,969876,969872.0
1288886,421449,True,Thu Oct 26 20:54:10 +0000 2017,"@AmazonHelp Jajaja mañana, ¡un saludo!",1288888,1288885.0
500000,234427,True,Fri Dec 01 19:09:33 +0000 2017,@231852 @AmazonHelp @116316 wie kann ich jetzt Freiburg HSV gucken? Wo muss ich rauf? (@215506),"500001,500002,499999",
1786046,536617,True,Sun Nov 26 06:32:30 +0000 2017,@116316 Irgendwas ist bei Euch los. Mein Konto zeigt auf einmal keine früheren Bestellungen... Schwierig wenn man was zurücksenden will! Bitte prüfen!,1786044,
1511965,470930,True,Mon Oct 30 17:20:05 +0000 2017,"@115851 @AmazonHelp a item to pincode 361005 gets delivrd to 636007. way2go amazon, @118342 its digitalisation4u?uttrly unprofessnl",1511964,
598026,261768,True,Sun Dec 03 20:17:48 +0000 2017,"@AmazonHelp Both say ""FREE UK Delivery on orders dispatched by Amazon over £20"" both are dispatched by Amazon but only one sold by Amazon.",598028,598025.0
529182,214639,True,Sat Dec 02 08:38:04 +0000 2017,@115850 please fix your iOS app. Full of bugs. Unable to shop anything as the app prompts for password and then returns to the product page rather than proceeding to payment page. Horrible app thus far,529180,
2884172,800070,True,Tue Nov 28 10:49:44 +0000 2017,初めてAmazonさんで注文した商品が配達済みになっているにも関わらず届いていない状態になって困惑してる,2884171,
314412,191062,True,Sat Nov 25 03:43:12 +0000 2017,"ありがとう、Amazonプライム便
#落ち葉掃き https://t.co/4kVtjB1zkI",314411,
1285478,420688,True,Thu Oct 26 20:02:52 +0000 2017,@AmazonHelp Still not been delivered,1285480,1285477.0
1676664,510019,True,Tue Oct 17 15:44:01 +0000 2017,@115851 @115850 @AmazonHelp @AmazonHelp I am really disappointed in Amazon support today. They cut the call while i was raising the complaint. cstmer loyalty in drain?,1676662,1676684.0
1307788,425600,True,Mon Oct 16 10:34:55 +0000 2017,@115850 @AmazonHelp sch a fuckng service gvn by u..tried to book a mble amount deductd bt order nt processed..frm whr i eil gt dt mny bck,"1307787,1307789,1307790,1307791,1307792",
331963,195050,True,Sat Oct 07 19:26:08 +0000 2017,@AmazonHelp See ur facebook handle.. too mch to say.. too less space here,331964,331962.0
2520566,274727,True,Thu Nov 16 01:34:38 +0000 2017,"@AmazonHelp No message in there!

The email I got from you when my package was shipped, says that I'll get it Wednesday the 15th

When I check the USPS tracking number, it says it'll be delivered tomorrow!",2520564,2520568.0
1429174,451962,True,Thu Nov 02 10:25:07 +0000 2017,@AmazonHelp Received revert as expected to ask @115850 if they have charged. Can someone please help me to get back my money?,"1429175,1429176",1429173.0
1425098,451089,True,Mon Oct 16 17:24:11 +0000 2017,@116618 still not had a reply on how to unsubscribe from channels on fire stick. I know you want my £ but i don't want service anymore.,1425097,
583555,259742,True,Sun Dec 03 17:00:25 +0000 2017,@257634 @115830 This happened to my mum yesterday. Totally spoilt my dad's Xmas gift!  It was a model boat and the address label was stuck right across the picture!  She was not happy!!!,590765,583554.0
2866137,796059,True,Tue Nov 28 00:07:32 +0000 2017,"Dear @115821, I had two packages ""delivered"" with a photo but no packages at my door step. What should I do? FYI - I don't like this method of delivery where strangers in normal clothes deliver to my door. What happened to @118706?",2866135,
234536,171840,True,Thu Oct 05 13:00:03 +0000 2017,@115850 I am actually waiting for this at home! https://t.co/HIhpTvCRlh,"234535,234537",
22579,120933,True,Wed Nov 01 07:59:50 +0000 2017,"@AmazonHelp it's 3rd week still I haven't received my replacement order, I had received unworkable mobile &amp; still it's not replace #Amazon",22577,
787894,307929,True,Thu Oct 26 04:19:26 +0000 2017,"@AmazonHelp Thank you Nitin for listening and understanding the concern. Most importantly, thank you for clearing all the miscommunication. #Amazon",787895,787893.0
2269089,660343,True,Sat Nov 11 08:26:38 +0000 2017,@AmazonHelp @AmazonHelp can you help me? @89304 is moving pretty slow in destiny 2. How do I make him quicker?,2269260,2269087.0
1773287,532959,True,Wed Nov 08 01:31:59 +0000 2017,@116875 Al final no me fallaste Amazon bebé de Luz https://t.co/llId2HwcIO,1773286,1773288.0
2712519,761542,True,Mon Nov 20 03:31:45 +0000 2017,"@AmazonHelp tem a última sim, tinha visto isso já. mas também não adiantaria, pois o aparelho não liga, então não teria como instalar.",2712520,2712518.0
1729655,522751,True,Tue Nov 07 11:31:06 +0000 2017,@AmazonHelp Aucun il n'y a mas moyen de renvoyer ce sms ?,1729657,1729654.0
2290896,665418,True,Sun Nov 12 11:19:19 +0000 2017,@AmazonHelp Anyway you can find out if it will actually be delivered this week?,2290897,2290895.0
2936641,263817,True,Wed Nov 29 11:02:31 +0000 2017,@AmazonHelp @115850 @115851 I have not received any further correspondence. or a resolution. #shameful #Dissapointing https://t.co/kf5R4JBbdP,2936640,
729342,182579,True,Wed Oct 11 09:02:15 +0000 2017,Last week I tweeted @AmazonHelp for motivation to write my essay. This arrived in the post this morning @115830 https://t.co/C12vV3xbrK,"729341,729343",
778947,306024,True,Thu Oct 12 04:48:44 +0000 2017,"@AmazonHelp お金が帰ってくるのですか？
だとしたら嬉しいですが返金手続きってどうすればいいんですか？",778945,778949.0
2770671,774538,True,Tue Nov 21 12:55:31 +0000 2017,@AmazonHelp,"2770670,2770672",2770673.0
279934,182722,True,Fri Oct 06 10:01:21 +0000 2017,@AmazonHelp Qu’il savait pas quoi me répondre.,279936,279933.0
2845581,791502,True,Mon Nov 27 17:48:10 +0000 2017,@115850 plz don't try to make ppl fool by your prime membership bcoz you give your worst service to prime members,2845579,
932723,341244,True,Sat Oct 21 12:02:34 +0000 2017,"@118919 Very pathetic service of #AmazonIndia in Silchar,Assam.Parcel is in local delivery place for 6days, not delivered.",932721,
2943235,813118,True,Wed Nov 29 14:15:16 +0000 2017,Ima start buying three packs of water instead of two. Be RUNNING through it. I wish i could buy a pack of aquafina in the 1 liter bottles. @115821 do you have this?,"2943233,2943236",
2362699,682197,True,Sun Oct 29 07:00:29 +0000 2017,So bummed that my package was delayed even with Amazon Prime shipping. Now I don't have a costume for tomorrow. ☹️,2362698,
853949,322831,True,Fri Oct 13 13:52:42 +0000 2017,@AmazonHelp Please see the attached capture.. It is unfortunate that your folks can finish the final phase!! https://t.co/lIEmfqQ97s,853952,853948.0
2355206,680433,True,Mon Nov 13 19:27:32 +0000 2017,@AmazonHelp • Grazie! Vi aspetto a #domani ! Gentilissimi come sempre! •,2355208,2355205.0
1768936,118828,True,Tue Nov 07 19:34:43 +0000 2017,@AmazonHelp Am I still going to get this delivered today? https://t.co/y6Y0Z3J4RC,1768932,
355592,200477,True,Sun Oct 08 13:02:54 +0000 2017,@200478 @115850 @115821 @115850 they are high I guess,355591,355593.0
1734579,235515,True,Tue Nov 07 13:07:05 +0000 2017,Oi @115830 where the hell is the parcel I ordered last Thursday. My hair doesn't stay this colour by luck!,1734577,
2289420,665111,True,Sun Nov 12 12:33:21 +0000 2017,"@AmazonHelp Thank you very much, will you let me know once you have heard from the carrier please? It was originally meant to be delivered Friday and is for my daughter. Thank you",2289418,2289421.0
838317,294658,True,Fri Oct 13 12:09:51 +0000 2017,@AmazonHelp Todavía no se nada,838318,838316.0
1942103,577510,True,Sun Oct 29 23:48:33 +0000 2017,Cuando @116875 entrega alegría. https://t.co/mvtuboHtIQ,1942102,
323758,193111,True,Sat Oct 07 15:24:36 +0000 2017,@AmazonHelp I have not made any account changes. I thought the captcha this morning may have been an extra step you added. I’ve seen other sites do it.,323759,323757.0
658001,276639,True,Wed Nov 22 22:58:19 +0000 2017,"@116928 Hey Amazon, escribí esta reseña y me dice que no cumplo con las directrices :/ Leí las pautas y creo que no he infringido ninguna... así que si pudierais explicarme qué hice mal lo agradecería. https://t.co/HDeIgDnQ4R",658000,
1580406,486605,True,Sat Nov 04 19:33:22 +0000 2017,"@AmazonHelp I have done, I noticed that this account is in my name Julie but if you try and log in it shows the fraudulent email address as a log on.",1580404,1580407.0
1206938,403418,True,Wed Oct 25 08:47:10 +0000 2017,"@115850 Keeps Surprising.
Always very satisfied with the Customer Relationship they maintain.
Numerous instances and this is one of them. https://t.co/B94lJ9wpEo",1206937,
413032,213583,True,Sat Nov 25 05:45:17 +0000 2017,@AmazonHelp  Your customer service is really embarrassing itself right now on the phone.  Language barriers present comprehension problems.  1.5hrs on the phone,413030,
1558017,481563,True,Sat Nov 04 13:34:34 +0000 2017,@AmazonHelp Comment faire ?,1558018,1558016.0
1385269,384698,True,Sat Oct 28 08:45:30 +0000 2017,#sonymobils I prchsd mobile from @115850.After purchased I found some issues on phone.Bocz of wrost return policy in @AmazonHelp nt rtrn https://t.co/aTgPKr5Ufu,"1385268,1385270",
1209467,403925,True,Wed Oct 25 10:42:02 +0000 2017,"@115850 
Utter failure of customer care services. Unable to resolve issue even after 3 months of follow ups.","1209465,1209476",
1349175,322303,True,Fri Oct 27 17:23:48 +0000 2017,@115850 @AmazonHelp @115821 #fakeamazoncashback offers https://t.co/hfTJUJElxA,"1349173,1349184,1349185",
461195,224586,True,Fri Dec 01 02:04:54 +0000 2017,AMZL US is awful.,461193,
1058808,369979,True,Mon Oct 23 12:18:23 +0000 2017,@AmazonHelp Received again worthless product... money n time waste... never choose again Amazon... refund done... Thanks 😡😤😤😤😤😤😤😤😤😤,1058807,1058809.0
595620,261138,True,Sun Dec 03 19:01:55 +0000 2017,Fourth time where I ordered a “Prime eligible” product from @115821 and it doesn’t show up within 2 days.,595618,
24974,121403,True,Wed Nov 01 09:18:45 +0000 2017,It's coming. Can't wait for @115833. 😍 https://t.co/q7cOPYN5AL,24973,
2285628,664174,True,Thu Oct 19 19:38:52 +0000 2017,@AmazonHelp Una plastificadora A3 😍😋,2285630,2285627.0
2073327,613217,True,Thu Oct 19 02:20:24 +0000 2017,"Fake delivery attempt and updated that customer doesnt have change 😆😆, Such a lame excuse @115850 @115851",2073324,
2418373,694875,True,Sun Oct 29 13:49:17 +0000 2017,@AmazonHelp Thanks but no thanks,"2418376,2418377",2418372.0
2403918,691504,True,Tue Nov 14 14:17:42 +0000 2017,Dear @115850 I purchased iPhone 6 amazon basic data cable but now it’s not working I called customer care but couldn’t connect my call please solve my problem @115850 @115821,2403917,
729552,219398,True,Wed Oct 11 09:16:54 +0000 2017,Maiiiiiiiss nooon même le T shirt toujours pas la au 11 oct. La casquette toujours pas remboursé personne ne répond ni @115821 ni le vendeur,729550,729553.0
972602,350703,True,Sat Oct 14 06:12:06 +0000 2017,@115850 #amazonelootindiavestival charging me more than MRP. https://t.co/I9zaIs5K62,"972600,972604",970881.0
2985467,823215,True,Thu Nov 30 06:42:26 +0000 2017,@UPSHelp @115821 thought I’d loop you in - I ordered a mattress so now I still have to sleep on my air mattress 😭😭,"2985468,2985466",2985469.0
1553042,363738,True,Tue Oct 17 02:51:35 +0000 2017,"@115850 
3/4
Today they told me money was not loaded by delivery boy
Fix this issue as soon as possible

Contact me on 7042766109",1553040,
667728,279159,True,Thu Nov 23 03:43:24 +0000 2017,@AmazonHelp hola el tracking de mi paquete dice ya llego pero no lo he recibido tengo el número de orden 113-0449038-9291423,667726,
2460761,704603,True,Wed Nov 15 07:24:46 +0000 2017,Amazon Videoのアプリで映画ダウンロードできること知ってから帰りの電車が充実してる,2460760,
2927030,809824,True,Wed Nov 29 04:43:40 +0000 2017,"@AmazonHelp Original delivery day was yesterday, delayed to Thursday, USPS says it'll arrive December 4th on their tracking",2927032,2927029.0
284038,183646,True,Tue Oct 03 22:53:10 +0000 2017,CADÊ MEU LIVRO @117086,284037,
458927,223987,True,Fri Dec 01 01:06:17 +0000 2017,@115821 this is not why I pay for Amazon Prime 🙄 https://t.co/lHxiEIE1ou,458925,
2460029,704460,True,Wed Nov 15 07:41:46 +0000 2017,@AmazonHelp え！ありがとうございます笑,2460031,2460028.0
1424700,242066,True,Sat Oct 28 17:53:51 +0000 2017,"@115830 I appreciate the speedy service, but this seems like a massive waste for one squash racket! #thinkgreen #thoughtihadapresent https://t.co/qav0GC105D",1424699,
554631,249067,True,Sun Dec 03 04:17:42 +0000 2017,"@AmazonHelp Like I said, it was a sad mistake to get it converted to Amazon business. Not that you guys support much during your working hours as well, but I will repeat what I am saying from last 6 months, you need to use better and reputated courier services instead of your ATS",554632,554630.0
1668304,508078,True,Mon Nov 06 14:11:53 +0000 2017,@AmazonHelp  https://t.co/hLRsf10xFq,1668312,1668300.0
2868308,796577,True,Tue Nov 28 01:32:19 +0000 2017,"いや。
Amazonプライム無料ってかいてたから登録したら…

会費とられるんかーい！、！！","2868307,2868309",
230625,170933,True,Thu Oct 05 13:09:11 +0000 2017,@AmazonHelp Sorry but no one is there to either call or assist me by chat poor service,230626,230623.0
1249422,413139,True,Thu Oct 26 02:57:06 +0000 2017,今日午前必着のアマゾンの到着日が勝手に明日の夜にされているのだが昔の大陸かよここは,1249420,
1381753,351074,True,Sat Oct 28 06:33:10 +0000 2017,"Amazonから来る、文字化けしたメールは何なんだ？
まぁ、注文した物はちゃんと届いているから放置しているが・・・",1381752,
2854272,60163,True,Mon Nov 27 21:15:41 +0000 2017,"@AmazonHelp Neither of those options are open to me, unfortunately.",2854273,2854271.0
206718,164961,True,Wed Oct 04 21:52:21 +0000 2017,Fiz uma compra na @117086 e recebi de surpresa este simpático boneco! #meuboxy https://t.co/5HQrZFrPPm,206716,
2318879,672174,True,Mon Nov 13 15:49:41 +0000 2017,@AmazonHelp The date has passed,2318881,2318878.0
2969536,202511,True,Wed Nov 29 23:59:47 +0000 2017,Hey @115821 @AmazonHelp could you stop delivering packages to us that belong to people who live several blocks away on a different street??? They clog up our entryway.,2969533,
453201,222529,True,Thu Nov 30 22:31:42 +0000 2017,@AmazonHelp Your driver just threw my package into the yard from their truck and drove off. Order status says it was delivered to secure location. This look secure to you? https://t.co/7rNLfOb5YD,453200,
967201,349563,True,Fri Oct 13 20:03:19 +0000 2017,"22:00 Uhr und die Premiumversandsendung die heute kommen sollte ist nicht gekommen.
Super @116316 und @122924...  ganz klasse...",967200,
129671,145224,True,Fri Nov 24 06:01:35 +0000 2017,@116935 where is the music download on my phone!? This must be the worst interface design ever. #youSuck,129670,
1005993,358096,True,Fri Nov 03 00:29:35 +0000 2017,@AmazonHelp No and no;the estimated delivery date is useless because only going to be in the us a few hours. The package was “guaranteed” for yesterday,1005994,1005991.0
2318692,672128,True,Mon Nov 13 10:13:35 +0000 2017,"@115850  Guys Check rates properly before buying. Cheating full on xD #Nokia6  on @1107 website cost's Rs.14,999 How Amazon  Saying Nokia 6 costs M.R.P.:   17,199.00
Price:   14,999.00  FREE Delivery.Details
You Save:   2,200.00 (13%) #AmazonObhijaan #AmazonGiveaway #Amazon https://t.co/inuBnY6lIa",2318691,
2513155,716203,True,Mon Oct 30 07:19:55 +0000 2017,@AmazonHelp This is the issue. You are saying it wasn't the company is saying you have the stock so you can only send put a replacement,2513156,2513154.0
133737,146143,True,Thu Nov 23 10:42:19 +0000 2017,"@AmazonHelp Der Kollege wollte mir leider nicht helfen. Ich rufe noch Mal an, vielleicht kommt dann ein Mitarbeiter, der mir wirklich hilft, die Bestellung noch dieses Jahr zu bekommen.",133734,133738.0
904245,334663,True,Wed Nov 01 11:53:57 +0000 2017,@115850 in how many hours is the cash back credited on using a Visa card for payment?,904244,
232445,171331,True,Thu Oct 05 10:52:00 +0000 2017,I ordered a book from @115821 this summer and now it's saying it won't be delivered until September 2018!!!! WTF? @AmazonHelp,232443,
472390,136288,True,Fri Dec 01 09:17:16 +0000 2017,"@AmazonHelp after waiting days for it, it is now saying it will be delivered by 5th December. that's 1 week! I could have gone to argos!",472392,472389.0
2595429,704887,True,Fri Nov 17 04:50:37 +0000 2017,@AmazonHelp here I did it again https://t.co/qQUzsomnhK,2595431,2595428.0
2028454,599859,True,Wed Oct 18 21:39:51 +0000 2017,@115830 what moron thinks that a bin is an adequate delivery place especially as there was someone home all day? #notacceptable https://t.co/78D3VN525f,2028453,
1247307,412646,True,Thu Oct 26 01:22:38 +0000 2017,@AmazonHelp Thank you for reply. But @202517 J5. I don't see any option of screen mirroring or Cast screen.,1247309,1247306.0
81752,134110,True,Thu Nov 30 13:13:00 +0000 2017,@AmazonHelp I had a chat with them. I want it delivered by today or please cancel it.,81754,81751.0
264403,179006,True,Wed Nov 08 07:56:00 +0000 2017,@AmazonHelp Thanks guys. Solved. Appreciate it.,264402,264404.0
1996365,590308,True,Sun Nov 26 10:27:08 +0000 2017,@80258 I need to cancel an order made on Amazon but it's not working. Can someone contact me?,1996364,
1394580,444317,True,Mon Oct 16 15:51:49 +0000 2017,"@115850  sent a very important message on @AmazonHelp, pls have a look. I hope you would appreciate it, thanks!!",1394579,
879192,328724,True,Fri Oct 13 17:02:58 +0000 2017,"@AmazonHelp I’ve heard Amazon can’t get most copies sent out till Monday. Do you plan to refund everyone who’s in my same shoes, not getting it early?","879193,879194",879191.0
459907,224286,True,Fri Dec 01 01:53:55 +0000 2017,I don’t have Amazon Prime to always have my packages delayed. 😠 @115821,459906,
2886618,800555,True,Tue Nov 28 12:12:48 +0000 2017,"@AmazonHelp Hi, latest order hasn’t arrived though my account says it has been handed to resident. Don’t have any items but have been charged and no way to report on website. Please help!",2886617,
635696,270747,True,Wed Nov 22 17:09:54 +0000 2017,@120474 I made an order by mistake and am trying to cancel. Please can you help?,635694,
1691979,511736,True,Mon Nov 06 20:45:17 +0000 2017,Por favor @132703 mi pedido de @116928 para haberlo recibido hoy por donde anda? A quién reclamo yo ahora?,1691977,
1690809,222540,True,Mon Nov 06 21:27:49 +0000 2017,@AmazonHelp The link doesn’t work,1690810,1690808.0
1511986,470933,True,Fri Nov 03 17:16:35 +0000 2017,@115850 hey! why are you guys not allowing review for Amazon Echo? I have bought the product but unable to do so. Its wrong!,1511985,
2934445,811379,True,Wed Nov 29 10:18:49 +0000 2017,"@AmazonHelp You always do guys, thanks",2934447,2934444.0
577725,255995,True,Sun Dec 03 09:50:28 +0000 2017,"@AmazonHelp @115850 I haven't received my Cashback as promised by your team during the great Indian Diwali sale in October. I had bought a Redmi 4 phone worth 8499 and as per the terms and conditions, I was eligible for a 10% Cashback.  Could you please reimburse the money?",577724,
611092,148256,True,Wed Nov 22 12:53:10 +0000 2017,"amezonindia
hai
team amazon
my order id no. 4__credit_card__ Order returned 26 oct. Till now not receivedreply or refund",611091,
989543,354046,True,Sun Oct 22 12:45:46 +0000 2017,@115850 MyPickupForPhone HasNotDoneInPast3Days whenever to customer care they replied that'aaj saam tak ho jaaye __email__,"989542,989544",
2600182,736051,True,Fri Nov 17 07:20:01 +0000 2017,@AmazonHelp It stated that on the 15th it left the mail centre and was with carrier and in transit. Then just that the dates have changed.,2600183,2600181.0
133901,146164,True,Thu Nov 23 10:07:43 +0000 2017,"@AmazonHelp Commande devant arrivée lundi, toujours pas livrée à l’heure où je poste ce tweet, erreur dans une commande la semaine dernière et enfin, produit de très mauvaise qualité la semaine passée. AU TOP ! 👌",133900,133902.0
160250,152923,True,Fri Nov 24 18:39:02 +0000 2017,Que pésimo servicio @116875 casi un mes de que hice mi pedido y una semana de retraso y ni si quiera puedo rastrear mi producto,160248,
145787,149067,True,Tue Nov 28 17:27:40 +0000 2017,@AmazonHelp Pare che lo ritireranno in automatico alla consegna,145788,145786.0
1145964,389720,True,Tue Oct 24 13:40:48 +0000 2017,@115821 when do I get the PS4 I ordered,1145963,
359490,201137,True,Sun Oct 08 16:35:38 +0000 2017,".@AmazonHelp i never saw that option. I was waiting for it. Where does it occur in the setting up process please, so i can reset &amp; *restore*",359492,359489.0
1239712,410771,True,Mon Nov 13 06:28:20 +0000 2017,Finally signed up for amazon prime,1239711,
590040,259513,True,Sun Dec 03 16:27:06 +0000 2017,@AmazonHelp So this means I have to actually go pick up my items 2-3 days AFTER they’re supposed to be delivered?  I pay for prime so they can be delivered to my home.  Why are they going to the post office for me to pick up?,590038,
780575,306375,True,Thu Oct 12 10:06:54 +0000 2017,@AmazonHelp Yeah bcoz u guys never wanna be liable for ur mistakes and customers are fools to u guys I believe.,780576,780574.0
574027,254979,True,Sun Dec 03 06:08:40 +0000 2017,BD持ってるけどアマゾンプライムでアンツィオ戦見てる,574026,
1164626,393953,True,Tue Oct 24 20:23:24 +0000 2017,@AmazonHelp I ordered via https://t.co/9b7LAbJSlW (USA) there are 3 different vendors for all 3 items,1164625,1164627.0
160258,152925,True,Fri Nov 24 18:35:34 +0000 2017,How is Amazon gonna say they couldn't deliver my package due to no access when I live in a building with a 24/7 concierge? 🤔😒 @115821,160256,
2935775,811646,True,Wed Nov 29 11:49:52 +0000 2017,@AmazonHelp @116928 También me dijo que me llamarían de correos para quedar para recojeros el producto y se pasaron sin llamar,2935777,2935774.0
1208716,403795,True,Wed Oct 25 10:48:05 +0000 2017,"@AmazonHelp Ya los he contactado, gracias por la ayuda!",1208718,1208715.0
1043165,366683,True,Mon Oct 23 09:14:50 +0000 2017,@120533/@AmazonHelp ça vous dirait pas de release Mario Odyssey avec un peu d'avance? J'en peux plus d'attendre 😪,1043164,
436403,218639,True,Wed Oct 11 05:06:29 +0000 2017,"@AmazonHelp Even i have requested return pickup time, but no help here given time-slot of 3-6 pm today, a bit difficult for me hv to take leave for it.",436404,436402.0
2378497,685941,True,Tue Nov 14 04:37:10 +0000 2017,@AmazonHelp Pick up was due on 13th nov but no response from the retune team,2378498,2378496.0
1373240,276797,True,Sat Oct 28 00:44:20 +0000 2017,"@AmazonHelp I could've walked into a best buy at nine this morning and bought the game, not sure how twelve hours later delivery (if even delivered probably not) is gonna keep me on prime at this point :/",1373242,1373239.0
1586770,488141,True,Sat Nov 04 18:01:17 +0000 2017,@AmazonHelp Es una excelente forma de escuchar música,1586769,1586771.0
2929562,810426,True,Wed Nov 29 06:20:16 +0000 2017,They did this shit to me I️ brought a poster and I️t was a fucking pillow case as the poster 🙄🙄🙄😒 @AmazonHelp @115821 https://t.co/bhJKEkbqc8,2929561,
2146742,631058,True,Thu Nov 09 08:28:34 +0000 2017,"@AmazonHelp Thanks, done so and been told to wait until Saturday.... Great..",2146744,2146741.0
358764,200971,True,Fri Oct 13 19:01:53 +0000 2017,"@AmazonHelp Thank you, it was outstanding, the seller helped me immediately, better than I expected. Best wishes.",358766,358763.0
798804,310418,True,Thu Oct 12 14:48:33 +0000 2017,@118919 i had made a purchase but u failed to deliver and said i had refused and now said that product is damaged and buy it at 21000,798794,
349900,199253,True,Sun Oct 08 08:59:28 +0000 2017,"@115821 disgraceful. Sent defective item. Phoned 3 times, hung up on twice and told Amazon don't know nothing about this go to maunfacturer.",349898,
152155,127398,True,Fri Nov 24 15:47:14 +0000 2017,@AmazonHelp do you take Bitcoin?,152154,
460047,224313,True,Fri Dec 01 01:35:38 +0000 2017,@115821 when you get free two day shipping but don't get your package in two days.,460045,
993184,355287,True,Sun Oct 22 16:00:40 +0000 2017,@AmazonHelp I've the order number if you want,993185,993181.0
318831,192063,True,Sat Oct 07 09:06:52 +0000 2017,"@115850  Really frustrated with Amazon now, second time in 10 days, order not delivered and marked as delivered.",318829,
2747237,755667,True,Mon Nov 20 22:24:00 +0000 2017,"Thanks to my @AmazonHelp delivery driver who called to ask if I was home, could barely speak English,asked to put the parcel in my outside letterbox,i advised if too big to put it in the porch.He couldn't understand&amp;left it  hanging out the letterbox!Parcel&amp;goods water damaged👎",2747236,
734119,295649,True,Wed Oct 11 11:02:36 +0000 2017,Worst ecpirence shopping with amazon india @115850,734117,
1152632,391227,True,Wed Oct 25 12:47:01 +0000 2017,"@AmazonHelp Y por otro lado he comprado un producto en preventa con prime que aún no se le conoce fecha de entrega, pero que puedo comprar en stock...",1152638,1152628.0
130775,145523,True,Fri Nov 24 06:49:24 +0000 2017,"Kindle使い出したのは大正解。
飛行機の移動のストレスが激減した。",130774,
1110802,382163,True,Tue Oct 24 01:41:05 +0000 2017,Oye @116875 ¿quién te hizo tan bonito?,1110801,
959698,347696,True,Sun Oct 22 01:47:54 +0000 2017,Bless up. Thanks @115821 for getting my things to me early.,959696,
619968,267152,True,Wed Nov 22 16:56:36 +0000 2017,"@115830 are TERRIBLE, the customer service department are even worse, and furthermore if you want next day delivery with PRIME you wont get it. You call up and you get bullshitted over the phone TBH, they cant even understand your language!",619967,
180975,158507,True,Thu Sep 28 13:22:50 +0000 2017,"@AmazonHelp It is Bluedart fault , The delivery address says pin code 841428 but he have sent my item in another pin code city which is sitamarhi, why ?",180974,180976.0
505849,236032,True,Fri Dec 01 21:13:17 +0000 2017,@233659 @115830 Our @115830 driver likes to deliver to Just 1 house only in our street...there’s 60 houses in our street!,505848,505850.0
4853,116849,True,Tue Oct 31 17:55:09 +0000 2017,"@AmazonHelp no luck it keeps asking for code witch is not sending to my phone can Amazon eliminate the 2 step method, this is so frustrating",4852,4854.0
2905128,804506,True,Tue Nov 28 19:32:00 +0000 2017,"@AmazonHelp Tengo 2 llamadas perdidas de un 661, 1 tono y colgaron, devolví las llamadas y no me cogen ... han pasado de mi y he perdido de hacer cosas por esperarles. Ya tienen una reclamación por DM",2905130,2905127.0
537564,244603,True,Sat Dec 02 13:48:39 +0000 2017,@AmazonHelp 旧作にしれっと無性に見たくなってしまうものが取り揃えられているの本当に素晴らしいです,537563,537565.0
134929,146413,True,Fri Nov 24 09:04:16 +0000 2017,"@AmazonHelp J'ai contacté votre service client, 12h au minimum, tant pis, j'aurais essayé.",134931,134928.0
969110,181241,True,Sat Oct 14 05:52:44 +0000 2017,@AmazonHelp So You Want 9 Days To Solve My Problems And still my problem unsolved,969113,969109.0
2769046,147440,True,Tue Nov 21 13:18:40 +0000 2017,@AmazonHelp No it says it was attempted delivery and is now back out to try tomorrow,2769048,2769045.0
378817,198558,True,Mon Oct 09 05:06:34 +0000 2017,@115821 Problem remains. Worst service. I m not happy at all.,378815,
474350,227897,True,Fri Dec 01 09:59:25 +0000 2017,"@116313 手提げ出来るように紐を頂けないかと聞くが相手にもしてもらえず、コンビニ店員の「これをどうやって持って帰るの」的な薄ら笑い。
アマゾンよ。
コンビニで受取る場合はコンパクトな荷造りにしてくれ。送料も普通に取られるし。こんなんじゃ安易にコンビニ受取なんて出来ない！
#コンビニ受取",474349,474351.0
273152,181234,True,Fri Oct 06 09:35:00 +0000 2017,"@AmazonHelp 成る程！
ありがたい情報 痛み入ります！

 https://t.co/hHWCsx7jgZ",273153,273151.0
1459077,458661,True,Fri Nov 03 22:17:56 +0000 2017,@AmazonHelp what's the point of prime if deliveries don't happen next day? Now being told a few days but need it before I go abroad...,1459075,
1706331,517135,True,Tue Oct 17 17:12:34 +0000 2017,"@115850, @AmazonHelp  Where is my order  #403-7469811-1791523 ? Escltd 4 times to ur cstmr care. Prime Dlivry shld hv hppnd by 2day 8 pm .","1706330,1706332",
2184785,639890,True,Thu Nov 09 17:26:32 +0000 2017,@116935 That's the thing they are off my playlist completely and when I went back to put them on I was unable to because I already put them on and it wouldn't let me add them again,2184783,2184786.0
481642,229479,True,Fri Dec 01 13:47:49 +0000 2017,@115850 such a poor service I paid extra for fast service. I paid for this expedite service highly disappointed https://t.co/9FXJNjfpsJ,481641,
791062,308632,True,Thu Oct 12 12:29:03 +0000 2017,"Hi @115850 need help regarding delivery of order #402-9017896-5030705

reach me @35115","791061,791063,791064",
1434941,406523,True,Thu Nov 02 13:57:10 +0000 2017,@AmazonHelp It’s only giving me the option to email 😩,1434943,1434940.0
2762045,371295,True,Tue Nov 21 07:39:26 +0000 2017,@AmazonHelp No issues. But I needed the product to work now so I could use it.,2762046,2762044.0
2427447,696631,True,Tue Nov 14 19:50:23 +0000 2017,"@AmazonHelp Ya está borrado, No me aparece ninguna forma de comunicar con Amazon logistics. Simplemente me aparece que mi pedido esta retrasado y que espere al jueves.",2427446,2427448.0
2636914,744272,True,Fri Nov 17 20:18:52 +0000 2017,@AmazonHelp Le service client @120533 me demande de patienter jusqu’au 21... enquête en cours et reviendra vers moi plus tard.,2636913,2636915.0
2170758,636779,True,Fri Nov 17 21:15:23 +0000 2017,@AmazonHelp Not sure what you mean? I was told it was fulfilled by a 3rd party. They couldn't answer how it got sent to a 3rd party. They just kept saying it wasn't available for Prime. They did not try to understand my frustration. Especially the fact Amazon sent the wrong size initially,2170756,2170759.0
2946977,813949,True,Wed Nov 29 15:35:01 +0000 2017,Good morning @115833 Whom can a chat with about Agent Neo in Indianapolis? @115821,2946976,
169517,155477,True,Fri Nov 24 21:22:14 +0000 2017,@115821 I’m trying to purchase watch dogs 2 for a lighting deal but It won’t let me. And yes I am a prime member. https://t.co/OwPhkrJTaC,169516,
693810,285425,True,Thu Nov 23 15:05:31 +0000 2017,Apparently @115833 got into the holiday spirit. https://t.co/ceElkZo3Hb,693809,
1056775,369518,True,Tue Oct 24 05:16:00 +0000 2017,@AmazonHelp then what should i do now,1056776,1056774.0
1392417,443853,True,Sat Oct 28 12:58:44 +0000 2017,@116316 Odyssey,1392416,1392418.0
734070,183033,True,Mon Nov 06 04:41:49 +0000 2017,@AmazonHelp Very poor service from Amazon. Still awaiting for my refund.. More than 60days now...,734073,734069.0
1051174,340075,True,Mon Oct 23 12:59:24 +0000 2017,@AmazonHelp So after waiting for 5 days now customer service representative Mr Shashi told that the product has been lost by courier facility,1051176,1042335.0
130294,145388,True,Fri Nov 24 06:41:38 +0000 2017,@AmazonHelp Have item in basket. Tap ‘proceed to checkout’. Then times out and get a pop up saying... ‘Sorry. Something went wrong. Please try again.’ Tried 4 times again,130296,130293.0
35197,123665,True,Wed Nov 01 13:10:31 +0000 2017,"@AmazonHelp Bonjour. On sort un livre demain : https://t.co/HVj0BLvFQZ
Il n'y a toujours pas la couv (et mon vrai nom). Comment changer ?",35195,
2179041,382802,True,Thu Oct 19 12:38:32 +0000 2017,@AmazonHelp  https://t.co/Vs4pfLNOmX,2179043,2179039.0
2837060,789626,True,Mon Nov 27 15:15:54 +0000 2017,@AmazonHelp Hello why are prime deliveries taking 3 days please.,2837059,
1545460,478635,True,Sat Nov 04 06:19:25 +0000 2017,@AmazonHelp Well. Then you are kindly requested to expedite the process and arrange to get the product delivered as early as possible!,1545461,1545459.0
643837,195058,True,Sat Oct 14 17:03:43 +0000 2017,"@AmazonHelp My comment is backed by my experience, in your last email have asked me to follow up with the customer service and that's it,  do you call this a resolution?",643838,643836.0
2688068,755823,True,Sun Nov 19 13:51:00 +0000 2017,This much packaging for a sponge? FOR A SPONGE @115830 https://t.co/IsD7LlAdVO,2688067,
2980573,822065,True,Sun Nov 19 13:14:12 +0000 2017,"マジ❗クソだろ💢
お急ぎで頼んで昨日届くのに今日も届かないAmazonクソだろ(笑)
お急ぎ代返せ❗❗ https://t.co/Q27di4A4Kt",2980572,
2230346,521436,True,Fri Nov 10 13:47:15 +0000 2017,"@AmazonHelp @121284 I ordered an Echo dot, your status says delivered but i haven't got the order. Customer care is not assuring and gives vague reply. Need help!",2230344,
2841727,135810,True,Mon Nov 27 17:31:50 +0000 2017,@AmazonHelp De plus c’est quoi un « relevés de visa »?,2841729,2841726.0
2555153,283696,True,Thu Nov 16 16:09:21 +0000 2017,@AmazonHelp 406-4790852-8649968 worst quality product ever. May b I have starting expecting a lot..,2555154,685769.0
1680130,197817,True,Mon Nov 06 15:48:50 +0000 2017,"Total, que lo que he pagado por tener el viernes día 3 lo tendré con suerte mañana y yendo yo a por ello @116928.",1680127,
2929506,810412,True,Wed Nov 29 06:24:17 +0000 2017,@Amazonhelp hi i m not able to call your cust care through app or toll free number please help,2929503,
2151035,632163,True,Thu Nov 09 01:17:22 +0000 2017,what kind of a company is @115850 @115821 which asks you to split your shopping basket into 3 and pay 3 times.  Alexa/drones/cloud but cant buy a toy easily. Poor experience,2151033,
1699765,515461,True,Tue Oct 17 17:17:20 +0000 2017,"Having @115830 prime is getting ridiculous... order something on prime for next day, it’s now 6:15pm and it’s hardly “next day” any more",1699763,
1751556,527737,True,Tue Nov 07 18:07:52 +0000 2017,@115830 I'm not happy,1751555,
2946921,247513,True,Wed Nov 29 15:49:35 +0000 2017,"Gee @115830, that's hardly what I call delivered. Not good enough. https://t.co/GKEoq55vmk",2946919,
1347554,434252,True,Fri Oct 27 17:13:49 +0000 2017,Never use @115821 chat when u have concerns on your package! rude and will pass u to different people if they don’t want to deal with u 😡😡😡,1347553,
498361,233968,True,Fri Dec 01 19:08:26 +0000 2017,@115830 @115821 Ruining Christmas for children this year with their stupid advert!!!!!,498359,
2783216,777178,True,Wed Nov 22 01:41:58 +0000 2017,"@115850 7 November order placed by net banking
15 november says payment problem
Not able to provide service till now and no delivery.
So just  REFUND me.
And take action against courier service.",2804322,2783214.0
1306038,425203,True,Fri Oct 27 02:55:57 +0000 2017,"@AmazonHelp Thank you, I'm already in progress for return and I hope a refund. I just hope it doesn't get resent out to someone else.",1306040,1306037.0
669234,279594,True,Thu Nov 23 03:05:12 +0000 2017,@116618 https://t.co/BKyMEJ4qE6,669233,
387559,207732,True,Mon Oct 09 13:58:01 +0000 2017,@AmazonHelp my order number is #402-0721166-3566724,"387562,387563,387564",387557.0
421536,215435,True,Tue Oct 10 10:20:34 +0000 2017,@115850 @AmazonHelp If u understand the gravity then it will never happened  .....just tell where is my order....trimmer,"423203,423204",421532.0
231498,171134,True,Wed Oct 04 20:52:52 +0000 2017,@AmazonHelp I've spoken to your customer support 3 times today about this. I saw the delivery driver on cctv not even attempting to deliver my parcel.,231497,231499.0
1032389,364264,True,Mon Oct 23 06:59:18 +0000 2017,@AmazonHelp No will not be returning :) just letting you guys know,1032391,1032388.0
1106511,381146,True,Sun Oct 15 09:05:10 +0000 2017,"@AmazonHelp @145696 En parlant d'Amazon Prime Now justement, dites, vos prix commencent à glisser dans le mauvais sens... la loi de l'offre et de la demande ? 🤔",1106518,1106509.0
2460313,704519,True,Sun Nov 26 19:01:43 +0000 2017,"@AmazonHelp @115850 
No more expectations. Atleast Refund Asap.",2460316,2460311.0
1497744,467748,True,Mon Oct 16 22:43:24 +0000 2017,"@AmazonHelp Ordered presents for nieces birthday, order delayed, contacted support,refunded but said items would still come. That was a lie!","1497742,1497749",
1459776,458835,True,Thu Nov 02 19:31:18 +0000 2017,@AmazonHelp Done all that and all your online chat say is “wait until tomorrow”. Told yesterday it’ll be escalated and I’ll get an email but nothing.,1459775,1459777.0
439764,219393,True,Wed Oct 11 10:15:43 +0000 2017,@AmazonHelp El problema es que no puedo comprar porque Amazon no me deja enviar a un punto de recogida. Tampoco tengo a alguien en casa que reciba el paquete en semana. Tampoco puedo programar el envío para que llegue únicamente los sábados.,439762,439770.0
439303,207110,True,Wed Oct 11 10:23:42 +0000 2017,"@AmazonHelp It's been more than 48 hours since I filed the first complaint. No resolution yet. All I get is ""It's been escalated and the team is working",439306,439300.0
2761740,772662,True,Tue Nov 21 06:39:14 +0000 2017,@AmazonHelp 分かりました🙆🏼,2761739,2761741.0
321979,192448,True,Sat Oct 07 12:32:49 +0000 2017,For @115850 trimmer and bedsheet means the same !I can keep the bedsheet if it's a Diwali gift but send me the trimmer I had ordered ASAP https://t.co/Tvk3L4TadC,"321977,321984",
2391289,245533,True,Tue Nov 14 09:24:27 +0000 2017,Thanks for the price hike @119625. Now we can easily select between you and Netflix. 😛,2391288,
1338744,432260,True,Fri Oct 27 14:39:15 +0000 2017,"@115825 Bei der Serie ""Channel Zero [OV]"" Staffel 2 ist Folge 6 die gleiche wie Folge 5. Bitte die richtige Folge 6 online stellen.",1338743,
973494,350873,True,Sat Oct 14 06:35:13 +0000 2017,@115850 Recieved soiled and dirty product delivered by Amazon today. Worst experience as this was supposed to be a Diwali Gift,973493,
1279767,419455,True,Thu Oct 26 16:40:59 +0000 2017,@118919  don't buy anything from Amazon. very poor delivery service,1279766,
1485738,465021,True,Mon Nov 20 22:20:26 +0000 2017,"@AmazonHelp I didn’t use the link since that package showed up one day late and wasn’t urgent. This time it’s needed no later than tommorrow by noon, was ordered  last Thursday and supposed to be to me prior to 5pm today",1485739,1485737.0
1492729,466646,True,Fri Nov 03 10:11:47 +0000 2017,@115850 The new colour scheme on app and website looks weird. Feels too loud to the eyes. Loved the previous colour scheme.,1492728,
2518031,717273,True,Thu Nov 16 01:04:39 +0000 2017,@AmazonHelp Justamente antes de mandar el primer tweet 🤗,2518032,2518030.0
522601,240712,True,Sat Dec 02 04:02:49 +0000 2017,"Comprei mais 6 livros na @117086 😂😂😂 Esses foram os últimos livros do ano. Agora só em Janeiro e só vai ser de Fisiologia e Bioquímica ❤
Maaaas... Se tiver um de literatura baratinho eu compro tbm kkkkk",522599,
1544514,478410,True,Sat Nov 04 05:17:28 +0000 2017,@AmazonHelp Already reported. Now its 2nd time.,1544512,1544516.0
180379,158426,True,Wed Oct 04 11:57:50 +0000 2017,@AmazonHelp but when i tried to cancel last month it instead asked if i wanted to wait a few weeks and get a reminder before it was due,180381,180378.0
668529,279403,True,Thu Nov 23 03:36:46 +0000 2017,@115850 having placed an order for the @132994 #5T. I'm awaiting delivery. You've shared @149473 doc no. But it says consignment not found. Could you please have the process expedited. https://t.co/Fh6soCulj8,"668527,668531",
2495440,712208,True,Mon Oct 30 01:50:07 +0000 2017,@AmazonHelp ご丁寧に教えて頂きありがとうございました！,2495442,2495439.0
588661,259137,True,Sun Dec 03 16:07:32 +0000 2017,@AmazonHelp I was back in the US for 36 hours. I ordered a device for same day delivery so I could spend time with my family. Day 1 they said no one was home. They lied. I called and confirmed it would be there day 2 with management. I was told it was out for delivery. Lied again,588660,588662.0
1772975,532870,True,Wed Nov 08 02:35:26 +0000 2017,@AmazonHelp Nope 😪 https://t.co/0KgLJ3BrMy,1772976,1772974.0
612776,265735,True,Wed Nov 22 13:51:51 +0000 2017,@AmazonHelp Works now....,612778,612775.0
2795360,266394,True,Wed Nov 22 03:02:10 +0000 2017,@AmazonHelp Called and got hung up on Smh  @115821,2795361,2795359.0
1260152,415248,True,Thu Oct 26 09:43:51 +0000 2017,@AmazonHelp Is there a problem with reviewing just now? Can only add star rating but not actual review.,1260150,
1053484,368927,True,Mon Oct 23 14:34:31 +0000 2017,@116875 Siiii..fue regalo y le encanto...mil gracias,1053482,1053485.0
1746075,235307,True,Tue Nov 07 14:53:19 +0000 2017,On day 6 of “1 day” delivery ordeal.  I honestly can’t recommend @115821 Prime as long as they continue to use IntelCom for ‘delivery’.,"1746072,1746076",
613939,219031,True,Sat Nov 25 16:32:24 +0000 2017,@AmazonHelp I got an email about my prime membership being cancelled,613941,613938.0
2774138,403726,True,Tue Nov 21 14:29:44 +0000 2017,@115850 tomorrow I will file a case in Delhi court against  Order # 405-7739204-775556. Be ready,"2774137,2774139,2774140",
2205433,644828,True,Thu Oct 19 16:12:22 +0000 2017,"@AmazonHelp If you wish you can reach me, @115821 knows me better as i have an account there.",2205434,2205432.0
1684575,511928,True,Mon Nov 06 17:02:25 +0000 2017,bonsoir @120533 on peut se parler en DM svp ? c'est urgent ! merci,"1684574,1684576",
2402343,395487,True,Tue Nov 14 14:16:42 +0000 2017,@AmazonHelp Okay. Vielen Dank. :D,2402344,2402341.0
902431,334239,True,Sat Oct 14 15:07:14 +0000 2017,@AmazonHelp Thanks for accepting the feedback!,902433,902430.0
974806,351176,True,Sat Oct 14 04:54:36 +0000 2017,@115821 I ordered a LED Tv from Amazon and did the payment by card. I got a msg yesterdy for delivry but didnt and I dont see any option,"974805,974807",
2382530,686845,True,Tue Nov 14 06:00:55 +0000 2017,@115850 i want tp cancel an otder which is not shipped yet but its not cancelling.. Help me.,2382529,
126879,143732,True,Tue Nov 21 15:34:25 +0000 2017,@117086 cadê promo para paperwhite?,2777483,126877.0
2531066,720441,True,Tue Oct 31 08:28:37 +0000 2017,@AmazonHelp Lots of choices...thanks for the heads-up buddy 🙌🏼,2531067,2531065.0
2986457,689914,True,Thu Nov 30 07:31:08 +0000 2017,@AmazonHelp how to become a professional liar @115851,2986458,2986456.0
1489153,120768,True,Fri Nov 03 08:58:33 +0000 2017,"@AmazonHelp No, no reason for delay and do I get my extra 40€ back for priority shipping when it was not a priority? I have emails proof of everything..",1489154,1489152.0
1190223,398717,True,Sat Nov 25 19:07:02 +0000 2017,"Omg @AmazonHelp , this arrived with a half inflated air packet and a super bent book for a gift? 🙀 #worstservice https://t.co/nUNBo1Tyue",1190222,
1064588,371342,True,Fri Oct 13 09:59:38 +0000 2017,"Hello @AmazonHelp , this email is yours or it is a virus? __email__ 
Thank you 😁 https://t.co/ebqBzzk6dN",1064587,
290413,185174,True,Mon Oct 09 08:02:09 +0000 2017,@AmazonHelp Wow Amazon now we have to go and collect our parcels.. thanks for your pathetic service... We have to invest our time and money behind you.,"290415,290416,290417",290411.0
2029271,169542,True,Sun Nov 05 23:51:11 +0000 2017,@116618 there’s no subtitle for some part of storyline in Trapped tv show. Please DM and I’ll show you which part. Thanks! #BeingDeaf,2029270,
1082930,375444,True,Mon Oct 23 17:42:56 +0000 2017,@AmazonHelp Ganz amazon.de scheint betroffen zu sein,1082932,1082929.0
815514,314201,True,Tue Nov 07 14:58:06 +0000 2017,"@115850  I have four orders which needs to be delivered by thursday.
Check with 9643067834/7400467834","815515,815513,815516",
1429845,452074,True,Thu Nov 02 06:51:52 +0000 2017,@115850 I filed a return and nobody came to pick it up. Order ID 408-2494151-3014703,"1429844,1429846",
78822,133577,True,Thu Nov 30 12:44:45 +0000 2017,@AmazonHelp November 25th,78824,78821.0
2126714,626221,True,Wed Nov 08 18:24:55 +0000 2017,anybody else having issues with their firestick? @AmazonHelp,2126713,
1649119,241325,True,Sun Nov 05 23:02:29 +0000 2017,@AmazonHelp It just says AMZL US.,1649121,1649118.0
473355,227706,True,Fri Dec 01 09:11:08 +0000 2017,"アマゾンでゲーム買おう思ったら、商品情報ではコンビニ支払い出来るて書いとるのに、レジでは選択出来ん。
何でや！",473354,
1281360,419798,True,Thu Oct 26 17:18:02 +0000 2017,@115821 please help...this is absolutely unacceptable that I have not received my refund me for my item EVEN THOUGH I have been told 100% by Suresh that I will receive my refund? Is this what you class as great customer service? #angry #pleasehelp https://t.co/ppLzgjNqvO,1281357,
493323,232609,True,Fri Dec 01 17:26:38 +0000 2017,"Come on, @115821! My @232610 Christmas CD was supposed to be here yesterday! https://t.co/6tIXEAPlFk",493322,
176451,157514,True,Sat Nov 25 00:22:30 +0000 2017,@AmazonHelp They can barely understand me and visa-versa which is the first issue. This is 2nd set that has arrived damaged.  They are saying they can only refund as the item is no longer available yet I can go to Amazon and plenty are available.,176449,176452.0
2627604,742146,True,Fri Nov 17 16:41:06 +0000 2017,@116316 Hab mir Star Wars Bettlefront 2 vorbestellt und es ist immernoch nicht angekommen,2627603,
2880420,166376,True,Tue Nov 28 08:11:40 +0000 2017,If you’re planning on using a courier do NOT use @24123. Possibly one of the worst out there. Decided to change delivery day on the day of delivery with 0 explanation. People have work you know.. @115830 - rethink who you use.,2880418,
619097,197812,True,Mon Nov 13 17:45:47 +0000 2017,"@AmazonHelp U don’t mean a bit of wat u write.. so don’t put up an act if there ws genuine intention to resolve, the simplest way wld  hav been to credit INR 298 to my amazon wallet Instead  ur team is busy sending standard reply to my emails not wanting to resolve issue",619096,619098.0
2859847,755153,True,Mon Nov 27 22:31:22 +0000 2017,I been waiting on this Amazon package for the longest. Wrong items and they didn't even send the amount I asked for. Smh,2859846,
2931308,810805,True,Thu Nov 30 05:00:19 +0000 2017,@115850 Ordered on 27th November but still not received but it shows the product is in Chennai Facility. Are you going to update on this issue or ?????? https://t.co/8wTfO2vhp5,"2981882,2981883",2931307.0
265646,179285,True,Mon Oct 16 23:47:15 +0000 2017,"いつの間にかアマゾンのプライム会員になってた
カードの明細見なきゃずっと気づかなかったやつ()
プライムになったらなんかいいことあるの？？？","265644,265648",
1291045,421911,True,Sun Oct 29 10:21:41 +0000 2017,@AmazonHelp @138673 @115850 Why shall i keep running behind this after paying full money,"1291046,1291047",1291044.0
984653,353416,True,Sun Oct 22 18:33:53 +0000 2017,@AmazonHelp yes over 24 hours now. Called early last night.,984654,984652.0
435135,218363,True,Tue Oct 10 16:46:10 +0000 2017,@AmazonHelp That's not my question.I think non-prime users were misled only prime users were supposed to win according to u.terms cud hve bn transparent,435138,435134.0
380760,206313,True,Mon Oct 09 10:32:38 +0000 2017,@AmazonHelp How do I contact the marketplace seller? Is it not yourselves?,380761,380759.0
372185,204175,True,Sun Oct 08 23:06:53 +0000 2017,Thanks @115830 for putting two of my parcels in the RECYCLING BIN and informing me that I told you too when I didn’t!! 1/2 https://t.co/YpfN0BSufu,372184,
1156230,391983,True,Sun Oct 15 04:08:47 +0000 2017,"Amazonでなんも頼んでないのにメール来たから何かなーと思ったら迷惑メールだった🤢
文面からして絶対Amazonじゃないよねw https://t.co/0NczAb44DI",1156229,
1096676,378788,True,Sun Oct 15 05:38:10 +0000 2017,@AmazonHelp I have done and no proper response is there and is return different from replacement?,1096678,1096675.0
1318251,427876,True,Fri Oct 27 08:18:24 +0000 2017,"ん？Amazonって今トラブってたりするかな？？
荷物が予定の5日過ぎても届かないんだけど（笑）",1318250,
2367945,683416,True,Mon Nov 13 23:12:52 +0000 2017,Putain commande de la nvidia shield repoussé j'ai la haine en plus elle est en rupture de stock merci @120533 😬😬😬😬😬,2367942,
549482,247944,True,Sat Dec 02 21:33:37 +0000 2017,"@AmazonHelp For Tunein, response is: “I could not find”, for AnyPod “I have not heard of”, but I see it here: https://t.co/xTnsUifcJ5",549484,549481.0
536492,244312,True,Sat Dec 02 13:48:14 +0000 2017,@AmazonHelp 1 with Sure Post the other two regular UPS,536493,536491.0
1881166,215880,True,Wed Nov 08 05:42:56 +0000 2017,@AmazonHelp Again poor. You are not bothered to call customer and ask what is the problem.  A ROBOT will be sending pre-configured reply. Great Service. @115821,"1881168,1881169",1881165.0
1148762,390332,True,Tue Oct 24 14:35:37 +0000 2017,@AmazonHelp what should he do..he had saved money for months and now when he was wait for his smile you guys gave him shock,"1148763,1148764",1148746.0
505863,236036,True,Fri Dec 01 21:47:01 +0000 2017,@AmazonHelp I'm only given a tracking code. No details about courier. It twlls me where the courier picked up my item but no other details,505865,505862.0
835525,316081,True,Fri Oct 13 11:09:04 +0000 2017,@AmazonHelp So you're saying a parcel being 3 days late is not enough to prompt you to try and resolve the issue? And I should keep waiting?,835527,835524.0
1244370,410868,True,Wed Oct 25 22:38:03 +0000 2017,"Yes, lost Kindle in paris, and need to access the books and close e-eader. No one can  figure this out except start a new email for this?? https://t.co/G81xMzFSuk",1244369,
2744197,768588,True,Mon Nov 20 18:02:41 +0000 2017,@AmazonHelp Hola . Hice un pedido el día 1 de noviembre y aún estoy esperando fecha aproximada de entrega. Me gustaría saber si por este canal podéis darme alguna información más acerca de la fecha llegada del producto. Gracias,2744195,
2364656,682702,True,Mon Nov 13 22:23:52 +0000 2017,"@120540 posso fidarmi di un prodotto venduto da terzi con 160 recensioni tutte da 5 stelle e nessuna etichettata come ""acquisto verificato""? Tra l'altro ho notato che due prodotti, dello stesso genere, venduti da due parti terze sono recensiti dalle stesse persone. È normale?",2364654,
1404776,252916,True,Sat Oct 28 18:21:36 +0000 2017,"Hey @115821, it would be awesome if you took the correct amount out for subscriptions, instead of a double charge 😬😬😬",1404772,
909867,336117,True,Sat Oct 21 05:43:47 +0000 2017,"@AmazonHelp Uh, yeah? Only 15 times tho. Is 20 the magic number after which I get a resolution? I'll get there by tomorrow the rate at which it's moving",909865,909873.0
2962801,817545,True,Wed Nov 29 21:17:09 +0000 2017,"Hey @115830 any chance you can look at your packaging policy- you seem to use a lot of excess cardboard. Less is more, thanks a frequent customer. #bekindtotheplanet",2962799,
558507,250485,True,Sat Dec 02 21:26:01 +0000 2017,@AmazonHelp right out of the box.... https://t.co/4eL7eLecPx,558506,
566621,252848,True,Sun Dec 03 01:35:49 +0000 2017,It’s not really Christmas until you hear the Chritmas rape song. WTF!? @116935 why are you playing this. Rape is no longer considered a part of the festivities.,566619,
918195,337983,True,Tue Oct 17 19:27:34 +0000 2017,"@115850 Please look into this serious issue, however status showing delivered when product never reached me, even signed forged??","1735399,1735400",918191.0
1808349,543263,True,Wed Oct 18 02:56:10 +0000 2017,the lady i just talked to @115821 customer service had literally no idea what she was talking about &amp; im very frustrated 🙃🙃🙃🙃🙃,1808346,
832688,318322,True,Fri Oct 13 05:22:30 +0000 2017,@119625 Their is only 2 episodes of laakho mein ek.. When you will upload all episode??,"832687,832689",832690.0
925330,339586,True,Sat Oct 21 14:04:34 +0000 2017,"@115850 Help needed about an order delivery. Currently your tracker lies about ""Delay delivery as per customer request"".",925329,
1278138,419110,True,Thu Oct 26 16:47:54 +0000 2017,"@AmazonHelp Numerous times. 
I have lost count of how many.","1278140,1278141",1278137.0
644058,272885,True,Thu Oct 26 17:05:05 +0000 2017,@AmazonHelp @AmazonHelp Haven't received any email. Last mail I got from Amazon on 20 Oct which was ACK email,644057,644059.0
180860,312375,True,Thu Oct 12 17:46:35 +0000 2017,"@115850 @71566 Manual delivery itself has been a bloody mess in our case. No idea on the prod status, delv time and all wrong info updates",807322,180859.0
721764,291504,True,Wed Oct 11 01:49:28 +0000 2017,@AmazonHelp These are the current two I’m having issues with. https://t.co/ADEwmpFpKy,721762,721766.0
2612319,738619,True,Fri Nov 17 12:05:38 +0000 2017,I’ve ordered a USB cable from Amazon but it is a defective product. I’m trying to reach amazon with the customer care numbers provided but it is of no use as they cannot find my order and I cannot speak to their executive. Fooling Customers @1560 @2156 @131027,2612318,
2757391,771679,True,Tue Nov 21 03:13:47 +0000 2017,@AmazonHelp 確認させていただきます、ありがとうございます,2757390,2757392.0
1306050,425206,True,Fri Oct 27 02:25:27 +0000 2017,"It should come as no surprise but #AmazonLogistics screwed up again today, thanks @115821 -- 0/3 days without a delivery",1306048,
816987,314056,True,Thu Oct 12 20:42:46 +0000 2017,@AmazonHelp Samedi ça ira :) Merci !,816985,816993.0
2395826,576212,True,Tue Nov 14 12:01:15 +0000 2017,"@115830 i purchased some good from you this morning and it said that you have changes from @116618 to amazon prime, i dont want amazon prime i just want amazone video can you sort this please",2395825,
1604063,120466,True,Sun Nov 05 08:41:41 +0000 2017,@AmazonHelp Still can't login even in this link. Resetted password now too. Still shows password is incorrect.,1604065,1604062.0
80617,133888,True,Thu Nov 30 13:06:08 +0000 2017,"@AmazonHelp Alexa war oft vom Strom - wir haben einigen Lampen in Räume zusammengefasst, jetzt heißt es immer, dass möglicherweise kein Strom fließt (Lampen sind aber angeschaltet). Den Fehler haben wir seit 2 oder 3 Tagen. Aber keine Einstellungen geändert.",80615,80618.0
319078,190856,True,Sat Oct 07 10:56:33 +0000 2017,"@115850 @AmazonHelp What is the point of being prime member, in morning was told it vll b delivered by 1600, look at the time now. useless call center.","319331,319338",319075.0
2434571,215498,True,Sun Oct 29 14:15:33 +0000 2017,@AmazonHelp https://t.co/rucW6EYC0p,2434573,2434570.0
351907,199695,True,Mon Oct 02 14:34:46 +0000 2017,@AmazonHelp The page where it semds me has no assistance on my issue. I will just delete my account completely cause I can’t be bothered for this long,351906,351908.0
575377,255385,True,Sun Dec 03 08:01:24 +0000 2017,"@AmazonHelp I was not informed specifically about who the carrier was, but I want to say it was UPS since its been the most consistent carrier for my other orders earlier in the year. I did get emails notifying me about the delays, but they never specified why they were delayed.",575375,575381.0
2868467,796610,True,Tue Nov 28 01:12:51 +0000 2017,"– rent ""Lincoln"" on prime
– wife, under the weather, falls asleep the first few nights we try to watch it
– rental expires
– wife calls @115821 and asks them to extend the rental
– THEY ACTUALLY DID IT",2868466,
606058,264044,True,Wed Nov 22 11:38:28 +0000 2017,@AmazonHelp Vi mando un DM ?,606059,606057.0
2776339,775753,True,Tue Nov 21 09:49:41 +0000 2017,@115830 Are you having logging in issues today. Had to reset password several times and still cant get in,2776338,
493460,232637,True,Fri Dec 01 17:11:58 +0000 2017,Si señor esto es servicio @9474 dicen que han venido pero llevo toda la tarde esperando...y no contestan al teléfono! @116928 igual hay que cambiar de courier...,493459,
2291430,665514,True,Sat Nov 18 08:21:22 +0000 2017,"@AmazonHelp Sent you the reply from @102949. Yet ur reps making piller to post.
Enough now. 
@115851 
@1840 
@103142 can u intervene?",2291431,2291429.0
790204,308430,True,Thu Oct 12 11:48:26 +0000 2017,@AmazonHelp @115821 thank you had an amazing customer service rep help me this morning with a broken item..easy to understand and so helpful,790203,
2061447,609672,True,Sun Oct 29 01:13:15 +0000 2017,@AmazonHelp The package was never brought to my door in the first place... and there was no note left or anything,2061445,2061449.0
1801017,541157,True,Sun Oct 29 00:22:04 +0000 2017,@AmazonHelp AMZL_US,1801016,1801018.0
965811,349198,True,Sat Oct 14 03:15:42 +0000 2017,@115850  pls share customer care number,965810,
2285673,664184,True,Thu Oct 19 20:25:26 +0000 2017,@AmazonHelp So the parcel has not arrived. Where do I go from here?!,2285675,2285671.0
2800477,781280,True,Wed Nov 22 07:32:25 +0000 2017,"@AmazonHelp Thanks it’s not a problem, it made me laugh. Saves a load of unnecessary packaging",2800479,2800476.0
1403470,446298,True,Tue Oct 17 00:55:47 +0000 2017,@AmazonHelp No flights left for booking :(,1403472,1403469.0
2018650,207339,True,Sun Nov 26 11:11:32 +0000 2017,@AmazonHelp My neighbour is my allocated collector if I'm not in and they haven't received it. It's not in any of our bins either (the usual place our deliveries go if the driver can't be bothered walking next door). No other people in my house to accept delivery.,2018653,2018649.0
2922542,798778,True,Wed Nov 29 02:06:35 +0000 2017,@AmazonHelp this doesnt help..... yesterday i asked u that i dint get any call for delivery... now on amazon app it shows that the product is delivered...... its a prepaid peoduct,2922544,2922541.0
1486919,352397,True,Fri Nov 03 04:44:40 +0000 2017,"@14045 @115850

No information about cashback on order Id 405-5491973-6941950 neither getting any way to connect
#FakeOffer","1486918,1486920",
238121,172659,True,Tue Sep 26 17:33:54 +0000 2017,@AmazonHelp I waited in the call for such a long time but none picked up. And the email has some issues I'm not able to send the email,238120,238122.0
1014698,129772,True,Sun Oct 22 18:43:25 +0000 2017,@115830 @AmazonHelp @116618 of i sign up to amazon prime on Amazon. Com will i be able to stream shows on my firestick,1014697,
1588083,488431,True,Sat Nov 04 23:00:48 +0000 2017,@9236 what e-reader can I read Yuzu textbooks on? @115821 does the kindle paper white support my yuzu textbooks? @10100 shame on you.,1588078,
2142914,630049,True,Wed Nov 08 23:37:56 +0000 2017,@AmazonHelp They were supposed to be here Monday.,2142916,2142913.0
1606268,306775,True,Tue Oct 17 11:04:14 +0000 2017,"@AmazonHelp u cn check the detail frm d detail i hve provided last time.

do u use bigdata or BI ? search d detail. I dont want 2 fill frm again &amp; again","1606269,1606270",1606267.0
2086401,616916,True,Wed Nov 08 09:46:35 +0000 2017,@AmazonHelp ありがとうございます,2086400,2086402.0
1492703,466641,True,Fri Nov 03 10:18:31 +0000 2017,"@115821 
本日、商品が届きました。
しかし、穴が空いてて問い合わせしたら翌日に発送していただけるとの事。
神対応過ぎる！
ありがとうございます((｡´･ω･)｡´_ _))ﾍﾟｺﾘ",1492701,
447277,220949,True,Thu Nov 30 19:45:54 +0000 2017,@115830 you gave me a code £10 off £50 (valid till 22nd Dec) and it's not working. Everything in my basket is sold by and fulfilled by yourselves as per the T's &amp; C's. Please advise.,447275,
1003628,355523,True,Sun Oct 22 15:16:54 +0000 2017,"@115825 Werden noch weitere Ninjago Staffeln, im Prime angeboten? Staffel 1-3 kennt leider mein Sohn schon.",1003627,
674273,280806,True,Thu Nov 23 10:28:36 +0000 2017,@AmazonHelp Sent a PM regarding the order and query. Please check.,674275,674272.0
1493750,420331,True,Fri Nov 03 10:49:12 +0000 2017,"@AmazonHelp J'ai déjà été en contact par mail, hier au téléphone. Commandes 408-6284860-6589919 et 408-6093931-0014747. Ca devient épuisant.","1493748,1493752",1493753.0
1152574,126617,True,Tue Oct 24 16:50:41 +0000 2017,@115850  Order No. 171-3098713-1137162 is not still received. Need your assistance.,"1152573,1152575",
2640901,745280,True,Fri Nov 17 22:03:08 +0000 2017,"@115830 you have taken my family members money, sent the gifts to the wrong address and then cut me off when I call to complain. Bravo. #useless  #worstcustomerserviceever #joke",2640900,
250579,175559,True,Sat Nov 25 18:23:26 +0000 2017,"@AmazonHelp Pretty disappointing that one day after delivery was supposed to happen Amazon tells me ""shipping"" is now 28th. https://t.co/A0I2ftWMsq",250581,250578.0
2722181,763723,True,Sun Nov 26 23:07:00 +0000 2017,All I want is a full refund in my account for something that I am returning (Unopened package) @AmazonHelp I've done it before &amp; the rep is just going on about giving me hard time on a Full refund. I shouldn't have to sit here for this long.,"2722180,2722182",
2192498,149952,True,Thu Nov 09 20:26:59 +0000 2017,"@115821, is there a way to easily gift a #prime membership? #AmazonPrime",2192497,
1219146,164798,True,Wed Oct 25 15:07:05 +0000 2017,"@AmazonHelp Thank JZ. Also, what does the Kids Unlimited (thingy subscription :) cost after the first free year?",1219147,1219145.0
1464272,123015,True,Thu Nov 02 19:07:12 +0000 2017,@AmazonHelp Not yet can you tell me what’s going on if I can if I can give you order number?,1464271,1464273.0
1651216,504284,True,Mon Nov 06 07:09:03 +0000 2017,@115850 I have.. From 4 Nov I am told within 24 hrs... Today is 6 yet not delivered @115850,1652474,1651215.0
229109,170635,True,Thu Oct 05 08:27:16 +0000 2017,キターーーーー！！！＼(°∀°)／さすがAmazonさん仕事が早いぜ！ https://t.co/YPD5PtYr5u,229108,
2345575,678254,True,Sun Nov 26 16:35:05 +0000 2017,@115850 when spigen is going to launch cases for OnePlus 5T?,2345573,
396017,209758,True,Tue Oct 10 03:14:19 +0000 2017,"@115850 My A/C details :

Email- __email__
Mo.- 9727581222
Pincode- 364290

You can check with this details how many times I called.","417547,417548,417549",355561.0
1239344,410702,True,Mon Nov 13 11:45:25 +0000 2017,@AmazonHelp I think I'll just take it to a PMP shop today as I'm worried it won't get back to you in time for a refund if I wait another day or so. Thanks for your help!,1239345,1239343.0
759013,301369,True,Thu Oct 12 18:02:03 +0000 2017,@AmazonHelp i did and they did nothing!,759014,759011.0
2973803,239698,True,Thu Nov 30 02:48:02 +0000 2017,@AmazonHelp UPS!,2973805,2973802.0
2598,116325,True,Tue Oct 31 19:52:08 +0000 2017,@AmazonHelp Multiple calls to call amazon call center with zero resolution and never a promised call back.,2595,2599.0
2532226,720663,True,Mon Oct 30 11:45:18 +0000 2017,@116928 queremos preguntar 3 cosas muy concretas y no queremos rellenar miles de formularios para ello.,2532225,2532227.0
2549483,724378,True,Tue Oct 31 07:08:40 +0000 2017,@AmazonHelp Have you contacted ATS for delivery. Still the status is same and not showing out for delivery. Pl. arrange to deliver immediately.,"2549484,2549485",2549481.0
1772996,532876,True,Wed Nov 08 01:22:28 +0000 2017,"Aquele momento que  consegue comprar um livro que voce quer muito em uma super promoção
@117086 https://t.co/NMIdo3H5Ni",1772995,
445599,220517,True,Tue Nov 21 15:33:03 +0000 2017,"@AmazonHelp Toujours aucune nouvelle du service client après mon mail. 0 accès à mon compte ni suivi de commande, je devais être livré auj.",445597,445600.0
962160,348311,True,Sat Oct 21 22:06:58 +0000 2017,@AmazonHelp not to mention the rude customer serve rep that i was talking to.,962158,962166.0
855953,323269,True,Fri Oct 20 15:35:35 +0000 2017,Losing my mind again. Thanks ALOT @AmazonHelp For screwing up my big brothers birthday.,855950,
566608,252847,True,Sun Dec 03 01:39:48 +0000 2017,@AmazonHelp The order was placed on Amazon.ca,566610,566607.0
51584,127577,True,Wed Nov 01 17:56:38 +0000 2017,@119625 any new movie coming ??,51582,
871086,326822,True,Sat Oct 21 06:34:52 +0000 2017,@AmazonHelp And now another order scheduled to arrive today is delayed. What's up?,871088,871084.0
339149,196976,True,Sat Oct 07 23:02:05 +0000 2017,"Today I learned Amazon doesn't know what ""Guaranteed delivery by Oct. 7"" means",339147,
465850,222099,True,Fri Dec 01 05:37:46 +0000 2017,@AmazonHelp It’s 9:35pm and not delivered yet (or even marked as out for delivery). It’s going to a locker and those are normally delivered mid afternoon here. The real problem is UPS just cannot deliver on time. Happens every time they are the carrier.,465852,465849.0
2824668,761895,True,Mon Nov 27 09:18:00 +0000 2017,@AmazonHelp This one. https://t.co/05yaBOjIhh,2824667,2824669.0
224796,169709,True,Thu Oct 05 04:59:28 +0000 2017,"@115850 @AmazonHelp 
How many times I can avail 15% cashback through amazon Pay?
Is it for only one order? Missing from T&amp;C.","224795,224797",
1858867,555809,True,Mon Oct 30 04:19:59 +0000 2017,"@AmazonHelp ありがとうございます🍀😌🍀
もう少し待ってみます。",1858868,1858866.0
1574287,455422,True,Sun Nov 05 11:08:15 +0000 2017,@AmazonHelp There is no email. Infact i have dropped around 7 mails and yet to reply. Delivery is not attempted even and false update on amazon tracking,1574288,1574286.0
145692,149047,True,Fri Nov 24 13:51:12 +0000 2017,@AmazonHelp I have contacted them.Refund initiated. Never ever going to order a product from Amazon.. because this is happening 4th time to me,145691,145693.0
2318443,672082,True,Mon Nov 13 10:34:44 +0000 2017,"Bonjour @AmazonHelp. Des soucis pour livrer en Locker ou c'est juste le mien (VOILE à Laxou) ? 
2e colis en retard en peu de temps (le 1er est arrivé avec 1 semaine de retard). https://t.co/UJ8UAOtjKr",2318441,
957552,347203,True,Sat Oct 21 18:48:23 +0000 2017,@AmazonHelp Any updates on these ? @AmazonHelp,957550,957562.0
969336,188586,True,Sat Oct 14 05:26:31 +0000 2017,There is a HUGE section of Indians who HATE bollywood movies. I hope someone at @15462 and @119625 understands that.,"969334,969340,969341",
828330,317330,True,Fri Oct 13 02:55:33 +0000 2017,I hope you don’t give me the pricing policy and reprimand the seller ans return my money! @115850 https://t.co/dmSN46Eljq,"828327,828334,828335",
1460567,458993,True,Thu Nov 02 21:07:00 +0000 2017,Gracias @126718  y @116875 https://t.co/O0oEjH2aNV,1460566,
1786157,786138,True,Mon Nov 27 06:10:16 +0000 2017,@116875 Yo no pude estar el dia de hoy para recibir mi paquete y nunca pude agregar la informacion de mi vecino @AmazonHelp @116875 https://t.co/YTGbkMbP0H,2820541,1786150.0
2685345,755212,True,Tue Oct 31 16:59:06 +0000 2017,I want to join @115821. I don't have those qualifications enough which are required. @115851  Help please,2685344,
2475956,329235,True,Wed Nov 15 14:02:06 +0000 2017,"2nd time in a row I ordered a book from @115821 says delivered, never received, gonna walk into @9236 and just buy it the old fashioned way!!",2475955,
2694121,757188,True,Wed Nov 08 13:40:05 +0000 2017,@AmazonHelp 連絡ありがとうございます！ツイートにはありませんでしたが、他にも品を購入し、発送先が台湾だったので国内での配送がヤマト運輸になるという事はありますでしょうか？明日朝届くので確認してみたいと思います。,2694123,2694120.0
1337177,431896,True,Tue Oct 31 05:40:13 +0000 2017,"@AmazonHelp No it's nt an update.Earlier thy mentiond 24-48 hrs n nw thy mentioned 3-5 biz days.Evry time I reach out 2 u, u guys wl extend resoln time.",1337179,1337176.0
1489184,465882,True,Fri Nov 03 09:39:27 +0000 2017,@AmazonHelp ok et pour le colis retourner,1489185,1489183.0
1672268,508966,True,Mon Nov 06 07:34:48 +0000 2017,"@115850 what is d use of ONE DAY DELIVERY. Already 24 hours since order, but not even shipped. CSuprt says will be delvrd tmrw ? Any rspns",1672267,
2895870,429623,True,Tue Nov 28 16:10:46 +0000 2017,"So @115821 resends a package after it ""loses"" the first (I don't think they tried). Now this package is having delivery issues too. Can't make up the failure.",2895866,
2440754,700001,True,Wed Nov 15 17:40:59 +0000 2017,"@AmazonHelp Não, o cartão está normal.","2440755,2440756",2440753.0
2383262,687015,True,Tue Nov 14 06:38:11 +0000 2017,#OutForDelivery since 3 days. When the delivery time was 20 days later. Is that the kind of service you promise @115850 #poor #CustomerExperience 🤬😡 https://t.co/1knEkbW95U,2383261,
2192595,641746,True,Thu Nov 09 19:40:50 +0000 2017,"@AmazonHelp Says it's been delivered but it ain't on my doorstep, quit playing",2192594,2192596.0
2294236,666202,True,Thu Oct 19 19:40:32 +0000 2017,@90155 I signed up for a subscription through @115821 and it will not let me log in. Who do I contact?,2294233,
350281,199332,True,Sun Oct 08 16:20:44 +0000 2017,@AmazonHelp @115850 it doesn’t matter now. You have lost faith of a loyal customer. I made 3 calls to ur cust care and this route. No one cared.,350282,350280.0
1980689,586315,True,Wed Oct 18 17:46:29 +0000 2017,@AmazonHelp can you let me know if Tracking #: Q22607183783 is going to arrive this evening? App and email says delivery guaranteed today.,1980687,
2490614,558451,True,Wed Nov 15 17:24:38 +0000 2017,Ahhh Dragon Ball Xenoverse 2 esta en oferta en @116875!!! Qué hacer!!,2490613,
1865125,557231,True,Wed Oct 18 07:51:41 +0000 2017,@115850 multiple complaints put for phone.pick-up getting rescheduled and cancelled repeatedly.pls help urgently. #OnePlus5,1865124,
348322,198928,True,Sun Oct 08 07:07:14 +0000 2017,@AmazonHelp I have filled up all the details and send across. let me know if any issues and kindly take the issue on priority.,348324,348321.0
413982,213786,True,Tue Oct 10 01:23:40 +0000 2017,Me on the phone with amazon for the 8th time this month asking why THE FUCK my package wasn’t delivered https://t.co/RTplVAMumJ,413981,
476792,228316,True,Fri Dec 01 11:20:35 +0000 2017,"@116928  a ver si dejáis de trabajar con Correos Express, que son unos inútiles y al final los envíos urgentes siempre se retrasan un par de días por la inflexibilidad de sus horarios de entrega",476791,
998179,215935,True,Sat Oct 14 12:25:18 +0000 2017,"@AmazonHelp Leider nein. Den Namen zieht Ihr Euch nicht, wenn ich ein Verkäufer-Feedback abgeben will.",998181,998178.0
1100500,379644,True,Sat Nov 25 18:12:17 +0000 2017,Nothing can describe the joy of opening a package from @115821,1100499,
2881938,799637,True,Tue Nov 28 09:14:35 +0000 2017,"Hi @115830 - how exactly does leaving a package sitting on my doorstep on a busy street for five hours constitute ""handed to resident""? https://t.co/At8fEjJ6oO",2881937,
1354491,435865,True,Fri Oct 27 19:15:14 +0000 2017,@AmazonHelp The tracking says arriving today however the date at the bottom changed to today this morning otherwise tracking hasn't changed,1354492,1354490.0
227389,170235,True,Thu Oct 05 10:59:41 +0000 2017,@AmazonHelp I called Amazon cust support. Call was done to leave a feedback that Amazon should not deal with such brands. Wasn't happy with ur team,227398,227383.0
1840595,551612,True,Wed Oct 18 06:21:15 +0000 2017,@115850 #patheticservice order didnt turn up since 16th Oct,1840593,
2689286,756092,True,Sun Nov 19 19:05:55 +0000 2017,@AmazonHelp Ya que no me deja entrar a ayuda en amazon seria asi entonces?,2689287,2689285.0
1192986,400319,True,Wed Oct 25 00:48:40 +0000 2017,I mean. I could have walked 🚶🏼to Hebron Ky to get my 📦  faster than @115821 delivery service can drive it here. Ohhh maybe they are walking https://t.co/pmISkL5FH9,1192985,
1554913,480884,True,Sat Nov 04 11:15:45 +0000 2017,"@115830 why is it I've been waiting in all morning for my parcel and get a text saying I've missed the delivery, but no one came?!?",1554912,
1383885,224491,True,Sat Oct 28 07:21:08 +0000 2017,Wtf Amazon Prime just charged me 😤😡,1383884,
280965,182948,True,Fri Oct 06 10:46:31 +0000 2017,@AmazonHelp but it's clearly not. No one has been near my house they are clearly time restricted and not bothering to come,"280963,280969",280970.0
2536355,199073,True,Thu Nov 16 08:22:36 +0000 2017,@116618 -why you trying to charge me for a show I paid for?! https://t.co/AiiyXuQTtA,2536354,
570134,253825,True,Sun Dec 03 03:14:03 +0000 2017,"Amazon tracking says my package is going to be here within the next 47 minutes, but it's not yet out for delivery.",570133,
889481,331170,True,Fri Oct 20 10:46:09 +0000 2017,"@AmazonHelp こちらこそご丁寧にありがとうございました。
返信メールお待ちしております。",889480,889482.0
180633,158465,True,Wed Oct 04 12:17:29 +0000 2017,"@116928 , qué solución dáis  cuando no cumplís  plazos de entrega de productos que repercuten directamente en el desempeño de mi trabajo?",180631,
2468621,706264,True,Tue Nov 21 13:52:02 +0000 2017,"@AmazonHelp After writing everything on Twitter and telling your customer care executive on phone. You don't even know what is the issue. This shows the level of unparalleled competence. Purchased a fan 
from Amazon in May 2017, with warranty of 1 year and it has stopped working.@115851","2468622,2468620",2468623.0
2457844,703966,True,Wed Nov 15 06:20:22 +0000 2017,"@AmazonHelp Es wurde mir zugesagt als Kopie , ich sollte sogar die Produkte noch einmal bestellen , natürlich mit erhöhtem Porto für den nächsten Tag obwohl ich der Dame gesagt habe, dass ich am nächsten Tag am Flughafen stehe und in die USA fliege. Danke nochmals 😡😡",2457845,2457843.0
1480167,463693,True,Fri Nov 03 07:22:37 +0000 2017,@AmazonHelp Wat's the point if I have to return/replace the product everytime? Why take prime if it takes 1 week for the final product to arrive?,"1480169,1480170",1480166.0
234805,171910,True,Thu Oct 05 13:13:32 +0000 2017,Amazonの箱にすかさずinするネロさん（笑） https://t.co/OuZZo3ZzrW,234804,
725285,293724,True,Wed Oct 11 02:42:07 +0000 2017,@AmazonHelp I have got my phone delivered before time and getting message that could not deliver. Are you okay #Amazon ?? https://t.co/I7o0IsKzNC,725284,
331591,194960,True,Sat Oct 07 18:26:34 +0000 2017,@120533  j'ai toujours rien  ! https://t.co/KS6hsnWx6l,331589,
571665,254309,True,Sun Dec 03 04:51:54 +0000 2017,"@AmazonHelp According to your site, and text messages I received so far: UPS. Shocker, I know.",571667,571664.0
83410,134325,True,Thu Nov 30 13:49:45 +0000 2017,@115830 Why do you not put some items into a box🙃 the people I buy presents for live at my house and now know everything they are getting 🙃 #fuming,83409,
385087,207172,True,Mon Oct 09 11:26:41 +0000 2017,il corriere di amazon ha appena trasformato questa giornata di merda in una giornata meravigliosa,385086,
2363199,682319,True,Mon Nov 13 21:46:29 +0000 2017,"@115821 carrier left my package at an unsafe location again. Complained before and was assured this was solved, well apparently not... https://t.co/BR7vizA9ek",2363197,
2307120,175571,True,Mon Nov 13 01:15:46 +0000 2017,@AmazonHelp I figured it out. It seems that I have two accounts under two different email addresses. One that I use and one that I never use and didn’t know I had,2307122,2307119.0
322916,192922,True,Mon Oct 09 09:40:46 +0000 2017,@AmazonHelp Anybody wants to say something else? I just need the email id where I can contact you. Is that too much I am asking you?,322917,322915.0
2220026,648456,True,Fri Nov 10 13:09:31 +0000 2017,"@AmazonHelp Bonjour, oui commander mardi livraisons prévu hier et toujours aucunes nouvelles du livreur #colisprive",2220025,2220027.0
425043,216145,True,Mon Nov 20 16:15:39 +0000 2017,"@amazonhelp Little worried about courier today? Was meant to have a return picked up, and a delivery. I'm assuming it'll be the same van?",425042,
1115308,383182,True,Sun Oct 15 11:42:00 +0000 2017,@115821 I don't recall signing up for a one year plan . Sort it out pls https://t.co/e3bSCDRHPF,1115307,
2804284,782190,True,Wed Nov 22 01:55:39 +0000 2017,"@119356 Serious process issues at India operations. Have sent kyc, both 2 amazon and courier company. Yet unexplained delays.",2804283,
2843670,319988,True,Mon Nov 27 17:32:04 +0000 2017,"Hi @115821 &amp; @1016 
Is there a problem with your 1-click buying platform? Keeps crashing when I try by an audio book with you",2843668,
1614541,495241,True,Sun Nov 05 12:48:10 +0000 2017,Hi @AmazonHelp is this really necessary for a single Bluray? https://t.co/ecwpjlQC6B,1614539,
729566,294738,True,Wed Oct 11 09:17:29 +0000 2017,@AmazonHelp I have already contacted and waiting for the resolution.,729568,729565.0
1197123,401282,True,Wed Oct 25 03:06:37 +0000 2017,そもそもAmazonからSMSで請求がくるのかというお話し,1197122,
2276530,531862,True,Sat Nov 11 16:44:22 +0000 2017,@116875 @AmazonHelp Hola Amazon. Deseo entrar a mi cuenta pero me piden código de activación. El problema es que me llega 2 horas después y cuando lo pongo me dice que el código no es válido ¿Como puedo arreglar eso? Gracias,2276528,
728788,294575,True,Wed Oct 11 07:56:05 +0000 2017,@115850 delivery system😭 continuous calls from delivery boys use Indian Postal service.charge Delivery boys.complaints ignoredby amazon.IN,728785,
158748,152494,True,Fri Nov 24 17:40:02 +0000 2017,@AmazonHelp is https://t.co/J02ThIrmdd down? Was looking at the Echoes but now none of your pages are loading :(,158747,
86039,134787,True,Thu Nov 30 14:15:27 +0000 2017,"@AmazonHelp All of the above. If things are not going to arrive by the guaranteed delivery date, then maybe it shouldn't be ""guaranteed"".",86036,86043.0
2863336,795363,True,Mon Nov 27 23:39:40 +0000 2017,@AmazonHelp Is there an online chat option to speak with someone?,2863335,
2471623,706871,True,Wed Nov 15 11:59:06 +0000 2017,I haven't received my order yet. And the app says the item is delivered and receipt was signed by me. The order is pre paid. What the fuck?! @115850,2471622,
284359,183728,True,Fri Oct 06 13:34:00 +0000 2017,@AmazonHelp was expecting a delivery to Paris. didn't arrive. Delivery person was rude and not user friendly. It did not arrive. What to do?,284356,
249965,175397,True,Thu Oct 05 17:56:18 +0000 2017,"@AmazonHelp Order number with Amazon 405-8054489-0893914 for Moto G 5 S plus mobile phone, DTD 22 nd Sep 2017, Customer name- Deepak Bhanot.","249966,249967",249963.0
2922537,808795,True,Wed Nov 29 02:09:35 +0000 2017,"@AmazonHelp 2/2 They blamed the carrier. Now they're saying tomorrow, and then offered me an insulting $5 for the trouble. I just want what I purchased to be in my apartment so I can use it!",2922540,2922536.0
27859,122097,True,Wed Nov 01 10:25:10 +0000 2017,@120474 what's up with the morrissey Brighton ticket link???,27856,
12552,445667,True,Sat Oct 28 16:45:47 +0000 2017,@115850 is there no customer service email? return pick up not arrived,1400657,12549.0
2349597,134315,True,Mon Nov 13 16:23:05 +0000 2017,"What the Fuck is this ??? if u cant deliver then why u mailed me Loooseer??????
@115830 @115850 @115821 @116935  bastards ur 9m is over ??? and whr is ur deliver boy ??? https://t.co/EvqK8t9npk",2349595,
317865,191857,True,Sat Oct 07 09:32:28 +0000 2017,@115850 please look into this order and refund immediately. Order # 402-6294789-9572365,"317864,317866,317867",
2474957,420286,True,Wed Nov 15 13:10:47 +0000 2017,"@AmazonHelp hi, fake email doing the rounds. Awful grammar and spelling. I've deleted it https://t.co/A9iWn7JcbN",2474956,
245893,171909,True,Fri Oct 06 04:15:00 +0000 2017,"@AmazonHelp Tell me why I need to send additional proofs of return charges when I already provided courier recipient , in which authentic stam also have",245894,245892.0
934358,341643,True,Sat Oct 21 17:27:14 +0000 2017,"@AmazonHelp Oui, on verra ce qu'il y a dans ma boîte aux lettres lundi ^^",934356,934363.0
267714,179830,True,Fri Oct 06 00:22:00 +0000 2017,"@115821 don't tease Prime members. Two day free shipping, due today now u say by Sat!! Not happy!",267713,
1320560,428334,True,Mon Oct 16 11:16:20 +0000 2017,"@115850 Have been #waiting for #refund of 699 since September 03, 2017. #Noactionatyourend. This is not expected from a player like Amazon",1320559,
2459158,263288,True,Wed Nov 15 06:20:50 +0000 2017,"An hour ago, Amazon listed an item at discounted amount if I ordered within the next TEN hours... I just checked the item's description to determine if I wanted it.. Now I only have TWO hours and 10 mins.... WHY??? @AmazonHelp",2459156,
2713163,761681,True,Mon Nov 20 03:55:56 +0000 2017,@123813 se puede ver en Roku?,2713162,
897578,333160,True,Sat Oct 21 03:32:51 +0000 2017,なうぇすとのDVDのお支払いしたいんですけど、Amazonさーん(´・ω・),897577,
1602193,491803,True,Mon Nov 06 06:07:19 +0000 2017,@AmazonHelp すみませんが、この詐欺犯に電話してしまった場合、番号って流出してしまうんですか(T-T)？,2020300,1602191.0
2385780,687596,True,Fri Oct 20 09:55:20 +0000 2017,@115850 i have be chasing for my refund for almost 10 days now. Please support. My complaint no 4__credit_card__,"2385779,2385781",
1786174,536638,True,Sun Nov 26 06:15:01 +0000 2017,Amazonさんから届いたCDのパッケージ割れてた😡😡  輸送中に割れたんだろうけど気付かずに開封しちゃったよ～腹立つ～,1786173,
499985,234422,True,Fri Dec 01 19:10:19 +0000 2017,I always forget what terrible service @127161 offers. Said package wasn’t delivered yet no-one attempted and no card was left. No way to speak to them other than web chat where no responsibility is taken for non-delivery or lies told about it. @115830,499984,
2562272,727148,True,Sun Nov 26 19:59:38 +0000 2017,"@115830 @AmazonHelp I cannot log in to amazon echo, changed password, nothing works, just get (UnknownOperationException/) can't find out how to fix it/what issue is, so please respond.",2562271,
206008,164791,True,Mon Nov 06 07:51:35 +0000 2017,"@AmazonHelp They closed my account for failure of verification of payment method, but somehow still managed to charge me for Amazon Prime",206007,206009.0
2124937,625795,True,Wed Nov 08 18:03:43 +0000 2017,So now @115821 is tell me I won't get my item until tomorrow even though it was out for delivery yesterday.  Christmas shopping won't be done there this year.,2124936,
1464192,459852,True,Sun Nov 26 01:26:14 +0000 2017,@117086 sugestão: fico muuuuito inseguro em colocar meu cartão de crédito pra fazer uma compra sem sequer saber quanto vou pagar de frete. Avancei na compra tentando descobrir o $ do frete e desisti nesse passo. Outros sites do BR permitem saber isso na página do produto 😉,1464191,
2031110,494486,True,Wed Oct 18 21:44:59 +0000 2017,"@115830 💩 service. Promised delivery since Monday, still no delivery.",2031108,
2319121,672219,True,Mon Nov 13 11:39:53 +0000 2017,@AmazonHelp did you fill in with some lead this product that it weighs 3.7 kgs ??? https://t.co/VGfZO6iuan,2319120,
394915,209579,True,Sat Nov 25 05:09:46 +0000 2017,@116313 したよはい！予約したよ！VHSでのレンタルビデオで観てから、何年待った・・・！？おっせーんだYO!!!!でもありがとう！,394914,394916.0
1627789,249658,True,Tue Oct 17 11:14:38 +0000 2017,"@115850 sucks. Ordered quantity of 2, paid price of 2piece and got only one. #fraud 
#SayNoToAmazon",1627788,
2612340,738623,True,Fri Nov 17 12:11:15 +0000 2017,"Amazon Logitics c'est vraiment une catastrophe ... @120533 @AmazonHelp 
Délais plus longs et non respectés, livreur qui ne prévient pas de son passage... C'était mieux @132988",2612338,
2960433,263586,True,Wed Nov 29 20:44:38 +0000 2017,@AmazonHelp AMZL US for a few. I'm not sure on past orders. I'd have to go back and dig into info.,2960432,2960434.0
1574296,485182,True,Sat Nov 04 14:19:52 +0000 2017,"@115821, searching on a Kindle and then tapping the Amazon tab to get shopping links fails as the links open the store app on its home page.",1574295,
2403959,281463,True,Wed Nov 15 08:53:43 +0000 2017,@AmazonHelp Super! Thanks,2403960,2403958.0
2789119,778538,True,Tue Nov 21 19:36:59 +0000 2017,"@AmazonHelp Es gestionado por Amazon Envíos y vendido por ustedes, la fecha estimada era ayer, pero nadie lo recibió. Quiero saber cuando se enviará de nuevo.",2789118,2789120.0
2291222,665476,True,Fri Oct 20 12:28:47 +0000 2017,"@AmazonHelp hi all, I still have no answer in relation to my account lock and I'm going for 36 hours. Any way to escalate the case?",2291223,2291220.0
792114,308877,True,Thu Oct 12 12:52:03 +0000 2017,"@AmazonHelp Hi there, I ordered something and I’ve been charged for it twice. Can I claim for a refund please?",792113,
1110386,382048,True,Sun Oct 15 10:15:21 +0000 2017,@115850 @115821 thank you for your lightning delivery within 24hr. ₹461 with 10% cashback . Hope this will last long over my expectation♥ https://t.co/Y7x65m4oy2,1110385,
2640954,745291,True,Fri Nov 17 21:48:47 +0000 2017,"@AmazonHelp Gracias  y si la compro ahora por los 132€ , cuando vuelva a stock y suba el precio (posiblemente) , a mi se me cobraran los 132€ no?",2640953,2640955.0
2834296,788988,True,Tue Nov 28 09:28:58 +0000 2017,@AmazonHelp It just comes up with a blank page when you click on the link.,2834303,2834294.0
814372,313952,True,Fri Oct 20 16:50:24 +0000 2017,"@AmazonHelp Danke, die haben schon geprüft. Schlechte Textbausteine, die behaupten, dass DHL ein Paket ausliefert, das sie noch nicht mal haben.",814370,814373.0
1034268,364676,True,Mon Oct 23 06:41:53 +0000 2017,@AmazonHelp Yes!,1034269,1034267.0
2087197,617119,True,Thu Oct 19 03:00:22 +0000 2017,"アマゾンから請求が来た
勇者ヨシヒコ見てたからかなw https://t.co/togCp5hZap",2087196,
1557254,481380,True,Sat Nov 04 13:01:50 +0000 2017,@AmazonHelp Après-midi et je doute que le transporteur revienne. En plus de me bloquer TOUT mon samedi depuis ce matin déjà. J'attends de voir.,1557255,1557252.0
307303,189388,True,Fri Oct 06 23:55:47 +0000 2017,Me waiting for my @115821 prime package only to find out it was never going to show up https://t.co/b7S37Lw4XE,307301,
113781,141272,True,Thu Nov 23 20:38:05 +0000 2017,"@141273 @115830 It’s a ongoing delivery issue, not a single delivery issue. 3 calls over last 3 months w them telling me they’ve sorted it - they haven’t. 6 calls today from me... no-one can a) speak English properly or b) solve the problem... Utterly pitiful... 👀",113780,113782.0
2303633,668436,True,Sun Nov 12 19:35:07 +0000 2017,@123813 OMG tienen todas las temporadas de Two and a half men con Charlie Sheen!!!!!!!!!!!!!!!!!!!!!!,2303631,
2677354,174537,True,Tue Oct 31 14:17:56 +0000 2017,@AmazonHelp @130687 Estoy con ellos. Vamos a ver si pueden ver algo. Las ultimas veces he pedido entrega en Amazon Locker pero este es demasiado grande,2677352,2677356.0
1030174,363738,True,Thu Oct 19 02:30:05 +0000 2017,@AmazonHelp Finally I got mail but still my request is under process.,1694534,1030173.0
682462,282886,True,Sat Oct 21 15:13:06 +0000 2017,@AmazonHelp The state's site,682464,682461.0
2805086,782389,True,Wed Nov 22 02:46:41 +0000 2017,"@117795 I've never used Primenow before and your code won't work with my amex primenow10 What's wrong? thanks
Want to check out NOW!LOL",2805084,
132446,145879,True,Fri Nov 24 07:55:31 +0000 2017,@115825 when cam amazon for Nintendo Switch,132445,132447.0
307918,189515,True,Sat Oct 07 00:09:37 +0000 2017,"@AmazonHelp Latest update: Monday, Oct 2
4:22 AMPackage transferred to USPS for final delivery 
Shreveport, LA
(The City I live in)",307916,307920.0
441932,219794,True,Wed Oct 11 05:26:02 +0000 2017,@115850 pathetic courier service. Should be delivered on 9th Oct.yet Not received the parcel. Falsely updated status of delivery attempted https://t.co/CBld9NchRw,"441933,441934,441931",
352556,199834,True,Sun Oct 08 15:41:42 +0000 2017,@AmazonHelp How will that suffice to solve the problems i have been facing for the past 6 months now? My money stays stuck with you for weeks.,352558,352555.0
2221939,648937,True,Mon Nov 06 11:51:39 +0000 2017,@120533 Ce dernier est indiqué comme ayant été livré le 02/11. C'est une blague??,2221938,2221940.0
108217,140021,True,Thu Nov 23 19:24:29 +0000 2017,@117086 Obrigado por colocar o Kindle em promoção,108216,
180924,158499,True,Wed Oct 04 12:39:50 +0000 2017,@AmazonHelp Preordered #FIFA18. Order wasn't delivered . Ordered it again and it got delivered before the pre order was even dispatched! https://t.co/QjLUzAfYeo,180918,180925.0
729698,294769,True,Wed Oct 11 09:22:04 +0000 2017,@115851 @115850 Amazon is taking orders during sales and don't deliver them on account of 'lost in transit'.  Extremely unfair.,729697,
133728,146143,True,Wed Nov 29 09:06:25 +0000 2017,"@AmazonHelp Werdet ihr es schaffen, mich in dem angegebenen Zeitraum anzurufen?",133729,133726.0
313267,190808,True,Sun Oct 08 12:41:57 +0000 2017,@AmazonHelp No response from your support team,313268,313266.0
2569717,728802,True,Mon Oct 30 16:20:50 +0000 2017,"sem palavras pra descrever meu amor pela @117086
comprei vários livros na sexta, a previsão era pra dia 1 e JÁ CHEGOU! ❤️",2569716,
1262925,415784,True,Mon Oct 16 07:42:39 +0000 2017,@AmazonHelp @115850 The worst customer service.. need telephonic support on 9782077700,"1262926,1262927,1262928",1262924.0
2680838,129197,True,Tue Oct 31 15:48:45 +0000 2017,Ich prangere es heftigst an das ich Thor: Ragnarok auf @116316 noch nicht vorbestellen kann!,2680837,
1474142,462202,True,Thu Nov 02 21:38:41 +0000 2017,"@AmazonHelp I haven’t checked it yet, but this is an ongoing problem with ontrac They throw our packages around and leave them by the street.","1474144,1474145",1474141.0
842323,320343,True,Fri Oct 20 13:45:17 +0000 2017,@AmazonHelp Yes merci ! Ce sont juste des pleurnicheries de clients... Merci d’avoir pris le temps de répondre à ma demande et proposer une solution ! 😊,842322,842324.0
210271,165770,True,Wed Oct 04 18:54:01 +0000 2017,"@AmazonHelp Depuis le site, section commande et retour produit. Je sélectionne la raison je rentre mon commentaire et suite à ça on me refuse le retour",210270,210272.0
2320554,672526,True,Sun Nov 26 16:35:24 +0000 2017,@AmazonHelp A parcel arrived today addressed to me but I haven’t ordered or paid for anything from Amazon! How have my name and address been used for someone else’s delivery?,2320552,
2440734,699998,True,Tue Nov 14 15:45:21 +0000 2017,"@116313 
Amazonで商品をいつも買ってる。
もう何年も前からプライム会員だが、先日来た商品は使用済みの物が届いた。
謝罪の連絡すらない。
皆さん、Amazonは所詮こんな会社です。
プライム会員をやめます。",2440732,
331628,194969,True,Sat Oct 07 18:09:56 +0000 2017,"How @115850 delivered #apieceofwood in place of #oppof3plus #fraud #scam @131023 
https://t.co/KnnZ19pu2D",331627,
2868446,782109,True,Tue Nov 28 01:04:46 +0000 2017,My favorite thing about @115821 prime is that I just buy what I need when I need it/think of it. I don't have to wait until I have an order that meets a free shipping minimum -- shipping is always free with Prime.,2868445,
1220884,406470,True,Sun Oct 29 07:09:40 +0000 2017,@AmazonHelp Still waiting for reply from your side,1220886,1220883.0
313462,182991,True,Sat Oct 07 05:12:41 +0000 2017,@115850 My prime membership expired yesterday. I have placed an order for Echo. But the extended membership is not reflecting. Pls check.,313461,
2829506,787944,True,Mon Nov 27 11:57:32 +0000 2017,"アマゾンの段ボールに入ってた輪ゴムを持ってきたから、首にかけてみた。
なんか気に入った感じ？ https://t.co/lds47cqewQ",2829505,
420240,212601,True,Tue Oct 10 06:44:24 +0000 2017,@AmazonHelp Payment method?!?! What the hell is going on Amazon?,420245,420238.0
533243,242734,True,Sat Dec 02 11:31:59 +0000 2017,"@AmazonHelp your delivery driver that was bringing my package didn't even bother to knock on my door and then claimed delivery was unsuccessful, I spoke to someone on customer services who wasn't helpful, this has really annoyed me and I will be reviewing my account with Amazon.",533242,
133833,146158,True,Fri Nov 24 07:29:33 +0000 2017,"@115850 Order # 408-5138278-8575536, product pickup for refund yesterday but still refund not initiated. Kindly assist",133832,
274053,181484,True,Fri Oct 06 05:07:50 +0000 2017,Amazonのコンビニ支払いの仕方がわからない,274051,
676900,281475,True,Thu Nov 23 05:57:23 +0000 2017,@115821 why haven’t you fulfilled Lex Luthor’s  order of a blue-ray copy of A league of their own? Amazon you have to stop doing an injustice to Lex he might start a league! #JusticeLeague,676899,
2260564,658224,True,Sat Nov 11 02:31:03 +0000 2017,I ordered a necklace with my name on it bout a month ago @115821,2260563,
973659,350903,True,Sun Oct 22 09:05:27 +0000 2017,マネーフォワードを導入。あまり現実を知りたくない派だったが、ふと毎月980円Amazonの引き落としに気づく。はっ！2月あたりにUnlimited無料トライアルでまんまと解約忘れてた汗。約1万円Amazon様に上納してたと…くそっ,973658,
752927,164816,True,Wed Oct 11 14:34:33 +0000 2017,@AmazonHelp Thank you!!,752926,752928.0
115975,141826,True,Thu Nov 23 21:25:05 +0000 2017,Have to say @115888 with @118117 and @115833 is everything I think I’d ever want from a music system 👌🏻,115974,
1744978,526196,True,Tue Nov 07 14:43:10 +0000 2017,@116316 immer wieder wird ALLES an euch zurückgeschickt und ich habe nur kuddelmuddel. das ist kein spaß mehr.,1745615,1744973.0
755113,187264,True,Wed Oct 11 18:04:06 +0000 2017,@AmazonHelp Naw. Your twitter response is 🔥but you send me to https://t.co/ZkTLK78cML to learn the confirmed delivery wasn’t actually delivered. I knew.,755115,755112.0
593417,260503,True,Fri Jul 07 20:54:07 +0000 2017,"Was very excited while signing up for @119625, but extremely disappointed at the lack of Kannada content in your video services.",593416,
622412,267735,True,Wed Nov 22 17:33:00 +0000 2017,"Alô, @117086, meu pedido está sendo encaminhado pro destinatário desde ontem, até agora não chegou nada.",622411,
670455,279930,True,Thu Nov 23 05:48:28 +0000 2017,Ma commande @120533 ça fait une semaine que j'étais supposée la recevoir.,670453,
952534,345990,True,Sat Oct 21 20:28:42 +0000 2017,@Amazonhelp another day another delivery fail. Does AMZL even have a clue how to actually deliver packages?,"952532,952537",
1016403,360481,True,Mon Oct 23 06:30:17 +0000 2017,"@AmazonHelp .@115830 poor CS. Updating status of a non delivered order for yesterday from ""Arriving today by 8PM"" to ""Now expected 22 Oct - 24 Oct"".",1016404,1016402.0
287380,184478,True,Fri Oct 06 15:16:45 +0000 2017,@AmazonHelp Contacted your support has no clue when the prdt will be delivered,287383,287379.0
134970,146419,True,Fri Nov 24 10:00:19 +0000 2017,"@AmazonHelp the correspondence didn't help, the same old reply to check with bank even though am charged by amazon. My hope relies on Avantika your chat executive now, have forwarded the required details to her on email.",134972,134969.0
1447195,455812,True,Thu Nov 02 16:31:00 +0000 2017,@AmazonHelp en Amazon España,1447196,1447194.0
1264489,416100,True,Sun Oct 29 18:58:30 +0000 2017,@AmazonHelp I have no problem please reply for my replacement stop sending default message I agree to share what I want to share go to hell,"1264491,1264492",1264486.0
1398052,445117,True,Sat Oct 28 18:34:08 +0000 2017,"@AmazonHelp It was delivered today between 8 and 7 on amazon but between 7 and 5 on DPD, really not happy, I pay for this service at the end of the day",1398054,1398050.0
1076284,373966,True,Mon Oct 23 16:42:21 +0000 2017,I did not get any call from u @AmazonHelp then i got a mesaage ur order is cancelled..plz help..@115821,"1076283,1076285",
684707,283428,True,Thu Nov 23 12:32:43 +0000 2017,@117086 Podia rolar um desconto de BF no Kindle Paperwhite 😍,684706,
673190,280572,True,Thu Nov 23 09:17:02 +0000 2017,@115833 any idea why Echo refuses to find tracks on Spotify unless I've saved them in my library?,673189,
1567431,399203,True,Sat Nov 04 16:15:31 +0000 2017,"@AmazonHelp Just says video cannot play please try again in a few mins. Been happening for a few days, other apps working! 💔",1567433,1567430.0
2672283,752407,True,Tue Oct 31 10:24:43 +0000 2017,@115850 Again another order refused by on-ground delivery agent and he's switched off his phone. Order ID 402-2800731-4148319.,"2672282,2672284",
253973,176371,True,Thu Oct 05 17:52:24 +0000 2017,How's this possible? Almost ₹17k #offer from the original price. @118702 how can u do tis but @115850 can't?🤔 #Flipkart #Amazon #lg https://t.co/6SfjzmQmOO,253971,
448763,221324,True,Thu Nov 30 20:34:01 +0000 2017,"@139241 @115821 @118706 I'm afraid, now, that Amazon logistics will be responsible for delivering other orders in the future, and screw up again and again.",448762,105242.0
120173,142678,True,Thu Nov 23 22:52:38 +0000 2017,"@116928 llamo a atención al cliente por un pedido pendiente porque no hay stock cuando resulta que si lo hay,y su solución es enviarme el link del producto..explicarmelo https://t.co/dsvpE0oWN2",120171,
349780,199227,True,Sun Oct 08 07:03:35 +0000 2017,@115850 Can u please help me in closing an Amazon account associated with my mobile number?,"349779,349781",
987006,352542,True,Sat Oct 14 07:34:45 +0000 2017,@115850 r u makng fun of me with order.Cancld @ whims&amp;fancies n top ur CC don't ack legal stuff &amp; give excuses #amazoncheating #pathetic,987004,
561620,249652,True,Sat Dec 02 23:22:26 +0000 2017,"@AmazonHelp That won't do anything. Did you forget that this happened to me, three times in a row? I left feedback, every time. They refused to change anything, and just kept sending them in inappropriate packaging.",561622,561619.0
95297,136723,True,Wed Nov 29 21:39:22 +0000 2017,@AmazonHelp Always problems with the deliveries. A delivery was supposed to be done today at 9pm and no guy came to home and the site says it's been already  delivered. Where? To whom? Nobody came home 💁,"95298,95293",95299.0
743388,138936,True,Wed Oct 11 15:10:36 +0000 2017,"@AmazonHelp I'm not actually sure. It's going to be at 632 Massachusetts ave in Cambridge, ma. If it's groceries, i'd love to be able to use it.",743387,743389.0
987448,353979,True,Sat Oct 14 11:41:33 +0000 2017,アマゾン使ってるからっておちょくってるのか？今はなんも発注してない！ https://t.co/kB3Zqmyqmk,987447,
2568079,728443,True,Mon Oct 30 15:39:06 +0000 2017,"@115821 ""Shipped"". It's odd that it's taken 3 days and still hasn't shown up, to usps facility.",2568076,2568091.0
1195811,400974,True,Wed Oct 25 01:55:57 +0000 2017,@AmazonHelp: Hi Amazon - I purchased some Merrick Dog Food and received it with a puncture hole. How do I go about returning an item?,1195809,
1654655,251630,True,Mon Nov 06 03:05:04 +0000 2017,@AmazonHelp The carrier is AMZL US. It's 21:04 and no package. Desktop site says delivered. What gives?!,1654657,1654654.0
1095957,378627,True,Sun Oct 15 06:38:57 +0000 2017,@AmazonHelp @378626 @AmazonHelp j ai exactement le même problème avec seul Firefox 56 en allant sur amazon.de et/ou .fr  SEC_ERROR_OCSP_INVALID_SIGNING_CERT,1095970,1095955.0
2219959,648445,True,Fri Nov 10 13:28:07 +0000 2017,@AmazonHelp I’ve been promised delivery by end of day twice and both times hasn’t happened. Have transcripts of live chat to prove this,2219961,2219958.0
1265208,264258,True,Mon Oct 16 05:45:52 +0000 2017,"Amazon先生
パワーレンジャーのBlu-ray注文して、コンビニ支払いをして、いまになって品がないからキャンセルって、お金はどういうふうに返してくれるんだろう？？？ https://t.co/kKo0BwMZbC",1265207,
385407,158377,True,Mon Oct 09 11:53:07 +0000 2017,@115850 How to claim the prize :) @115850 #KaroMilkeTayyari #AmazonGreatIndianFestival,385404,385414.0
320612,192391,True,Sat Oct 07 13:37:54 +0000 2017,@AmazonHelp I tried the support but it only plays IVR. My query is I have not received the book and not that I have to return it. Pls ask a human 2 call,320614,320611.0
1862476,184612,True,Wed Oct 18 07:41:13 +0000 2017,"@AmazonHelp Your executives are overloaded it seems, no proper checks done &amp; replies 
""ATSPL"" was my service provider
he replies for ""Gati"" https://t.co/9MBF4ixWJL","1862474,1862478",
1886076,562548,True,Wed Oct 18 11:51:41 +0000 2017,@AmazonHelp Yep my delivery preferences are being ignored and it is the same company each time.,1886077,1886075.0
834153,318648,True,Fri Oct 13 09:41:47 +0000 2017,@AmazonHelp what details,834154,834151.0
232910,171423,True,Thu Oct 05 12:12:58 +0000 2017,@AmazonHelp The representative thinks is that it was a wrong update and might come at some point.,232912,232909.0
1567524,213573,True,Sat Nov 04 13:49:21 +0000 2017,@AmazonHelp My husband died and you shut my account down and stole my membership money. No one will tell me why. Called twice. no response.,1567523,
1493747,466872,True,Fri Nov 03 10:47:51 +0000 2017,"@AmazonHelp Morning, I received an email today giving me early access to Stereophonics tickets just want to check it is legit before I buy?",1493744,
2735286,766577,True,Sat Nov 18 02:07:39 +0000 2017,@AmazonHelp Shipped with AMZL US,2735285,2735287.0
682996,282999,True,Thu Nov 23 11:35:19 +0000 2017,"Ya tengo el regalo de reyes,los auriculares comprados en @116928 con #BlackFriday",682994,
1562897,165089,True,Sat Nov 04 09:54:15 +0000 2017,@115830 4 orders! all prime! all delayed! ordered separately over the period of a week not all at the same time,1562894,
2919953,808166,True,Wed Nov 29 00:44:02 +0000 2017,あまぞんぷらいむすてゅーでんと無料体験版会員になりました来年？から金払うぞぉ,2919951,
481698,229491,True,Fri Dec 01 13:46:16 +0000 2017,Hey @115821 &amp; @UPSHelp You've now wasted at least 2 hours of my time screwing me over with no answers &amp; no REAL HUMANS talking to me  - quit telling me I can track package or chat when IT IS A FREAKING LIE https://t.co/OoXtlhlbgW,"481696,481701",
482363,124284,True,Fri Dec 01 13:55:05 +0000 2017,"@AmazonHelp I did, you confirmed that you talked to AmazonLogistics and you see that it did not help.",482365,482362.0
2724560,138670,True,Mon Nov 20 12:32:53 +0000 2017,@AmazonHelp Yes i've checked and no one has used my card at all as we all have our own.,2724561,2724558.0
1398444,445207,True,Sat Oct 28 15:49:44 +0000 2017,@115830 is this true? https://t.co/tYFIwzJzdd,"1398443,1398445",
350614,199419,True,Sun Oct 08 08:31:09 +0000 2017,sad to see India Amazon @115851 no longer has a book sale amongst all its other sales ...death of the world's largest bookstore !!,350612,
1464264,459866,True,Mon Oct 16 20:01:02 +0000 2017,"Si dovrebbero vietare le spedizione con #GLS, meglio le Regie Poste e Telegrafi. Capito @1811?",1464260,
989194,354361,True,Sat Oct 14 09:10:24 +0000 2017,@115850 @AmazonHelp Delivery agents always update wrong status.This time it was surprising to see that it shows that product was Rejected by me. #AmazonSucks,"990785,990786",989193.0
1132092,386764,True,Tue Oct 24 12:12:51 +0000 2017,"@AmazonHelp Hi, I had an order on amazon.de 306-1599385-9293942
I has supposedly been left by @UPSHelp in the mailbox but is actually not.","1132091,1132093",
1410353,447822,True,Wed Nov 08 08:27:25 +0000 2017,@AmazonHelp i want my order get delivered. at deal price. which i paid at the time of offer.,"1410354,1410351",1410355.0
1614204,495156,True,Sun Nov 05 12:41:35 +0000 2017,@115850 . Can you give my contact number : 9082833081 to delivery person and ask them to deliver between 1 to 8 PM. On 6th  November. https://t.co/gm4tSN7YuD,"1614203,1614205",
420647,215261,True,Tue Oct 10 07:23:39 +0000 2017,"@AmazonHelp Ah, they have different tracking numbers. Does this mean I should expect two deliveries?, and how will I know which is which?",420649,420646.0
2292027,665648,True,Sun Nov 12 13:04:02 +0000 2017,@AmazonHelp Une filiation indésirable. Par kdp ça passe.,2292029,2292026.0
590802,259748,True,Sun Dec 03 17:00:50 +0000 2017,Dear @AmazonHelp why should you guarantee a delivery date if you plan on using the god awful USPS to ship it? Use UPS or FedEx otherwise free Two Day shipping for Prime members isn't that big of a bonus.,590801,
222811,169217,True,Thu Oct 05 03:32:17 +0000 2017,@AmazonHelp 再設定が完了したすぐ後に、そのパスワードを打ち込んでも「問題が発生しました。パスワードが正しくありません」と表示されてしまいます。ブラウザを変えたり、PC、スマホの両方で試してもだめでした、、,222810,222812.0
1890605,563809,True,Sun Nov 26 08:20:24 +0000 2017,¿Cuántos repartidores de @116875 se necesitan para entregar un pedido a mi casa? Tres al parecer. https://t.co/d9JYYoFhWb,1890604,
2159288,634247,True,Thu Nov 09 03:37:16 +0000 2017,@AmazonHelp It's supposed to arrive today by 8pm and it's already 7:40pm,2159287,2159289.0
524969,241409,True,Sat Dec 02 05:15:16 +0000 2017,"アマゾンで注文して、今日届く予定やったき履歴見よったら、なんかキャンセルになっちゅうがやけど…
意味わからん…",524968,
2931932,215528,True,Wed Nov 29 09:53:25 +0000 2017,@AmazonHelp I tried but it is not working. Really disappointed with Amazon.,2931934,2931931.0
2427490,697008,True,Thu Nov 16 15:23:11 +0000 2017,@AmazonHelp Na verdade a minha reclamação é com relação ao péssimo serviço prestado pelos @47130 . A @117086 enviou dentro do prazo.,2427492,2427489.0
2725016,280239,True,Mon Nov 20 12:29:10 +0000 2017,"Hey @115830 PS4 VR + Skyrim bundle is out of stock, yet I've had the game delivered and the bundle without the game is in stock. What gives ?",2725014,
1266410,416523,True,Mon Oct 16 05:59:12 +0000 2017,@115821  You charged my card in error and the Sup (Ryan) called me a liar. Is this how you treat customers?,1266408,
314400,191057,True,Sat Nov 25 02:34:04 +0000 2017,@115850  when are you launching echo tap in India. I bought one from US and i am told it will not work in India till it's launched here with patches for India region.,314398,
1502883,468817,True,Fri Nov 03 15:11:59 +0000 2017,"Hey @115850 @AmazonHelp 
I bought the Echo Dot from US in April.. Are all functions now available in India?",1502881,
2094067,618722,True,Wed Nov 08 10:22:26 +0000 2017,"@115830 just wondered, since when has shoved under my bin outside meant delivered to resident!",2094065,
390371,208420,True,Mon Oct 09 16:51:00 +0000 2017,@AmazonHelp I thought you did read the message and was looking for some witty reply with the parcel. But you disappoint me. ☹️,390373,390370.0
1276261,385677,True,Thu Oct 26 14:55:52 +0000 2017,@115830 hey I'm due a package tomorrow that I paid next day delivery for and my tracking status is still awaiting dispatch! Help?,1276260,
2724577,764184,True,Mon Nov 20 15:44:56 +0000 2017,"@115830 Furthermore, when I requested escalating complaint further, told no managers available to speak to. Await your thoughts/comments","2731126,2731127",2724576.0
2346282,678409,True,Mon Nov 13 16:01:25 +0000 2017,".@115821, are you kidding me? You promote a 5% cash back Prime CC, and then fail to mention it's a feature you have to MANUALLY ENABLE before you make a purchase in order to actually get the 5% back. That's GARBAGE. I've spent hundreds since getting the card, with $0.00 back. 😡",2346281,
464381,224929,True,Fri Dec 01 03:26:19 +0000 2017,"Enough of I am sorry @115821, a classic trademark of perverse organizational dynamics @115821. FULL REFUND IS THE ONLY ANSWER WHEN A SELLER DELIBERATELY SENDS A DAMAGED ITEM AND ACKNOWLEDGES IT ON THE SALES SLIP. CHECK 112-28550003-9905044. SHAME https://t.co/sciqR2C6om",464379,
856992,323502,True,Fri Oct 13 13:44:13 +0000 2017,@115821 please do not take £79 from my account. I do not want prime,856990,
170944,155866,True,Fri Nov 24 22:01:34 +0000 2017,"@116928 @AmazonHelp @4496 Pueden decirme el motivo de la devolución de este paquete PQ2AKH__credit_card__G? Segun @116928 se debe a que puse ""DNI"" delante del número",170942,170946.0
1066706,371733,True,Mon Oct 23 14:56:44 +0000 2017,"Glitches in app, rude representatives and faulty products..
Is @115821 still reliable? https://t.co/a85TUkBNMw",1066704,
2063340,610244,True,Thu Oct 19 00:54:46 +0000 2017,"Hey @AmazonHelp, can you help refund my money after a registry gift I sent was dropped over an 8ft fence and destroyed by your flex driver? https://t.co/FKB77phaYy","2063338,2063342",
835519,316081,True,Fri Oct 13 10:45:32 +0000 2017,"@AmazonHelp I asked about replacement order but the rep did not want to ""inconveniance"" me with placing another order.",835520,835517.0
1651206,504283,True,Mon Nov 06 07:10:59 +0000 2017,@AmazonHelp Received a call from +911206184200 regarding opening a seller account on behalf of my company.. Then asking my bank details on watsapp,1651209,1651202.0
42473,125385,True,Wed Nov 01 19:05:44 +0000 2017,@AmazonHelp I was supposed to be credited my money back within the hour and I never got it.,42474,42471.0
1680154,510549,True,Mon Nov 06 15:17:22 +0000 2017,"@115850 amazon your delivery su*ks, my order is not yet delivered, it crossed the 3 days from delivery date, hail your rude customer care",1680153,
2712537,761546,True,Mon Nov 20 02:54:14 +0000 2017,"não vai ter promoção de kindle nessa black friday nao, @117086?",2712536,
26918,121893,True,Tue Oct 31 21:54:20 +0000 2017,"@AmazonHelp Pre ordered a book and treated myself to another book, neither have even dispatched! The order is still at will dispatch on 22nd Oct.",26917,26919.0
1116954,208981,True,Sun Oct 15 13:05:01 +0000 2017,"@AmazonHelp Okay thanx for the info, waiting for the cash back.",1116955,1116952.0
358790,200977,True,Sun Oct 08 15:50:08 +0000 2017,@115830 then to be told that you can’t even contact the driver to tell him to do his job properly? What a joke from a multi billion £ co.,358786,
445475,220499,True,Wed Nov 22 16:39:46 +0000 2017,@AmazonHelp This was never about your intention to provide Quality product but more about Faking a product and cheating the customer. Check the attached image before you provide your statutory comment. Error is different than being unethical.,445477,445474.0
2878696,798982,True,Tue Nov 28 22:42:52 +0000 2017,@AmazonHelp Do we get this option in future for Bajaj finserv no cost emi for OnePlus 5t or else will but opposite f5 in Flipkart with no cost emi @115850 @132994 @139570 @AmazonHelp,"2878697,2878698",2878695.0
1506358,469593,True,Mon Nov 20 05:47:03 +0000 2017,"@AmazonHelp I have - after going to emergency care, returning and contacting @115821 I was told to repackage the tree &amp; $15 was credited for the “inconvenience”. Being electrocuted isn’t an inconvenience, it’s potentially lethal &amp; very painful #amazonprime #xmas #christmas #primenow",1506357,1506359.0
2488963,710772,True,Sun Nov 26 19:16:54 +0000 2017,@AmazonHelp why am I unable to download audible books on my amazon prime account from my iPhone?,2488962,
2711841,556223,True,Mon Nov 20 02:16:53 +0000 2017,"Yo @115830, I've incorrectly got a package from you, address is printed wrong and missing a digit. Barcode reference is spK0234o5JP. DM me the house number and I will drop it off! The first one is free...",2711840,
1170203,261799,True,Sun Oct 15 20:12:07 +0000 2017,Help @120533 un produit était manquant dans le colis de ma dernière commande livrée et cas non prévu dans vos FAQ 🤔 je fais comment?,"1170201,1170205",
2733968,766291,True,Tue Nov 21 13:18:26 +0000 2017,@AmazonHelp I’ve had a missed delivery already. Can I set my preference for all further orders to an address?,2733969,2733967.0
676947,281485,True,Thu Nov 23 06:11:38 +0000 2017,"@AmazonHelp ""Come Together"" from Justice League...Thank you @115850  for dilverying such a good headphones and that to one day before the estimated date!",676949,676946.0
2432747,698183,True,Tue Nov 14 21:39:37 +0000 2017,"@AmazonHelp I've already tried 4times  though that link, there is no order for the charge, that's the problem. What's a number I can call someone on tomorrow? I'm in Canada.

Thank you",2432749,2432746.0
1598663,491005,True,Tue Oct 17 10:09:55 +0000 2017,"@AmazonHelp On return I get the same product,  there is no option for this kind of an exchange",1598666,1598661.0
643753,272837,True,Fri Oct 13 04:30:09 +0000 2017,"@AmazonHelp If you ever sat me to place a new order, ******** be ashamed of yourself. I am asking what is the reason behind this undeliverable status.","643754,643755,643752",643756.0
2200620,643608,True,Sun Nov 26 14:08:49 +0000 2017,@115830 can I ask why one of your delivery drivers have put a parcel through my bedroom window? Not even the correct address! #shocking #incoming #freeparcel #wrongaddress https://t.co/QT2HvuWDsg,2200619,
837142,319235,True,Fri Oct 13 09:31:03 +0000 2017,@120474 Do you do disabled tickets on Pre-sales?,837141,
799674,124092,True,Tue Nov 21 09:13:48 +0000 2017,@AmazonHelp Also. How can you track something that hasn't even been dispatched yet,799672,799676.0
413000,147603,True,Sat Nov 25 06:13:53 +0000 2017,"@AmazonHelp I actually never received a confirmation email, and I work night shift so it's hard for me to get in contact with customer service with my schedule. It was suppose to come today, but it says Tuesday now. I'm just upset because it's for my eczema and I have really bad flare ups",413001,412999.0
1379364,441127,True,Mon Oct 16 16:19:46 +0000 2017,@AmazonHelp Yeah I did but all I got in return is apologies from ur helpless support team. Every time i order something from u ppl it's da same da thing,"1379366,1379367",1379363.0
487644,231075,True,Fri Dec 01 16:16:46 +0000 2017,@AmazonHelp I meant Amazon Prime :),487647,487643.0
665483,354741,True,Mon Oct 23 16:33:46 +0000 2017,@115850 Worst and poor delivery service...,1075171,665469.0
2696128,757630,True,Tue Oct 31 18:08:45 +0000 2017,@AmazonHelp foi externo,2696130,2696127.0
2287511,664619,True,Sun Nov 12 02:37:28 +0000 2017,"@115821 same day delivery is a joke. Definitely NOT worth $99 a year, don't waste ur money. Half the time I use Prime delivery it doesn't arrive by the guaranteed time. Apparently @115821  has no idea what guaranteed means. Dont bother wasting ur money.",2287510,
1837690,550901,True,Wed Oct 18 18:03:35 +0000 2017,@AmazonHelp Your team has done enough for the fucking day.. chutiyas.,1837692,1837689.0
160329,152935,True,Fri Nov 24 18:28:36 +0000 2017,@115825 Unbedingt und ich werde der nächste Guru *oooohhhmmmmmm* 😂🤗,160327,160335.0
1664066,507175,True,Mon Nov 06 10:05:17 +0000 2017,"@AmazonHelp 返信ありがとうございます。
既にそのフォームを使い、出品者に連絡メールを送らせていただきました。",1664068,1664065.0
2938267,133889,True,Wed Nov 29 12:19:07 +0000 2017,".@AmazonHelp your SE PA same-day delivery drivers are stealing from you (and inconveniencing me). Please make it easier to re-order or cancel once the courier has stolen the package, since it is a pain to contact support every single time.",2938266,
346054,198362,True,Sun Oct 08 03:45:34 +0000 2017,@AmazonHelp Undersigned not received any mail with reason. I chossed payment option cash on delivery. Is there any logic to cancel the order.,346056,346053.0
1457298,327454,True,Thu Nov 02 21:13:52 +0000 2017,@AmazonHelp Previous one was Royal Mail. Today's is Amazon Shipping. New update since last tweet says now coming some time between tomorrow and Monday.,"1457300,1457301",1457297.0
586880,258587,True,Sun Dec 03 14:55:02 +0000 2017,@115830 No it bloody-well wasn't.  It was on the doorstep (in plain sight) when we got back home! https://t.co/IhBxbrtgkv,586879,
1245943,168685,True,Thu Oct 26 00:13:59 +0000 2017,What!? @115821 all day my delivery said today by 8pm and now says by Sunday?? Fix it.,1245941,
356679,200693,True,Tue Oct 03 14:41:39 +0000 2017,@AmazonHelp 402-7146071-0671509,356678,356680.0
350276,199332,True,Sun Oct 08 09:27:04 +0000 2017,@115850 Can you help with my wife’s Karwachauth Gift. It’s required today but the estimated delivery date is tomorrow.,"350273,350285",
2735288,766577,True,Sat Nov 18 01:40:22 +0000 2017,"@AmazonHelp Yep. They said to wait around and hopefully it'll show up in a few days. Not only is that a poor solution, it doesn't help the fact that I pay for a Prime membership every year to have expidited shipping, and was guaranteed a shipment today. Makes it hard to trust!",2735287,2735289.0
417024,183038,True,Tue Oct 10 05:02:33 +0000 2017,@AmazonHelp Already did that.. but of no use,"417025,417026",417022.0
2467608,706045,True,Sun Oct 29 21:04:17 +0000 2017,"Hey @115830 , what gives ordering an item yesterday evening to be told it would be delivered before 9pm today, and it not arrive?",2467606,
1492688,329208,True,Thu Nov 09 06:54:49 +0000 2017,@AmazonHelp  https://t.co/17Aqmoowb0,1492689,1492687.0
81248,134044,True,Thu Nov 23 11:24:45 +0000 2017,@AmazonHelp スマホからの登録は可能ですか？,81250,81247.0
1303694,424640,True,Fri Oct 27 20:08:07 +0000 2017,"@AmazonHelp After missing my order twice, re-ordering it again... it finally got to destination. But no compensation. Horrible service at full price",1303696,1303692.0
2220207,648486,True,Fri Nov 10 12:49:28 +0000 2017,@115821 why is it I cannot purchase items using my address?,2220206,
1215080,405130,True,Mon Oct 16 08:32:00 +0000 2017,"amazonまじなんなん
キャンセルしてないのにキャンセルになっとるやん！
金返せよ！ https://t.co/batmQg2xpD",1215079,
573560,254833,True,Sun Dec 03 14:11:52 +0000 2017,"@AmazonHelp Yet another order just missed the ""guaranteed"" delivery date due to USPS. Maybe show me when I check out that you'll be using USPS so I can buy it elsewhere and actually get my package on time.",573562,573559.0
417508,214620,True,Tue Oct 10 03:57:29 +0000 2017,"@AmazonHelp I'm on a FireStick. Nothing loads other than the home screen. Anything I click app or show never starts. I went over to AppleTV, no issues",417510,417507.0
777211,305548,True,Thu Oct 12 03:23:42 +0000 2017,"@115850 @123644  please arrange a call, fade up with you guys 9664655274",777209,
1869792,558457,True,Wed Nov 08 05:01:11 +0000 2017,"@115821 One of my favorite things to do is walk from apartment to apartment looking at the packages on my neighbor's doorsteps, seeing my name, then snatching it up feeling like a criminal stealing someone's mail😂",1869790,1869794.0
351336,199581,True,Sun Oct 08 19:32:27 +0000 2017,"@AmazonHelp I am pretty sure a KINDLE PAPERWHITE is an eligible order. Correct me if I am wrong, will you? @AmazonHelp - 6 days, no sight of product.",351337,351333.0
1806954,542864,True,Sat Nov 11 12:51:15 +0000 2017,"@AmazonHelp Darauf bezog sich doch schon Eure frühere Antwort, oder? Bevor wir wieder von vorn anfangen: An welche Postadresse schicke ich die Reklamation?",1806955,1806953.0
415139,213990,True,Tue Oct 10 15:43:58 +0000 2017,"@AmazonHelp I received a delay notice. a few days later when I emailed asking if there was a tracking update, I was told it would be delivered that day",415140,415137.0
2714705,762073,True,Mon Nov 20 05:09:41 +0000 2017,"@AmazonHelp No es que no aparece nada de la nfl, solo series y películas",2714706,2714704.0
526093,241725,True,Sat Dec 02 06:47:07 +0000 2017,@AmazonHelp Will two Galleons cover the rewind charge and do you accept Alien Express? The Utroms just upped my card to gold.,526091,526094.0
2211717,217205,True,Sun Nov 26 14:32:52 +0000 2017,"@115821's A-to-Z Guarantee is a F'ing Joke! Shop at @Walmart instead, at least they provide actual Customer Service. And they speak English!!!
#4WeeksStillWaitingForRefund 
#BlackFriday #BlackFridayDeals #ShitCustomerService",2211716,
918203,337986,True,Sat Oct 21 10:09:36 +0000 2017,"Worst experience with #AmazonIndia.I rescheduled my order #171-2891747-2220358,but they returned it to seller #cloudtail. Pathetic service","918202,918204,918205",
1725302,521818,True,Tue Nov 07 04:20:26 +0000 2017,@AmazonHelp: prime member. 6 packages in one month have not been delivered on time w/t 2 day window. Why am I paying for this?,1725301,
2366300,683087,True,Mon Nov 13 22:56:05 +0000 2017,@AmazonHelp I️ never received a package that says it was delivered. How do I️ fix this?,2366298,
1441437,406983,True,Fri Nov 03 07:46:52 +0000 2017,@AmazonHelp I received refund. Thanks,1441438,1441436.0
2512719,716114,True,Mon Oct 30 06:13:14 +0000 2017,"So apparently if you are prime customer, they will mark it as delivered and not deliver your product #amazonprime #amazonindia #noturfan https://t.co/hrXPLMFoy2","2512718,2512720",
993196,353030,True,Sun Oct 22 15:34:18 +0000 2017,@AmazonHelp When opening the app on Samsung TV I get the menu buy when I try to load a series all I get is the loading circle,993194,
407062,212021,True,Mon Oct 09 21:42:10 +0000 2017,Bonsoir @AmazonHelp Ou en est la livraison de ma commande N° 405-7355568-7969950 qui devait être livré Vendredi 6,407060,
350994,191924,True,Mon Oct 09 17:29:46 +0000 2017,@AmazonHelp deja fait ils m'ont certifié la livraison aujourd'hui mais rien,350995,350993.0
1736207,524187,True,Tue Nov 07 14:34:20 +0000 2017,"@AmazonHelp Siempre que sea a coste 0, claro. Por ahora no tengo previsto comprar todos los días como si fuera para navidad. Nespresso, ratón bluetooth y recortadora de barbas!",1736209,1736206.0
1261134,415441,True,Thu Oct 26 14:48:29 +0000 2017,"@AmazonHelp , potrei avere il codice download di Super Mari Odyssey visto che avete omesso la spedizione ?",1261133,
1338012,432086,True,Fri Oct 27 15:42:08 +0000 2017,"@AmazonHelp Hoy, pero aún no se ha procesado el envío",1338013,1338011.0
2909693,805553,True,Tue Nov 14 11:56:38 +0000 2017,amazon prime登録したので,2909692,
56837,128875,True,Mon Nov 06 07:14:30 +0000 2017,@AmazonHelp Only received a scripted copy&gt;pasted reply on this. 5 days ago. No actions or updates since then.,56838,56836.0
1730711,522966,True,Tue Nov 07 11:32:16 +0000 2017,@AmazonHelp wheres my vacuum cleaner ?? Still waiting .. https://t.co/J8OkZQKuT6,1730710,
180133,158389,True,Sun Oct 08 09:01:50 +0000 2017,"@AmazonHelp Any updates, issue still not resolved. What else i have to do. This is how escalation works in amazon.",180134,180132.0
2427466,697001,True,Tue Nov 14 19:54:18 +0000 2017,"@115821 the oil face wash that came in the mail today leaked! But the bottle was still sealed 🤔 not too much product loss but still, this was annoying https://t.co/XrQt4gkGD7",2427465,
197651,162489,True,Wed Oct 04 14:21:30 +0000 2017,None of my birthday packages that I ordered for myself came...not @115821 Prime and not @6614 ....I'm bummed AF and my Birthday is tomorrow,197650,
2317931,164791,True,Mon Nov 13 09:48:57 +0000 2017,@AmazonHelp I'm still waiting for my refund one week later...what's happening?,2317929,
121047,142942,True,Thu Nov 23 23:42:56 +0000 2017,@AmazonHelp Vendido y enviado por Amazon México,121049,121046.0
1762339,530263,True,Tue Nov 07 20:29:03 +0000 2017,@AmazonHelp package was meant to arrive tonight by 8pm &amp; the tracking just says “Was expected by Tuesday”.My nan spent all day in waiting(c),"1762340,1762337",
2667368,751427,True,Sun Nov 19 09:41:06 +0000 2017,Amazonで焼き物機器買ったので晩ごはんにたこ焼きやく。 https://t.co/H6WTdSnKpX,2667366,
2508057,715030,True,Wed Nov 15 21:39:09 +0000 2017,When your @115821 prime order doesn't come when it's supposed to #mailladycamealready #shedidnthavemypackage #whereisit @AmazonHelp,2508056,
934327,147125,True,Sat Oct 21 17:25:20 +0000 2017,"@AmazonHelp Der kann nix tun… das Packet kommt wohl erst Montag… 

Soviel zu Prime Kunde…
Mein Kaffee für morgen ist in dem Packet!!! 🙁",934326,934328.0
2742982,416806,True,Mon Nov 20 18:38:28 +0000 2017,@AmazonHelp  I'M SO DONE WITH AMAZON. cancelling my prime when I get home.,"2742983,2742979",
417828,214694,True,Tue Oct 10 04:18:44 +0000 2017,"@AmazonHelp I know it is and that's a fact,the last three orders I placed(__email__) there is one issue or the other. #irresponsible","417830,417831",417827.0
111733,140820,True,Sun Nov 26 18:43:24 +0000 2017,@AmazonHelp STILL NO RESPONSE FROM AMAZON! Disgusting customer service! Should be ashamed!! https://t.co/tlcWPmFjQy,111734,111732.0
30550,122722,True,Wed Nov 01 11:42:06 +0000 2017,"@115830 any chance of an update on these failed disbursements? No anouncement, every CS rep has different story.",30548,
1110799,382162,True,Tue Oct 24 01:35:50 +0000 2017,@AmazonHelp @AmazonHelp Hello?,1110797,1110800.0
174544,156921,True,Fri Nov 24 23:12:01 +0000 2017,@AmazonHelp i canceled my ordered after i got charged. And iv'e been waiting for 2 days to get my money back. The item didn't get shipped,"174546,174542",
455518,223126,True,Thu Nov 30 23:16:05 +0000 2017,"Donc je viens de me rendre compte que Amazon me livre un truc, je suis pas chez moi et je viens de voir que le livreur a déposé le colis en plein milieux du jardin dans l'herbe mouillée. Pas mal comme système @AmazonHelp","455519,455517,455520",
1642721,502127,True,Mon Nov 06 00:38:07 +0000 2017,@AmazonHelp  https://t.co/74msMiTvRD,1642724,1642719.0
2606149,737120,True,Mon Oct 30 20:43:54 +0000 2017,@AmazonHelp Should I DM you the details?,2606148,2606150.0
1223511,242928,True,Thu Nov 16 16:10:01 +0000 2017,@AmazonHelp Voici le suivie. Le SAV de Amazon m'indique qu'il ne peuvent rien faire. Mais clairement la il y'a un problème avec mon abonnement Amazon Prime le délai n'est pas respecter. https://t.co/J1F6K4kWnS,1223512,1223510.0
207758,165136,True,Wed Oct 04 16:38:03 +0000 2017,@AmazonHelp Thx for response! I can't get my product out of draft mode and there are no red/highlighted fields to fill out even though it says there are,207757,207759.0
1373702,439730,True,Sat Oct 28 00:19:08 +0000 2017,@115821 your Logistics delivery service is absolute SHIT! 7/10 never arrive when they’re supposed to. I. prefer a USPS or UPS option!,1373701,
2241910,653637,True,Fri Nov 10 20:28:58 +0000 2017,@AmazonHelp 7th november I was place order and till date I didn't receive my courier  actually I am prime member and your 1day and two day delivery service is totally worst,2241913,2241908.0
1724674,521648,True,Tue Oct 17 19:00:50 +0000 2017,@AmazonHelp It was amazon.ca,1724676,1724673.0
293781,185992,True,Fri Oct 06 17:06:25 +0000 2017,Apparently hermes attempted delivery of my @115830 parcel today..someone was in all day and they didn't leave an attempted delivery note 😒,293779,
1562339,481786,True,Tue Oct 17 04:37:35 +0000 2017,@AmazonHelp Yeah on the phone with a new operator and he said it’s delivered but I’m at my house with no package... what kind of bs?,1562338,1562340.0
1125052,385283,True,Sat Nov 25 23:16:28 +0000 2017,@AmazonHelp submitted book to @14835 on 11/16  - still on available on amazon.,1125054,1125051.0
367919,203161,True,Sun Oct 08 21:14:27 +0000 2017,Hi @AmazonHelp why I don’t have access to Kindle Unlimited?,367917,
320622,192392,True,Sat Sep 30 15:43:08 +0000 2017,@119625 why do your subtitles come far too ahead of the scene? Kills the experience!,320621,
761851,302022,True,Wed Oct 11 21:21:54 +0000 2017,"@AmazonHelp Ya lo he hecho y me ha dicho lo del primer tuit, que se lo mande por mi cuenta y que ya veremos si es de garantía y si no lo pago yo.","761852,761853",761850.0
2927129,809839,True,Wed Nov 29 04:13:22 +0000 2017,Amazonから支払い番号が送られてこなーい,2927128,
999164,148568,True,Sun Oct 22 17:43:00 +0000 2017,@AmazonHelp @115821 why?,999165,999161.0
1691952,513574,True,Mon Nov 06 21:39:49 +0000 2017,@AmazonHelp But still no dispatch,1691954,1691949.0
2773021,775057,True,Tue Nov 21 14:25:23 +0000 2017,@AmazonHelp I tried the same but the recorded message is not connecting me to the agent. 1 query abt order 2 query any cancellations. That's all I want to ask about pay balance . There is no option to connect to agent for this purpose,"2773023,2773024",2773020.0
709044,192340,True,Tue Oct 10 20:25:42 +0000 2017,@AmazonHelp hi I just received an order from you and it’s arrived damaged :(,709043,
1324522,429078,True,Fri Oct 27 10:49:41 +0000 2017,@120533 et @3628 c'est vraiment les meilleurs services clients 👌,1324521,
1735297,523984,True,Tue Nov 07 13:36:19 +0000 2017,When @115830 ask for packaging feedback.....! https://t.co/PProKlreFZ,1735296,
9788,117792,True,Tue Oct 31 23:39:31 +0000 2017,@115833 please teach Alexa slang. I've been trying to play Momentz by gorillaz for the last 30 minutes.,9787,
1557312,272829,True,Tue Oct 17 03:16:46 +0000 2017,"Dear @115850 @36688 
If this is your so called return policy, you deserve nothing but scorn.
You're not getting the TV or the money now https://t.co/LrqfNfsnfn","1557311,1557313",
515254,238680,True,Sat Dec 02 00:41:42 +0000 2017,Two different @115821 deliveries supposed to arrive today. Two different carriers. Both of them delayed. Lame. @AmazonHelp,515253,
538556,244859,True,Sat Dec 02 14:19:52 +0000 2017,"@115821 Is anyone else having problems with #prime?
I pay for two days.... and lately my orders are getting here at three or four days. Why am I paying for two day shipping and not getting it?",538554,
341573,170037,True,Sat Oct 28 07:33:16 +0000 2017,@AmazonHelp When is the prime music coming to India?,"341572,341574",341575.0
787125,307763,True,Thu Oct 12 09:57:18 +0000 2017,@AmazonHelp my account has been locked pending verification of my CC. I have sent the required fax 3 times. what more do you want? @115821,"787124,787126",
1131347,386610,True,Tue Oct 24 11:50:45 +0000 2017,Amazon bar めっちゃ行きたい,1131346,
1649639,503896,True,Sun Nov 05 22:56:25 +0000 2017,"@AmazonHelp 
Kindly check your dm neeed help",1649638,
2151066,632173,True,Thu Nov 09 01:11:24 +0000 2017,@AmazonHelp Did that.. thanks.,2151065,2151067.0
1480565,463799,True,Mon Oct 16 21:22:04 +0000 2017,"@115821 Oh, so it turns out that someone calls me before they try to deliver my package and if I don’t answer, it is not delivered.",1484070,1480564.0
827090,317017,True,Fri Oct 13 01:48:39 +0000 2017,.@AmazonHelp it's past 8 my dude https://t.co/eJKihEOBLE,827088,
1663557,507071,True,Mon Nov 06 10:01:10 +0000 2017,@AmazonHelp Pointless i cancelled them now go elsewhere to get them prime is becoming a bit of a joke,1663559,1663556.0
605067,243944,True,Wed Nov 22 11:06:17 +0000 2017,@AmazonHelp I just keep getting told to wait 4-6 weeks for a refund. You really need to sort your company out. Let’s start with dumping @126705 as your returns courier and use @122232 instead also let’s use them for deliveries too instead of your own logistics!,605068,605066.0
495918,233286,True,Fri Dec 01 18:22:09 +0000 2017,"@AmazonHelp Sure! Two items in a pack arrived broken (see pics). CS chat refuses to assist with any sort of partial refund or other help. Have gone through THREE different CS agents now, ridiculous!",495920,495917.0
2843794,683093,True,Mon Nov 27 17:02:40 +0000 2017,@115821 every time I try and log in I get this screen. Please note this is not the incorrect password screen. https://t.co/FoKwPUvHBh,2843792,
777235,305549,True,Thu Oct 12 03:53:05 +0000 2017,@AmazonHelp ご返信ありがとうございます(^^),777237,777234.0
47916,126716,True,Wed Nov 01 17:12:24 +0000 2017,"@AmazonHelp i will look,where do i go to see if it's being sent USPS or UPS/FEDEX? I have Prime so it's delivered to my door!",47918,47915.0
2288840,664962,True,Sun Nov 12 03:38:21 +0000 2017,All week i was looking forward to one simple thing: the season finale of Nathan For You. Then for some reason it doesn't show up on @116618. All i want to do is watch the show I already paid for after a hard week. Is that too much to ask for Amazon and @6734 ?,2288837,
363335,202082,True,Sun Oct 08 19:07:45 +0000 2017,"@AmazonHelp But isn't that cheating / fraud to customers, as most of us don't cross check due to the Amazon brand...",363337,363334.0
1773799,533100,True,Tue Oct 17 22:32:30 +0000 2017,@AmazonHelp They said that they would forward the information to the “account specialist” and that I’d be contacted within 48 hours.,1773798,1773800.0
1047176,367516,True,Mon Oct 23 10:58:23 +0000 2017,"Hey @115850 wanted to know if I buy a regular gift voucher as a gift it can used on Kindle as well, or do need to get a Kindle voucher",1047175,
1466004,460272,True,Thu Nov 02 19:22:01 +0000 2017,@115821 prime . Does anyone else get p****d off with Amazon prime? 2nd time they have started contacting me about account I don't want,1466002,
1083877,375674,True,Mon Oct 23 17:54:27 +0000 2017,"@AmazonHelp I want same product with same price.
If it got damaged before reaching to me why I pay more for that.
First u say I cancelled and now damage","1083878,1083879,1083880",1083876.0
1761367,530052,True,Tue Nov 07 20:24:58 +0000 2017,@AmazonHelp Please provide an email or another means to air our grievances directly with Amazon - ty,1761369,1761366.0
111778,140408,True,Thu Nov 23 20:28:43 +0000 2017,"No, I have not received any email from your account specialist, or anyone else, and I didn’t received a called back either. I am appalled by the response of @115821 to the hacking of my credit card https://t.co/K5EgoaCdRk",111776,
989832,354478,True,Sat Nov 25 10:16:51 +0000 2017,"Although Amazon does big chunk of business in Karnataka, still doesn't  include Kannada Books and Kannada movies on Amazon Prime. Why? We have Tamil, Telugu but no Kannada.#kannadalivesmatter , @119625 #Siddaramaiah @118919 #KannadaSahityaSammelana @43802",989830,
919410,338251,True,Fri Oct 20 02:15:01 +0000 2017,@AmazonHelp I am surely going to raise a complaint in consumer court. You Ruined my Diwali. This is how you solve issue?by running from it. https://t.co/ZEovdRVhzQ,"919409,919411",919412.0
2124935,625794,True,Wed Nov 08 18:04:16 +0000 2017,.@AmazonHelp Your chat customer service is really amazing. Just had another fabulous interaction with your team &amp; I couldn't be happier. It's like talking to a real human w/ a personality. So refreshing. Thank you @115821!,2124934,
1107864,381480,True,Sun Oct 15 09:28:47 +0000 2017,"Salut @120533, c'est quand que vous acceptez les BitCoin, ou en tout cas les crypto monnaies en moyen de paiement ? :)",1107862,
1100545,379652,True,Sat Nov 25 17:52:20 +0000 2017,@119625 why you are not uploading Mr. Robot Season 3 on prime video ?,1100544,
849802,321925,True,Fri Oct 20 14:57:11 +0000 2017,@128932 @115821 I agree! Some of my orders lately are taking 4 or 5 days even though they are marked as prime items,849801,849803.0
2420200,695237,True,Sun Oct 29 12:45:21 +0000 2017,@AmazonHelp  Bonjour la TVA de 8€ sur une commande c est enorme !! J ai 📱on m a dit on me rembourse si j ai un N°de TVA donc c est du vol,"2420201,2420199",
2670760,752099,True,Sun Nov 19 11:47:31 +0000 2017,@118919 I can't believe that this company which consider itself genuine and customer's friendly company had innovated a new way kf cheating it's customers,2670758,
1013038,340721,True,Sun Oct 22 19:14:32 +0000 2017,@AmazonHelp Same blame game.i did needful from my side .pleaseeeeee check you mail before reply such things.,1013039,1013037.0
782715,306842,True,Mon Oct 30 02:26:13 +0000 2017,"@AmazonHelp ありがとうございます。
そちらへは先にもう連絡させていただいたのですが返信に2営業日かかるということで、さすがに待てないと困り果てているわけです…色々と丁寧に対応して貰ったのにすみません…","782716,782717",782714.0
2841739,249442,True,Mon Nov 27 19:06:46 +0000 2017,@AmazonHelp All the options were met and the timeline was given by you guys at the time of placing the order.... If that's not the case then change the process and clearly mention that order cannot be placed or don't provide false timeline for delivery #Chutiyakata,2841741,2841738.0
1451467,126970,True,Thu Nov 02 18:00:13 +0000 2017,"@AmazonHelp Beschwerde wurde wohl weitergeleitet. Außerdem Info, wo ich das Paket abholen kann. Kostet nur leider Zeit und Nerven",1451468,1451466.0
1688710,512765,True,Sat Nov 25 13:37:03 +0000 2017,"Ordered products on @115830 on Black Friday and it's already been delivered, give yourself a pat on the back, AMAZING SERVICE",1688709,
2636810,742147,True,Fri Nov 17 20:21:42 +0000 2017,"@AmazonHelp Non mais c'est surtout le fait de dire que je n'étais pas présent, alors qu'il n'a pas ""Appelé"" ou même laissé d'avis de passage ! Logique ?",2636808,2636811.0
1546664,478937,True,Sat Nov 04 09:38:39 +0000 2017,@AmazonHelp The manager hasn't returned my call ! This is really the absolute limit,1546665,1546663.0
195252,150767,True,Wed Oct 04 18:50:27 +0000 2017,@AmazonHelp Hab mir den Film vorhin am Handy (Apple iPhone 6s plus) und Tablet PC (Apple iPad) angeschaut.,195254,195251.0
1264465,416100,True,Thu Oct 26 14:02:19 +0000 2017,@AmazonHelp share with your concern members and get it done I dnt want to fill any more forms now,1264466,1264464.0
643688,272829,True,Fri Oct 13 05:26:52 +0000 2017,@115850 @36688 Amazon does not even give me a return option! It is as good as forcing people to be stuck with rubbish!,"643778,643777",643687.0
801029,310879,True,Thu Oct 12 15:38:16 +0000 2017,"@115821 @AmazonHelp @115830 Hello, where could I find job listings for your new depot? https://t.co/qUf8KoxDW9","801028,801030",
724241,293453,True,Wed Oct 11 13:13:07 +0000 2017,@AmazonHelp Package is here 🤗,724242,724240.0
537509,244592,True,Sat Dec 02 13:37:46 +0000 2017,#Amazon this is a screen shot from Fire HD TAB. @AmazonHelp can you guys look into this ? https://t.co/UvcrQeruq0,537507,
2452138,219484,True,Sun Oct 29 17:22:09 +0000 2017,kudos to service @AmazonHelp @115850 provide.as per ur say i already got 4 rescheduling from link u provided for support and return ..n1,"2452137,2452139",
2162445,634953,True,Fri Oct 20 13:13:36 +0000 2017,@AmazonHelp Is anyone there? Considering someone else's card details have ended up on my account but we've never shared a computer you may want to reply,2162446,2162444.0
2921440,119629,True,Wed Nov 29 08:50:53 +0000 2017,@AmazonHelp The promotion that was going on last week 'get cash back when using pay balance to buy items from Amazon' .,2921442,2921439.0
294328,186088,True,Fri Oct 06 17:21:09 +0000 2017,@115850 A defective 25 ltr microwave oven Morphy Richards was supplied to me why return of product is not collected despite of repeated requests https://t.co/zEcZSV37qE,"294327,294329,294330",294331.0
1313383,426781,True,Fri Oct 27 06:47:58 +0000 2017,@AmazonHelp i bought 1 mobile from @115850 on 14th Oct 17 i am eligible for cashback  agent escalated issue to team but still not received,"1313382,1313384",
234174,171760,True,Thu Oct 05 14:32:05 +0000 2017,"@AmazonHelp There's no reply button. The resolution pending because I haven't replied? Are u kidding me, @115851?",234176,234172.0
2528290,580978,True,Thu Nov 16 05:20:44 +0000 2017,"Nah, it's cool @115821. I didn't want my item within Prime 2-day Delivery. :( https://t.co/5mOmmv1Ej1",2528288,
836885,319189,True,Sat Oct 14 17:24:04 +0000 2017,@AmazonHelp I did it yesterday itself.,836886,836883.0
993225,355294,True,Sun Oct 22 15:36:55 +0000 2017,"@115850 I have done this earlier but no resolution provided.

You are cheating 2 customer only nothing other than.","993224,993226",993227.0
2148132,631388,True,Thu Oct 19 09:56:56 +0000 2017,@120533 @115821 Se moment ou tu paye 10€ de supplément pour que ton colis arrive dans les 24h ; 48h plus tard toujours pas de colis. #thx https://t.co/V2JrNGESfa,2148129,
260378,177959,True,Thu Oct 05 21:16:37 +0000 2017,@AmazonHelp Très bien je vais ller voir ça. Merci à vous,260380,260377.0
1305178,424983,True,Fri Oct 27 01:59:37 +0000 2017,"Hey @115821, why do I not have actual 2 free two shipping as an option? Tell me again why I pay that prime membership fee? https://t.co/vZ51Uq7aet",1305176,
2305048,668785,True,Sun Nov 12 20:13:17 +0000 2017,"Buenas @AmazonHelp, que está pasando con los envíos de paquetes A Canarias con Correos?
Parece una incidencia masiva de devoluciones",2305046,
402236,211140,True,Mon Oct 09 20:02:23 +0000 2017,@116928 Sigo sin recibir mi pedido.,402234,
274866,181666,True,Fri Oct 06 06:19:42 +0000 2017,Amigxs compré algo en @116875 que no necesitaba y ahora no sé cómo cancelar el pedido 😭,"274864,274867",
1007546,285229,True,Sat Oct 14 14:06:40 +0000 2017,"@AmazonHelp @AmazonHelp @115850 
Is the answer to that 24 or 48 hrs ? 
#24hrsCrap #Nonsense #Crap #48hrsCrap",1007547,1007545.0
318258,191938,True,Sat Oct 07 09:55:55 +0000 2017,10月6日に届くはずのＡｍａｚｏｎ商品が届かないorz,318256,
1071099,372756,True,Sat Oct 14 23:32:29 +0000 2017,Had to re-register my tv on @115821 tonight &amp; it's still not working. Hmmm,1071097,
404044,211635,True,Mon Oct 09 20:57:42 +0000 2017,@AmazonHelp Yes it was,404046,404043.0
2894662,802205,True,Tue Nov 28 15:43:22 +0000 2017,"@117086 Sabe, sempre me surpreendo positivamente com a @117086. Vocês realmente têm um serviço EXCELENTE. &lt;3",2894661,2894663.0
1037165,365356,True,Sat Nov 25 11:22:04 +0000 2017,"@115830 this is just great...day 2 waiting for GUARANTEED next day deliver and still nothing...6 calls later and still all I get ""WE CAN'T DO ANYTHING"" what kind of customer service is that. Keep being ASSURED that my order is priority but it clearly isn't!!! 😡",1037162,
349250,199092,True,Sun Oct 08 08:21:09 +0000 2017,"@AmazonHelp --the order, second on the 7th when order status changed from ""preparing for shipment"" to ""shipping now"".",349251,349249.0
1177652,396984,True,Sat Nov 25 11:52:06 +0000 2017,"Comprei meu Kindle ontem. Chegou hoje. Eu tô muito chocada, parabéns @117086 👏🏼👏🏼",1177651,
444247,220244,True,Wed Nov 22 09:37:24 +0000 2017,@AmazonHelp No I have a addiction to buying things.,444245,444249.0
2735505,766624,True,Sun Nov 26 23:49:44 +0000 2017,"comprar é muito bom, mas vocês já contaram com a eficiência de envio da @117086???? nossa, é amor que não se mede!",2735504,
2562264,727144,True,Sun Nov 26 20:25:14 +0000 2017,It’s gotten to the point that I’m considering cancelling Amazon Prime due to their shitty “AMZL” shipping service. I see that as the shipper and it’s an automatic cancellation and re-order from someone else,2562263,
307913,189514,True,Sat Oct 07 00:15:02 +0000 2017,@AmazonHelp a amazon prime member..I am signed up for twitch prime and I have not got my legends past 2 weeks ..twitch won't help me,307911,
1078636,374444,True,Tue Oct 31 12:46:39 +0000 2017,"@AmazonHelp Je ne sais vraiment pas, mais je peux vous donner le numéro du suivi de colis",1078635,1078637.0
437297,218856,True,Tue Oct 10 17:37:23 +0000 2017,"@AmazonHelp Si, se supone que llegaba hoy. Todo el día esperando en casa estoy.",437295,437306.0
2600237,463720,True,Fri Nov 17 06:27:50 +0000 2017,@AmazonHelp So much for a guaranteed ship date 🙄 really needed it today :/ https://t.co/Ra9dOzzdb5,2600236,
2360489,681665,True,Mon Nov 13 20:15:25 +0000 2017,"@AmazonHelp  My package was not delivered, but received notice that it was.  Please advise.,",2360488,
42573,125405,True,Wed Nov 01 15:43:15 +0000 2017,"Trying to cancel an order on @115821 but the website and app page come up blank when I hit ""cancel order"" @AmazonHelp",42572,
197683,169229,True,Wed Oct 04 15:27:32 +0000 2017,@115850 Pls answer me,222890,197677.0
2162422,634951,True,Thu Oct 19 11:31:23 +0000 2017,"Sagt mal @116316, wieso kann ich eigentlich extra angeben, dass alles zusammen verschickt werden soll, wenn es dann doch aufgeteilt wird?",2162420,
23198,121051,True,Wed Nov 01 08:39:03 +0000 2017,"@115850 Order number 407-2412845-1630730, how to change shipping address?","23197,23199,23200",
1730754,522975,True,Tue Nov 07 11:50:11 +0000 2017,@AmazonHelp But it will affect ur brand name...so u should have such a team who can check the real price of the product.,1730756,1730753.0
1252552,327482,True,Thu Oct 26 06:20:49 +0000 2017,"@AmazonHelp I am not getting an error. It doesn't say anything. The stars show up, but the comment box does not. https://t.co/LL3wJM5hi7",1252553,1252551.0
2940325,812640,True,Wed Nov 29 12:51:47 +0000 2017,"hello, @115850 why the delivery guy was asking my mom for the #adhar number? I ordered that gift and paid online.  What is it now?  Are you playing with your customers?",2940324,
529023,242498,True,Sat Dec 02 09:10:59 +0000 2017,Amazonプライムに気づいたら入ってたからなんか観たい気もする,529022,
1673695,509281,True,Mon Nov 06 16:04:42 +0000 2017,"@AmazonHelp There is no personal information, it's ok with me
Because you guys are pissing me off for my each purchase",1673694,1673696.0
2265499,435768,True,Sat Nov 11 05:13:26 +0000 2017,Dear @115850 please cancel these orders and initiate refund asap. As #BlueDart is worst in my town. They just... https://t.co/h5jvdui0LI,2265498,
1036542,365201,True,Mon Oct 23 01:37:13 +0000 2017,@115850 Still not received the refund of 499 for fire tv stick from you after 1 month of buy. Help needed !!!,1036541,
2117750,532556,True,Wed Nov 08 14:20:02 +0000 2017,Il va falloir commencer z envoyer mon colis la @120533 https://t.co/I9zmubBgwJ,2117748,
1912675,569728,True,Wed Oct 18 14:08:36 +0000 2017,"@AmazonHelp hi I have used the vacuum bags I ordered in July but 2 of the 5 do not work, there appears to be a whole in them",1912674,
946575,203264,True,Sat Oct 21 19:13:07 +0000 2017,@115821 prime how come you take money for prime on time but you can’t deliver my packages in two days as you claim,"946574,946576",
859661,324108,True,Fri Oct 13 13:55:01 +0000 2017,"Hey @115850 IF YOUR DELIVERY PEOPLE CAN NEVER CARRY CHANGE, PLEASE REMOVE THE COD OPTION.","859659,859671",
971834,350543,True,Sat Oct 14 05:57:33 +0000 2017,@115850 your delivery &amp; exchange process experience is terrible. Its been almost 2 days but order yet to be delivered.,971832,
1522543,473131,True,Fri Nov 03 21:09:40 +0000 2017,@AmazonHelp That’s ok for this time. Next time I order multiple items I can select all at once?,1522541,1522544.0
2810287,783723,True,Wed Nov 22 06:54:26 +0000 2017,@AmazonHelp 卒論がやばいんです！卒論が捗る快適なルームチェアとグッズください！w,2810289,2810286.0
1516126,471760,True,Sun Oct 22 06:52:48 +0000 2017,@AmazonHelp ありがとうございます。,1516125,1516127.0
972621,350706,True,Sat Oct 14 06:49:06 +0000 2017,"@AmazonHelp Not only am I not getting my Air Purifier on Sunday (when I needed it), I now have this crap to deal with. Thanks for that, BTW.",972625,972620.0
354670,200299,True,Tue Oct 31 01:26:54 +0000 2017,@AmazonHelp https://t.co/w1RzHDFRNR @115821,354668,354672.0
167895,150316,True,Fri Nov 24 21:17:36 +0000 2017,"@AmazonHelp Okay! 
Because it says the sale starts from 28th night
Thank you anyways! 
Wish I can just win the phone over Amazon",167896,167894.0
929628,340560,True,Fri Oct 13 18:35:38 +0000 2017,Bought a nokia 6 from amazon I found seal of the product open and dosent found it appropriate &amp; not able to return @115850 @AmazonHelp,929627,
512455,237854,True,Fri Dec 01 23:08:22 +0000 2017,@AmazonHelp How can Amazon give me old batteries with a new Fire Stick? #poorcustomerservice,512453,
20434,120467,True,Wed Nov 01 06:58:57 +0000 2017,"@115850 Want to try Amazon Echo Dot, have requested an invite. Invite bhej do yaar!!",20432,
652110,140395,True,Thu Nov 23 07:32:52 +0000 2017,@AmazonHelp No I didn’t. I have just sent an email through right now.,652111,652109.0
1676638,204455,True,Fri Oct 20 12:19:44 +0000 2017,"@AmazonHelp Every one is working on it but no response from your side, just apologies",1676639,1676637.0
1129293,386190,True,Tue Oct 24 11:48:51 +0000 2017,"@AmazonHelp Contacted support. Was told that I need to call AmznLogistics. Asked for refund so I can purchase elsewhere. Yes, CONSTANT probs w/ carrier",1129295,1129292.0
2934494,811390,True,Wed Nov 29 09:45:30 +0000 2017,"@115850 @AmazonHelp 
Ordered a product on 8 Nov, recieved worst quality product returned on 16 Nov till now didn’t got my refund back
Total waste of time and money
Order Id - 403-9475540-1940353
#DisappointedByAmazon",2934492,
2463090,653691,True,Wed Nov 15 09:14:37 +0000 2017,"@AmazonHelp Nope, everything just had that general message. It has now changed to Out for Delivery so hopefully all will be well. You’ve added a new much needed timescale feature (arriving 1015-1415), great idea and should be useful! Will test accuracy later! :)",2463092,2463088.0
152019,150737,True,Fri Nov 24 16:03:56 +0000 2017,"@115830 seriously? I bought a tiny pack of batteries the pack is literally 5mm thick, and you sent it in a huge box! This meant it couldn’t be put through my door, and my neighbours got woken up last night as I wasn’t in! Please use appropriate packaging for items!!!!! https://t.co/9sCMmSlfJl",152018,
326707,193843,True,Sun Oct 08 00:59:24 +0000 2017,@AmazonHelp what will contact me..i am taking follow-up for My order..if you need I can share the chat conversation and call recording..,326708,326706.0
64016,130699,True,Thu Nov 30 08:12:57 +0000 2017,@AmazonHelp J'ai commandée le 20/11 et on m'avais dit entre le 29/11 et le 15/12. Sauf que là dans le suivi de colis on me dit que je vais le recevoir le 15/12 ..,64014,64021.0
746731,201000,True,Wed Oct 11 16:50:48 +0000 2017,@AmazonHelp I’m not calling someone. It’s 2017.  Lol. Officially moved on. Thanks though!,746730,746732.0
851629,322301,True,Fri Oct 20 15:35:45 +0000 2017,@AmazonHelp i tried that but it won't let me choose the option that my products haven't arrived. Can you help cancel the order or get me a refund pls?,851631,851628.0
1276243,418466,True,Thu Oct 26 15:48:03 +0000 2017,@AmazonHelp But i get an email to say it's successfully updated then try to log in and it says it is incorrect. How do I get my access back?,1276242,1276244.0
2627648,742151,True,Fri Nov 17 16:51:26 +0000 2017,"@AmazonHelp paid via amazon pay to faasos
and was assured 50% cashback
the cashback is not yet credited into my wallet",2627647,2627649.0
2831657,788411,True,Mon Nov 27 13:20:05 +0000 2017,@AmazonHelp Can we do this over DM?,2831656,2831658.0
824087,316302,True,Thu Oct 12 23:59:11 +0000 2017,hey @AmazonHelp one of your chat support reps said he would add $5 to my account bc the MUSIC5 promo didn’t work and i never got the credit,824085,
2935093,295030,True,Wed Nov 29 13:56:18 +0000 2017,"@AmazonHelp Seems unlikely considering it's still not dispatched, and as the delivery dates have now mysteriously changed to 'Nov 29 - 1 Dec'... and another Amazon Shipping delivery arrived today.",2935095,2935092.0
1494727,122224,True,Fri Nov 03 11:18:42 +0000 2017,Love not getting something on time because @115830's guaranteed release day delivery is an absolute lie. Won't let me cancel it either!,1494725,
2341965,677422,True,Mon Nov 13 15:20:53 +0000 2017,"@AmazonHelp Hola, aún no, nunca he tenido problema, la priemera vez mi tarjeta no tenía el saldo suficiente pero actualicé y esta si lo tiene pero me notifica lo mismo",2341967,2341964.0
2523323,202088,True,Thu Nov 16 02:36:51 +0000 2017,@AmazonHelp having trouble ordering superfeet green insoles. App adds wrong size to cart. Can’t order correct size on web.,2523321,
1702172,346861,True,Mon Nov 06 21:30:20 +0000 2017,Hey @115821... I'm really sick and tired of my Amazon Prime 2-day packages arriving on day 3 because of the damn @118706. This is bullshit!,1702171,
180934,158501,True,Wed Oct 04 12:49:13 +0000 2017,@AmazonHelp My order says delivered but hasn’t arrived.  How do I get a refund?,180933,
377468,205570,True,Sun Oct 08 22:54:30 +0000 2017,"@AmazonHelp habe ein Problem, kann mich nicht mehr einloggen, Passwort zurück setzten funktioniert nicht. Habe bereits eine DM geschrieben.",377467,
854504,322941,True,Fri Oct 20 15:49:06 +0000 2017,@AmazonHelp It says preparing for shipment!,854506,854503.0
627787,145861,True,Wed Nov 22 15:17:18 +0000 2017,@AmazonHelp Nope. Emails all stated ‘tomorrow’. One yesterday did too (just double checked). This has happened with last few orders,627789,627786.0
237714,172597,True,Tue Oct 03 09:15:04 +0000 2017,@AmazonHelp Given information about the  product  do needful asap https://t.co/rh2Ws9Hgkv,237713,237715.0
89185,135290,True,Fri Dec 01 05:22:50 +0000 2017,@AmazonHelp Yes I did recieve a confirmation email the same day I made the call (Nov.17) but still my prime was not canceled when I called back on Nov.27 now I have two “confirmation” emails,89187,89184.0
2414511,694021,True,Tue Nov 14 18:13:52 +0000 2017,@AmazonHelp a bank has nothing to do with Hilton Honors. what are you talking about? stop sending me these links to general instructions which are totally irrelevant. is this a scam or can you or not really buy books using HIlton Honors? if not just say so!!,2414512,2414510.0
1245426,412164,True,Thu Oct 26 00:08:42 +0000 2017,@AmazonHelp The package was in my town then got sent back. Then delayed again because of a mistake. There was no reason it wasn’t delivered.,1245425,1245427.0
808122,312560,True,Thu Oct 12 18:16:34 +0000 2017,"@116316 Kann man Amazon Video eigentlich vorab irgendwie kostenlos technisch testen? Kein Test-Abo, ich will nur wissen ob es funktioniert",808120,
167923,155063,True,Fri Nov 24 22:18:04 +0000 2017,"@AmazonHelp Sorry, no idea who the courier is, as we werent at home on any of the occasions, just returned to find the parcels on our path (on 3 seperate days) - TW20 postcode if that helps",167925,167922.0
2530455,720326,True,Mon Oct 30 10:19:26 +0000 2017,Amazonで予約しようとしたら代金引換しかない。コンビニ振込無くなった??,2530454,
657835,276607,True,Wed Nov 22 23:12:19 +0000 2017,@AmazonHelp Absolument pas,657834,657836.0
1464159,459847,True,Sun Nov 26 01:41:52 +0000 2017,"@115821 what's up? Need Stupid Watergate updates. Why is only this episode of @17711 @17712 not available in my ""location"" https://t.co/wyK0H7QGAQ",1464157,
2336967,676152,True,Fri Oct 20 04:13:01 +0000 2017,@117795 is there anywhere I can make a suggestion for a better customer service experience?,2336966,
1208419,403730,True,Wed Oct 25 10:12:31 +0000 2017,@115830 trying to order another item for subscribe and save. Last date tomorrow and unable to do!!! Frustrating don’t know why,1208418,
969209,350059,True,Sun Oct 22 06:44:17 +0000 2017,Pls don’t save card details on @115850 - its been compromised. I’ve had transactions worth 60k happen in the last 10 mins!,"969208,969210,969211",
2226482,649935,True,Fri Nov 10 09:53:03 +0000 2017,@AmazonHelp Vielen Dank! Ihr auch 😊,2226481,2226483.0
1225749,407558,True,Wed Oct 25 19:01:02 +0000 2017,"Hallo @116316 !
Einer von uns beiden scheint ein kleines Sicherheitsproblem zu haben. Ist das zweite Mal in einem Monat. Bin besorgt. https://t.co/ewgnqscaaR",1225748,
1886013,328019,True,Wed Oct 18 11:34:09 +0000 2017,@AmazonHelp The second picture pops up when I click the link. The one saying I'm not eligible 😕,1886015,1886012.0
2221869,648920,True,Sun Nov 19 06:39:07 +0000 2017,@115850 @AmazonHelp i didn't receive any call from the delivery boy.!,2221868,2221870.0
823571,316183,True,Fri Oct 13 00:29:47 +0000 2017,"@AmazonHelp I restarted the stick, uninstalled the app and reinstalled and nothing 😔 keeps crashing. It will play a show for a couple of min &amp; then die",823573,823570.0
163624,153848,True,Sat Nov 25 17:05:30 +0000 2017,@AmazonHelp I've not had any messages back from.any of your customer support people. I just keep getting messages from the seller telling me to please rare him 5 stars or bad things will happen to him.,"1004634,1004635",163623.0
2832975,150776,True,Mon Nov 27 13:49:32 +0000 2017,"@116928 voy a ir a facua , no es normal esto! Ya me puse en contacto con vosotros y no habéis solucionado nada . @137605 https://t.co/A8gAaB2YD0",2832973,
2899569,803288,True,Tue Nov 28 17:44:07 +0000 2017,"@AmazonHelp I can give you just the gist of it over here and better if someone sensible gets in touch with me , preferably not people like Arpit from idk which  ""leadership Team""!",2899568,2899570.0
1425346,451145,True,Thu Nov 02 04:57:14 +0000 2017,@AmazonHelp 昨日もAmazon買いました！！もっと褒めて！！ https://t.co/OPxn2e5nfe,1425347,1425345.0
1021623,361766,True,Sun Oct 22 23:07:09 +0000 2017,@116928 esto es de verdad vuestro? https://t.co/tYZu0NVJPI,1021622,
941353,239520,True,Sat Oct 21 15:51:00 +0000 2017,"@343166 @115821 Hmm micro SD card missing, ram missing, earlier this year an IMac just vanished after shipped. Seeing a pattern",941351,941354.0
283558,183548,True,Fri Oct 06 12:59:29 +0000 2017,My Rationale CD didn’t come by Royal Mail 😩 So here’s me grabbing onto the final glimpse of hope that @115830 uses a carrier pigeon 🤦🏼‍♀️,283556,
1344499,433537,True,Fri Oct 27 16:29:40 +0000 2017,"@116928 @80 En reparto desde las 8:00 en el Baix Llobregat y ¿no llega el paquete? Venga va, va a esperar al lunes quien yo os diga. 😡🤬",1344498,
1955726,580451,True,Wed Oct 18 16:53:37 +0000 2017,@115823 I emailed you after no response from seller last month and no reply from either.  why?,1955724,
431525,217592,True,Tue Oct 10 15:20:02 +0000 2017,"@AmazonHelp https://t.co/znhdReCag2 ""call me"" doesn't work",431523,
118800,142334,True,Thu Nov 23 22:28:17 +0000 2017,@115821 Trying to do some shopping. I’ve had to reset my password 4x now it still says my password is incorrect.  Please help.,118798,
777167,305541,True,Thu Oct 12 03:44:37 +0000 2017,@AmazonHelp  https://t.co/CvP8b4GMAX,777169,777166.0
2538878,422019,True,Thu Nov 16 10:42:18 +0000 2017,@AmazonHelp Yesterday. He said tomorrow 4 sure you're getting your pack. Today. You're not receiving your pack today. I cancelled the product and he said ok you're gonna have your money back in 7 days... then I didn't get the laptop nor money,2538879,2538877.0
2568095,166382,True,Mon Oct 30 15:35:02 +0000 2017,Hey .@115830 - this giant box may be overkill for the one nutcracker that I ordered. https://t.co/AaP6HSgJpL,2568094,
2142929,630054,True,Wed Nov 08 23:20:54 +0000 2017,It seems that @115821 charged me twice for a recent order by accident. Having trouble finding what I should do to resolve this issue. @AmazonHelp,"2142928,2142930,2142931,2142932,2142933,2142934",
842294,276629,True,Fri Oct 20 13:15:35 +0000 2017,"@AmazonHelp On the other hand, I see a few significant PROBLEMS.FIRST: AMAZON WEBSITE DISPLAYS IN LISTING THE GOODS ARE AVAILABLE WHEN THEY ARE NOT!!!",1936499,842291.0
2772332,774907,True,Mon Nov 27 00:06:24 +0000 2017,@116316 do you offer insurance with postage for bought TVs with international shipping?,2772330,
424321,215995,True,Tue Oct 10 12:54:50 +0000 2017,@AmazonHelp Can u put screenshot showing wher exactly is Mobile recharge in Amazon Pay page of Amazon app..can't find..al I c is AmazonPay partners info,424322,424320.0
2823102,786656,True,Mon Nov 27 11:36:34 +0000 2017,"@AmazonHelp Je les ai eu tôt ce matin. J’attends votre rappel dans les 12h, mais pas d’infos sur le maintient de ma commande...",2823121,2823101.0
1204984,391454,True,Tue Oct 31 02:58:21 +0000 2017,@AmazonHelp @403032 @115850 will you please update me on this ? #Lenovo #Amazon,"1204983,1204985",1204986.0
1326262,284286,True,Fri Oct 27 11:48:15 +0000 2017,@AmazonHelp Thank You So Much 😍,1326263,1326261.0
58108,129193,True,Wed Nov 01 20:26:58 +0000 2017,@AmazonHelp Yes. Can only assume bin man has thrown it away.,58110,58107.0
1279797,419460,True,Thu Oct 26 16:56:41 +0000 2017,@AmazonHelp 2/2 … tells me to go to Amazon and cancel from there. It's and endless loop of frustration. https://t.co/HAMeKMkUbN,1279798,1279795.0
1675059,509642,True,Tue Oct 17 16:30:37 +0000 2017,@AmazonHelp sent you a DM regarding a package I haven't received 😕,1675058,
2240614,653274,True,Fri Nov 10 15:50:45 +0000 2017,"@AmazonHelp Also, your supervisor was very rude, and didn't answer any of my questions.","2240612,2240616",2240617.0
384408,128418,True,Mon Oct 09 11:19:08 +0000 2017,@AmazonHelp can I get anything more accurate then “before 9pm tonight”?!?,384405,
2613154,738777,True,Fri Nov 17 12:34:18 +0000 2017,"@115850 I have ordered a moto g5s plus and facing lot of challanges with phone charging. Seems like the product is defective.

Can someone please reach out to me on 8800941947.",2613153,
285044,183917,True,Fri Oct 06 14:44:35 +0000 2017,"@AmazonHelp Filled the form half an hour ago. No reply
Never gonna buy anything from @115850  in future and encourage others to do the same.",285046,285043.0
524961,240703,True,Sat Dec 02 05:26:44 +0000 2017,Now @115821 sent me a message saying my package was delivered...except I'm at home and have not rec'd it. Security at my bldg has also not seen any delivery guys w Amazon pkgs. Why are they lying???,524960,
944889,344051,True,Sun Oct 22 03:03:27 +0000 2017,@AmazonHelp thank you @115850,944890,944888.0
823549,316180,True,Fri Oct 13 00:00:06 +0000 2017,"@AmazonHelp Sure thing. Here is a screenshot of the promo, from my browser after resetting my password:

The link to DL did not work. So ... 1/2 https://t.co/Uv3Ze4Fcj3","823551,823552",823548.0
1545778,458033,True,Sat Nov 04 05:47:48 +0000 2017,"@115850 
I hadnt expected that such a big brand like amazon would have such a poor customer service.",1545776,
440175,219463,True,Wed Oct 11 09:20:35 +0000 2017,Das mit dem Premium Versand üben wir noch einmal. @AmazonHelp https://t.co/rSjv3pD6pq,440174,
2292037,665650,True,Sun Nov 12 11:55:45 +0000 2017,"Amazonさんで頼んで12日までに到着予定だったのに来ないってどういうこと🤔
26日に使うやつと言えど早く着いてくれないと困るるる……","2292036,2292038",
1591575,489268,True,Tue Oct 17 08:20:06 +0000 2017,@AmazonHelp I now have 2 requests being unanswered. Please can someone contact me???,1591574,
1044307,366927,True,Mon Oct 23 10:05:30 +0000 2017,@AmazonHelp https://t.co/D45kFrjnfj my colleagues can not get on to it either.,1044316,1044305.0
162176,153436,True,Fri Nov 24 18:23:37 +0000 2017,"@AmazonHelp bonjour, Merci d'avoir un service efficace , j'ai mon compte qui est bloqué suite a un achat et quand j'ai eu le droits d'avoir quelqu'un , elle n'a pas été efficace, ma dis qu'un spécialiste des comptes me rappellerais hors depuis toujours rien.",162174,
1107273,381327,True,Tue Oct 24 00:48:13 +0000 2017,In today's news @117795 fails miserably to deliver a simple grocery order. TWICE! TODAY.  @142497 never failed me like this.,1107271,
2772329,774906,True,Mon Nov 27 00:22:54 +0000 2017,"I ordered an #amazonfiretv stick and #ups in infinite wisdom left the package outside my building. Now most times people just move the package inside but someone decided to steal my package today. Thanks #UPS, thanks #Amazon thanks Neighbor who stole from me",2772328,
1242831,411554,True,Wed Oct 25 22:44:18 +0000 2017,@115821 never buy again. Bought chandlier twice had missing parts every time,1242829,
42499,125391,True,Wed Nov 01 15:51:38 +0000 2017,@125392 @116439 See picture. Not showing in search. Any advice? https://t.co/WZxq9tCoCg,42497,42504.0
982323,352911,True,Sat Oct 14 10:41:07 +0000 2017,@AmazonHelp https://t.co/5NbiMP5ZPo,"982324,982325,982326",982322.0
2959987,816941,True,Wed Nov 29 20:06:26 +0000 2017,Hey @AmazonHelp I'm a Prime member and when trying to sign up for the early Jumanji screening I run into an endless loop of Atom attempting to verify my prime account. Any suggestions?,"2959985,2959988",
2308778,669682,True,Mon Nov 13 03:17:37 +0000 2017,@AmazonHelp とっても美味しいですよ！おすすめです(*^^*),2308780,2308777.0
807297,312366,True,Thu Oct 12 17:55:55 +0000 2017,Are you serious @115850 ? I was thinking to buy a bra case n amazon surprised me with its crazy cost.. https://t.co/d0PaVOJzXF,807296,
273882,181445,True,Fri Oct 06 04:49:24 +0000 2017,"Dear @115821, what happened to being customer-centric? Had fraud transactions on my accnt back in July. Getting the runaround. Pls help!",273880,
1559311,387412,True,Sat Nov 04 13:11:57 +0000 2017,"@ATVIAssist @AmazonHelp my pre order bonus code isn’t working it just says “Sorry, an unexpected error occurred” (WWII)",1559309,
2602295,736495,True,Fri Nov 17 07:58:23 +0000 2017,@115850 we purchased a lED moniter worth 11000 from Amazon and we received a stone slab in it.amazon cheated us . nobody should buy fromit,2602294,
674337,280821,True,Thu Nov 23 14:54:44 +0000 2017,@AmazonHelp Already submitted all information.  I feel looted by Amazon,674339,674336.0
2722625,152965,True,Mon Nov 20 10:40:44 +0000 2017,@AmazonHelp @115830 blocking my account also twice for no reason is a joke also.,2722624,
1308256,425722,True,Fri Oct 27 05:05:10 +0000 2017,"@AmazonHelp While I appreciate the apology, I pay a premium for amazon prime two day shipping...and I didn’t get what I paid for.",1308258,1308255.0
2805836,782568,True,Wed Nov 22 03:23:54 +0000 2017,@AmazonHelp ご丁寧にありがとうございます。,2805835,2805837.0
2933658,811223,True,Wed Nov 29 16:43:15 +0000 2017,@AmazonHelp How much time you guys take to call me,2933660,2933656.0
1181453,395494,True,Tue Oct 24 19:27:51 +0000 2017,@AmazonHelp @115830 You really need to explain to me what house u sent my package to cause its not mine,1181452,
724244,293454,True,Wed Oct 11 03:38:53 +0000 2017,@AmazonHelp has superior customer service! I just had a fantastic customer experience with a rep! I will be a loyal customer for life!,724243,
20463,120469,True,Fri Oct 27 17:19:01 +0000 2017,"@AmazonHelp Since how much time I wait
For your action...??",20462,20464.0
2136169,628413,True,Wed Nov 08 21:27:43 +0000 2017,Package was stolen of front porch and the always amazing @115821 @AmazonHelp came through immediately. Bravo! https://t.co/WEuTlsXE7i,2136167,
930302,340698,True,Mon Nov 20 20:19:23 +0000 2017,@AmazonHelp Le transporteur est amazon logistics https://t.co/GnxdEBAYRN,930301,930303.0
537548,244602,True,Sat Dec 02 15:04:59 +0000 2017,@AmazonHelp I have received ur sorry mail. You executive told me you people work till 10PM. Then how can u send a mail at 8:30 of rescheduled. On the app I can see the dates delivery till 6th Dec. U people have lost your mind. Seriously I regret.,537549,537547.0
2831564,788397,True,Mon Nov 27 13:57:23 +0000 2017,@AmazonHelp Can I just go pick it up?,2831565,2831563.0
485228,230449,True,Fri Dec 01 15:20:40 +0000 2017,@AmazonHelp .com,485225,485231.0
487845,231116,True,Fri Dec 01 15:42:21 +0000 2017,@AmazonHelp cobran por la envoltura para regalo para usuarios prime? Y como es la envoltura?,487844,
1122838,141860,True,Tue Oct 24 07:02:50 +0000 2017,"@115850 I have received an email and text saying my order was delivered to me today, which it has not. Help? Can I speak to someone?",1122837,
1731639,523179,True,Tue Oct 17 19:36:57 +0000 2017,@120533 Envoyé. Je compte sur vous pour faire en sorte que cela ne se reproduise JAMAIS. Merci,1735483,1731638.0
341473,197578,True,Sat Oct 28 07:46:45 +0000 2017,@115850 Remington india says to contact Amazon for the same can someone please contact me at the earliest,"1383305,1383306",341472.0
2435009,698685,True,Sun Nov 19 22:57:32 +0000 2017,@AmazonHelp I can't sign in my account it is locked,2435010,2435008.0
571767,254329,True,Sun Dec 03 04:23:47 +0000 2017,Amazonでポチッたやつ届いた https://t.co/eEGptEgxbP,571766,
1190225,399752,True,Sat Nov 25 19:06:36 +0000 2017,@AmazonHelp Thank you. Unfortunately I do not have the box it was sent in. I tried browsing your website with that issue but didn’t find an answer as to what to do. I’d prefer a replacement sent if it is a possibility.,1190224,1190226.0
2694999,757363,True,Sun Nov 19 17:53:34 +0000 2017,"@AmazonHelp Hi , I would like to buy prime for a year but it will only allow me to pay monthly",2694997,
2383748,687131,True,Fri Oct 20 07:37:07 +0000 2017,"@AmazonHelp Bonjour, le suivi de ma commande (405-1215849-6179569) indique que mon colis n'a pas pu être livré, puis-je avoir des détails ?",2383747,
2414486,694017,True,Tue Nov 14 17:24:04 +0000 2017,"@AmazonHelp ""Votre envoi est toujours en route mais il arrivera peut-être plus tard que prévu en raison d'un retard de transit."" Et c'est régulier avec @94266",2414485,2414487.0
1078192,374353,True,Mon Oct 23 17:50:34 +0000 2017,"@AmazonHelp Merci beaucoup, bonne soiree !",1078193,1078191.0
75830,132978,True,Thu Nov 30 11:44:56 +0000 2017,The keypad on my Kindle fire has disappeared.  The whole thing seems locked.  Anyone out there who can advise? @AmazonHelp,75828,
2537509,483864,True,Thu Nov 16 08:34:30 +0000 2017,@AmazonHelp Seriously? Yet another delayed parcel? https://t.co/7Gy2it4szQ,2537507,
619984,267156,True,Wed Nov 22 16:56:59 +0000 2017,@AmazonHelp Gracias,619983,619985.0
21890,120772,True,Wed Nov 01 08:01:12 +0000 2017,@AmazonHelp Still getting a string of irrelevant replies from people who can’t read an email. Your service is dreadful,21888,21894.0
2261739,658494,True,Fri Nov 10 22:06:13 +0000 2017,"Thanks @115821 for the worst customer service I have ever seen. Do your people even read emails or understand English? Any service who actually listens to their customers will surpass you, mark my words.",2261737,
2874038,261474,True,Tue Nov 28 04:32:42 +0000 2017,@AmazonHelp USPS hasn’t updated the shipping. A rep told me that it was here in transit but none of the tracking shows that? And the delivery date changed,2874040,2874037.0
1562000,395259,True,Sat Nov 04 20:19:10 +0000 2017,@AmazonHelp Are you serious? I needed this before Sunday. It was supposed to be a gift for someone for Monday! ARE YOU KIDDING ME? FUCK PRIME MEMBERSHIP https://t.co/HO62aHW8fX,"1562001,1562002,1562003",1561969.0
1124101,385068,True,Tue Oct 24 07:38:46 +0000 2017,@115850  still waiting for assembly that was scheduled 10 to 12.... live chat not helpful,1124099,
384136,206988,True,Wed Oct 11 13:58:39 +0000 2017,@AmazonHelp US. Still says the order is open and arriving October 20th,384137,384135.0
2843729,791115,True,Mon Nov 27 17:05:36 +0000 2017,"@AmazonHelp Taken AMAZON PRIME to get product soon bt unfortunately it is futile. Not get my product on time..Will u plz explain why?Also when things r delayed what z use of PRIME
@115821 @2005",2843728,
1912630,569714,True,Wed Oct 18 14:22:54 +0000 2017,@AmazonHelp Kindly take action from your end since your name is used. Report immediately before customers are duped.,1912632,1912629.0
861243,190745,True,Fri Oct 20 06:27:01 +0000 2017,"@AmazonHelp Last wornig Amazon
Call me urgent",2337973,861241.0
466680,226064,True,Fri Dec 01 05:19:30 +0000 2017,@AmazonHelp サービス対象地域が拡大していて大変嬉しいです。とても便利そうなので早速使ってみたいと思います！,466682,466679.0
1374564,439949,True,Sat Oct 28 01:01:38 +0000 2017,@115821 Second release day delivery fail in three months for @115821 Pre-orderers are suckers again. #amazonprime #amazon #brutalservice,1374562,
249860,175383,True,Thu Oct 05 17:04:35 +0000 2017,@AmazonHelp Our Alexa starts talking without being asked. Could it be faulty? It's certainly a bit spooky.,249858,
2501888,713646,True,Wed Nov 15 20:16:57 +0000 2017,"@AmazonHelp livraison prévu entre le 16/17, expédition le 16. j'ai eu exactement la même chose avec envoi le 14 et réception le 15. (vendu par powerbox-ultimate)",2501890,2501887.0
1638832,359186,True,Sun Nov 05 18:57:30 +0000 2017,"Oye, @116875 cuándo va a estar disponible @181310 en Prime México 🇲🇽? https://t.co/MiAodHYwnK",1638831,
2968387,818837,True,Wed Nov 29 23:27:35 +0000 2017,"@116090 
Dear Amazon,I ordered a  phone case as a gift to someone and it turned out to be a bigger case than the phone(iPhone 7 vs 7 +) 1",2968386,
1556311,481178,True,Sat Nov 04 12:00:28 +0000 2017,@AmazonHelp Could you please look into my order number 4__credit_card__.It is more than 13 days and product not picked by courier.,"1556310,1556312",
1910378,569111,True,Wed Nov 08 05:41:01 +0000 2017,lol literally none of the packages Amazon prime was supposed to deliver using their own delivery drivers will arrive by the guaranteed date.,1910376,
1631042,499184,True,Tue Oct 17 12:23:42 +0000 2017,@115850 #GreatIndiaFestival Customercare providing misleading info abt product delivery wen I called 2 enquire abt change in delivery date,1631041,
2263140,154664,True,Mon Nov 20 23:05:37 +0000 2017,@115825 waaaaruuuummmm??? https://t.co/Wf61taT7uL,2263139,
1050709,368302,True,Mon Oct 23 08:03:23 +0000 2017,"Loaded with a cold, &amp; all I want are some frazzles and some more irn bru and Amazon Prime Now has decided to not work for the past two days https://t.co/RowuindFMs",1050707,
2137873,628838,True,Wed Nov 08 21:55:03 +0000 2017,@115821 November 9th is more than 2 days WHAT R WE GONNA DO ABOUT THAT https://t.co/kDhoFqpKoa,2137872,
1212281,228797,True,Wed Oct 25 12:31:24 +0000 2017,"@AmazonHelp @115850 Team, due to some emergency, need to change delivery pincode from 122001 to 201010 of an attempted del. Pls empathize",1212280,
962044,348284,True,Sun Oct 22 03:15:57 +0000 2017,"@115850 
My order I'd is 183166026777 still my order not delivered the customer care team  is pathetic why reschedule my order","962043,962045,962046",
2459179,704276,True,Wed Nov 15 06:10:01 +0000 2017,"@169924 , I ordered your book last week, but haven't received it.  Are you sure you wrote one❓   jk❗️😎

@115821 , WHERE'S  my stuff❓❓❓🤨",2459178,
74576,132705,True,Thu Nov 30 21:42:45 +0000 2017,@AmazonHelp Obrigado! https://t.co/TtzBW223Sm,74577,74575.0
2867188,796297,True,Tue Nov 28 00:42:54 +0000 2017,"@AmazonHelp Hi, did the $75 Instant Pot sell out? Not showing as available to add to cart",2867186,
1509322,470332,True,Sat Nov 04 02:23:26 +0000 2017,@AmazonHelp Its been more thn 15 days I raisd my complain with Amazon bt there was no response frm ur end. I am providing u details in above link.,1509324,1509321.0
133910,146166,True,Fri Nov 24 07:27:41 +0000 2017,@115850 Used refill sent https://t.co/aj7BVvL5pf,133909,
177390,157767,True,Sat Nov 25 06:08:53 +0000 2017,@AmazonHelp @AmazonHelp it’s the last order. I never refused the shipment (that is listed on my order history)!!! Now the product is unavailable. I can’t believe amazon can be like this!,177392,177389.0
2221616,648854,True,Mon Nov 06 10:59:03 +0000 2017,"@115850 Hey, is there a way where-in I pay for products now, and get the delivery later? Like a week or month?! Delayed delivery option?",2221615,
2308661,669646,True,Mon Nov 13 02:32:45 +0000 2017,@AmazonHelp Alright now you’re just rubbing it in,2308662,2308660.0
255769,176835,True,Sun Oct 08 18:36:50 +0000 2017,"@AmazonHelp its been more two days and yet the problem is not yet resolved. I am pinging this account on DM and there also no response, pathetic.",255770,255768.0
380139,206172,True,Mon Oct 09 08:08:39 +0000 2017,@AmazonHelp I received no code,380141,380138.0
427758,216721,True,Tue Oct 10 13:23:30 +0000 2017,"@116316 - der rückrufservice ist wirklich sehr gut, die mitarbeiterInnen am anderen ende der leitungs könnten etwas kompetenter sein",427756,
2966473,818392,True,Wed Nov 29 22:50:56 +0000 2017,"IMPRESSIONADO COM A VELOCIDADE DO FRETE DA @117086 
COMPREI SEXTA E JÁ ESTÁ AQUI",2966471,
725955,293628,True,Wed Oct 11 08:19:51 +0000 2017,@AmazonHelp Wen are you going to tell me ? Already had a loss cz of you people,725956,725954.0
487802,231106,True,Fri Dec 01 15:41:41 +0000 2017,@115850  very very big saving in amazon world big saving I never seen this type of big saving see in the photo hahaha https://t.co/ZP8wvBq6My,487800,
1623449,452229,True,Sun Nov 05 17:03:46 +0000 2017,Love the way @AmazonHelp @115850 customer service function. Proper follow-up email and next steps about my refund. 👋👋👋,1623448,
492125,232300,True,Fri Dec 01 17:35:43 +0000 2017,@AmazonHelp Market place seller,492126,492124.0
1604993,492354,True,Sun Nov 05 08:49:13 +0000 2017,@AmazonHelp hi I ordered a product through prime yesterday and it says it will be late but the tracking info says it is at my local depot??,1604991,
2644420,746133,True,Tue Oct 31 04:05:39 +0000 2017,"@AmazonHelp I’m doing that now :) iPhone 8. Newest update, and it’s been happening ever since",2644423,2644419.0
416099,214235,True,Tue Oct 10 02:40:14 +0000 2017,"@AmazonHelp わざわざすみません
待ってみます！
ありがとうございます！",416098,416100.0
2740653,767782,True,Mon Nov 20 17:39:05 +0000 2017,@AmazonHelp As far as I know I only have one amazon account so I don’t want to cancel it I just don’t want to pay twice out of 2 separate bank accounts,2740651,2740654.0
2831612,788402,True,Mon Nov 27 13:35:53 +0000 2017,@AmazonHelp yeh parcel number 4516120557 which seems to be stuck in limbo right now.  Been following it on their site and it's at a stand still in my town lol,2831614,2831611.0
617038,266393,True,Wed Nov 22 13:54:03 +0000 2017,"@AmazonHelp @266394 I am registered 5 time return of product but blue dart cancel all call

I never suggest to my friends to purchase any product of amazon super poor service.
And I am also never purchase any product,delete the apps also.
22 days continues follow up to pick up but still pending???? https://t.co/0NSOF1XTiy",617035,617040.0
1766877,325125,True,Tue Nov 07 22:38:01 +0000 2017,@AmazonHelp Though the credit was supposed to be applied within the hour and I'm still waiting.,1766878,1766874.0
490540,231856,True,Fri Dec 01 16:36:21 +0000 2017,@AmazonHelp so I paid for one day delivery and my package was delayed by a day to then only receive half of the order I was expecting?????,490538,
2885728,800374,True,Tue Nov 28 11:47:17 +0000 2017,@115830 I signed up for student prime on Sunday night... why have you taken a pound out my bank?? Not that I’m about to lose sleep over that one pound just curious 😂,2885726,
5124,116913,True,Sat Nov 25 23:50:03 +0000 2017,Amazon delivery guy refused to give the police his ID and suddenly started sounding like an attorney. Good grief,5123,5125.0
1204889,403013,True,Wed Oct 25 08:29:20 +0000 2017,"Breve storia triste:
Sto aspettando un pacco di Amazon, e ho appena visto il furgone del corriere passare davanti a casa senza fermarsi",1204888,
2392669,152514,True,Tue Nov 14 15:34:46 +0000 2017,@AmazonHelp Merci pour lui 😍 né l'année des L : Lasco. Cravate de chez Amazon 😜.  Le tient il répond à quel prénom ? 😊,2392670,2392668.0
1068689,192933,True,Tue Oct 24 12:59:14 +0000 2017,At last return is done… thanks guys @AmazonHelp https://t.co/K0Fn1G156k,1068690,1068688.0
2449401,491543,True,Wed Nov 15 04:50:10 +0000 2017,@AmazonHelp Ok,2449403,2449400.0
198709,162750,True,Wed Oct 04 21:48:39 +0000 2017,@AmazonHelp This sucks. Anyways that for the help!,198710,198708.0
1648059,503499,True,Tue Oct 17 13:32:58 +0000 2017,"@AmazonHelp just b.coz of ur pathetic customer service I have cancelled my order
Aukat nhi hai tmhari flipkart ki barabari krne ki",1648058,
1156188,391978,True,Tue Oct 24 18:00:38 +0000 2017,Uiii uiii las 8 la tarde y el repartidor de Amazon sin venir y eso q tengo el prime! Jajajaja gran servicio eficaz claro que si wapi... 🤣,1156185,
1279782,419458,True,Thu Oct 26 17:18:17 +0000 2017,@AmazonHelp Thanks.. Pleas reply me when your decision is done.,1279783,1279781.0
524894,241391,True,Wed Nov 29 01:36:01 +0000 2017,@AmazonHelp I sent in a kindle for a trade in. It was in perfect condition. Now I’m told the screen is cracked and they won’t give me the full amount. That’s a lie. I’m not going to use Amazon Trade-In again.,"524893,524895",
641653,271116,True,Wed Nov 22 20:42:59 +0000 2017,@115850  please look into my issue..I want my refund for the mobile which I haven't got..,641651,
180392,158427,True,Thu Oct 05 13:27:59 +0000 2017,"@AmazonHelp Nope, all the items say FREE UK Delivery on the details pages on your UK app, but add £5.28 for the cheapest shipping option at checkout.",180393,180391.0
2793087,695988,True,Tue Nov 21 21:13:36 +0000 2017,"@AmazonHelp I just made an order but provided the wrong delivery address. It won't let me change it, could you possibly help?",2793085,
2976555,235764,True,Thu Nov 30 03:04:56 +0000 2017,On hold with @AmazonHelp whom outsource calls to incompetent/ barely literate people in India. I just want my son's bear. How many times do I have to say it until dude understands? @115821's customer service is becoming shit with these outsourced calls/chats.,"2976562,2976552",
909910,336125,True,Sat Oct 21 05:57:43 +0000 2017,"@115821  Three prime packages were delayed, one subscription was canceled without notice! It is outragous! Why am I still paying for prime?",909909,
975020,351226,True,Sun Oct 22 03:48:41 +0000 2017,"@AmazonHelp I ordered 5 items with one day shipping, set to arrive today, but they never shipped. can I get a refund for shipping costs?",975019,
2492209,711502,True,Wed Nov 15 17:58:07 +0000 2017,"About to use @117093 to make the most epic Thanksgiving. Thanks for making it so much easier, guys!",2492208,
1320450,428314,True,Fri Oct 27 09:04:59 +0000 2017,@AmazonHelp No but I opted for the replacement but the site said that I have to pay for the delivery of damaged item,1320449,1320439.0
1119126,119350,True,Tue Oct 24 18:25:32 +0000 2017,@AmazonHelp Okay thanks,1119127,1119125.0
2018665,119629,True,Sun Nov 26 11:27:55 +0000 2017,"@AmazonHelp I bought the OP5T in the second sale on 24th and as i am a prime member i opted for one day delivery, as per the app by afternoon it was out for delivery, around 6:30 pm i get a msg saying package delivered, I was stunned as i was at home and didn't received anything.",2018667,2018662.0
1415997,301539,True,Thu Nov 30 19:14:50 +0000 2017,@AmazonHelp what contect i lost my temper which service you provide i never purchase any product for you website and i told my Friend never purchase any product @115850,1415999,1415996.0
583563,257637,True,Sun Dec 03 13:28:01 +0000 2017,"Ich frage mich wer wohl das vermasselt hat, @116316 oder @27231 (Österreichische Post)? 😞

#DasErsehntePaketSoNahUndDochSoFern https://t.co/Way55R8q9l",583561,
292314,185619,True,Fri Oct 06 16:51:24 +0000 2017,@AmazonHelp How will any numeric no will be breach of my personal info???Kindly explain,292315,292313.0
2142897,173065,True,Wed Nov 08 23:22:05 +0000 2017,"Apparently @AmazonHelp or @9583 wanted to help me open this package. Nothing was missing, but this is not the way I expect my orders to be delivered. https://t.co/FMdy70uKlB",2142896,
2356876,270003,True,Tue Nov 14 22:02:38 +0000 2017,@AmazonHelp So after speaking to someone in real time I still don't have my parcel today after rearranging the delivery... wth is going on @115830 why haven't I received this order?,2356877,2356874.0
23172,121047,True,Wed Nov 01 08:54:17 +0000 2017,"@115825 Fußball weg, Football weg! Filme und Serien! Mehr!",23171,23173.0
1265703,403726,True,Thu Oct 26 12:32:33 +0000 2017,@115850 the worst service ever I have seen,1265702,
942705,343479,True,Sat Oct 21 16:22:29 +0000 2017,"How can I actually get you to do something about a parcel that has simply disappeared? 15 days passed delivery date, no way on the website to contact you and get you to take action  @115830",942704,
2877066,798643,True,Tue Nov 28 06:07:16 +0000 2017,If ordering a vinyl album from @115830 be aware that a) it will arrive very poorly packaged causing it to be damaged and b) if you try to phone a complaint you will speak to someone with poor English who genuinely doesn’t know what a vinyl album is...,2877065,
2052166,606896,True,Wed Oct 18 23:52:57 +0000 2017,@AmazonHelp quando vão disponibilizar no Brasil o app Alexa echo?? Comprei fora do Brasil e muito estranha não poder usar se é brasileiro!!,2052164,
2952234,815186,True,Wed Nov 29 17:59:54 +0000 2017,trying to get a refund from @115821 for a parcel that they lost is like getting blood out of a stone 😡,2952233,
761203,301878,True,Wed Oct 11 20:29:02 +0000 2017,"@AmazonHelp Amazon Logistics, n° de suivi C10038421223",761205,761202.0
1123364,384925,True,Fri Oct 27 17:13:23 +0000 2017,@AmazonHelp What an efficient social media team #AmazonIN has! Shamelessly asking to reply repeatedly to the same email. Do you want to solve this?,"1123365,1123366",1123363.0
2278327,662453,True,Sat Nov 11 15:19:04 +0000 2017,"Dear @115830, was just wondering when we declared the light as a safe place? I’m no hide and seek champion, but I’m guessing the driver isn’t one either! https://t.co/7LxI9Xbpdp",2278326,
2899572,803288,True,Tue Nov 28 17:16:10 +0000 2017,@115850 having the worst experience with your customer care.Icing on the cake when your customer care leadership also is blaming the customers and disconnecting the call in mid of the problem resolution!!! 😒😕😤,2899570,
2938264,133889,True,Wed Nov 29 12:30:54 +0000 2017,"@AmazonHelp What I mean is: since every single package has been stolen by the courier, please make it so that I can click a button on the web page saying ""I want this again"" or ""Cancel my order"", don't make me interact with a person to do that.",2938261,2938266.0
2545352,723482,True,Thu Nov 16 13:55:25 +0000 2017,@115821 I placed my prime order yesterday and was guaranteed delivery by Friday because I need my stuff for early Saturday morning.  Now my orders are saying they ain’t going to arrive until Monday. That’s unacceptable. #VeryDissapointed,2545351,
2435241,424340,True,Tue Oct 31 12:46:57 +0000 2017,"@115821 YOU HAVE GOT TO BE KIDDING ME, MY REPLACEMENT ITEM IS DELAYED NOW TOO https://t.co/LPsCgOjNQV",2676003,2435240.0
2840221,404304,True,Mon Nov 27 16:35:37 +0000 2017,@AmazonHelp Here.  Scroll down a bit.  https://t.co/jtNp5Hic2v,2840223,2840220.0
2752407,770536,True,Tue Oct 31 18:27:31 +0000 2017,@116316 @40456 This is when I ordered an item from Germany. Wondering if I should order all eletronics/gadgets from Amazon now. 🤔,2752406,2752408.0
2718060,665487,True,Mon Nov 20 11:52:05 +0000 2017,"@AmazonHelp r u nuts out there. my concern remains unsolved that why i am flooding social media but it seems that ur job is stretching issue as long as possible. do u check mail regularly???? i mailed twice, i m yet to get my refund..cheaters &amp; liars @115851","2718061,2718062",2718059.0
47907,126706,True,Wed Nov 01 17:18:26 +0000 2017,"@AmazonHelp thanks for trying at least u were more helpful, thanks 😩",47908,47906.0
1200824,402152,True,Wed Oct 25 05:29:56 +0000 2017,@115850 not received order no 171-7360326-1361943. False promise for replacement by associate login id MYQNISH52. Poor customer support.,"1200823,1200825,1200826,1200827",
2836910,500395,True,Mon Nov 27 15:27:39 +0000 2017,"@AmazonHelp I had specifically requested to confirm before I placed the order, this is exactly what I didn't want to face.",2836909,2836911.0
1421932,450488,True,Sat Nov 04 08:09:56 +0000 2017,"@AmazonHelp Hi, turns out the parcel wasn't delivered when the lady at Amazon Customer Service said it would be. What should I do now?","1421934,1421935",1421930.0
778924,306022,True,Thu Oct 12 04:18:42 +0000 2017,"Dear @115850! While ordrng u showd ""2 days guaranteed dlvry"". Bt d pckge is still in transit - 2day being d 2nd day! #disappointed",778922,
1404051,446426,True,Sat Oct 28 19:05:03 +0000 2017,"@AmazonHelp 'cuz if it can't be seamless n secure.
At least I wouldn't prefer buying things tagged Global Store.",1404053,1404049.0
1424689,450986,True,Sat Oct 28 20:38:31 +0000 2017,"@AmazonHelp They set a pickup date for d product. For 8 days they are saying that, meanwhile I have contacted them 3 times and my request gets cancel","1424691,1424692",1424688.0
1486948,465337,True,Fri Nov 03 04:28:47 +0000 2017,"hello, @115850 my order id 407-7812655-1901955 I am paid for same day delivery. but it now shows 6 Nov. please delivery my product today. https://t.co/CwhQAb90cv","1486947,1486949,1486950,1486951",
1085152,375967,True,Mon Oct 23 18:20:01 +0000 2017,@AmazonHelp Do you have an email address i can contact. The phone and chat customer services are not useful. Someone with more authority who is useful..,1085154,1085151.0
985041,353489,True,Wed Oct 18 06:59:51 +0000 2017,@AmazonHelp Have filled the details get back asap,985040,985042.0
710607,289926,True,Tue Oct 10 21:24:17 +0000 2017,"@AmazonHelp just had to return my 4th tshirt in a row. Previous ones were incorrectly sized, the latest is completely the wrong design",710605,
2877047,135838,True,Wed Nov 29 14:27:39 +0000 2017,@AmazonHelp And what if you fail to Deliver the Product on Guaranteed Delivery Date/Standard Delivery Date. @133462 @118702,2877049,2877046.0
1477275,182725,True,Mon Oct 16 21:16:03 +0000 2017,"@AmazonHelp The advisor said it was a duplicated order and they'd resolve it, but it's still showing ... https://t.co/ilOLeYn8J7",1477277,1477274.0
2663046,128478,True,Tue Oct 31 06:37:56 +0000 2017,@AmazonHelp I ordered two items on October 25 and my order still hasn’t shipped. Even though it was supposed to ship Oct. 30th. HELP?,2663044,
80769,133919,True,Tue Nov 21 14:40:45 +0000 2017,@AmazonHelp Mit Amazon Logistics,80768,80770.0
2383273,687018,True,Tue Nov 14 06:28:56 +0000 2017,"#BADEXPERIENCE #SERVICEFAIL #POORRESPONSE
@115821 @115851 @115850 https://t.co/OWYR6IwQ0A",2383272,
2282953,651697,True,Thu Oct 19 18:56:51 +0000 2017,WHERE IS THE  DAMN CUSTOMER SERVICE I'M STILL WAITING I WANT MY MONEY BACK FOR DIGITAL ITEM I DID NOT ORDER WHY IS THERE NO HELP https://t.co/nuTVY9Pl3A,2282952,
794458,309425,True,Thu Oct 12 14:01:43 +0000 2017,@AmazonHelp your customer service is disgusting. After 10 mins of waiting the lady just hung up on me! Delivery hasn't been attempted!! 😭,794456,
2298825,667274,True,Sun Nov 12 14:55:52 +0000 2017,@667275 @120540 Altri promo in corso ne avete?,2298824,2298826.0
1680951,511104,True,Mon Nov 06 15:38:38 +0000 2017,@115850 @AmazonHelp Added 1000rs in my Amazon wallet and even after half n hour still it is not added in my pay balance. Wht 2 do?,1680949,
982300,352908,True,Sat Oct 14 08:50:14 +0000 2017,@115850 @AmazonHelp whenever I try to contact customer service by Amazon app it says they are unable to find my order @115851 #pathetic,982298,
1633254,499715,True,Sun Nov 05 20:07:43 +0000 2017,"@amazonhelp For a gaming console trade in, does it need to include the original box for full credit?",1633253,
2290351,665316,True,Sun Nov 12 06:59:00 +0000 2017,@AmazonHelp Jo kasmein hamne prime member bante samay aur order book karte samay khaayin thin wo bhool gaye?,"2290352,2290350",2290353.0
505900,236044,True,Fri Dec 01 21:30:38 +0000 2017,@AmazonHelp Shipped with ups,505902,505899.0
1553797,480665,True,Sat Nov 04 11:27:49 +0000 2017,"@AmazonHelp Actualmente pago dos veces y con la aparente subida de precios, una función familiar seria conveniente. #recomendación","1553800,1553801",1553796.0
1135073,383095,True,Fri Nov 03 15:00:29 +0000 2017,@AmazonHelp Vendu et expédier par Amazon,1135072,1135074.0
2786272,777900,True,Tue Nov 21 18:58:29 +0000 2017,@AmazonHelp Así es @116875 https://t.co/aRveZF6uuJ,2786274,2786271.0
2831580,788399,True,Mon Nov 27 21:01:47 +0000 2017,@AmazonHelp Eu recebi uma encomenda que não é a minha kkk,2831582,2831578.0
602308,262969,True,Sun Dec 03 21:47:10 +0000 2017,@115830 It's OK they left it in the locked garage ten foot away #not #joke #poorservice https://t.co/EOOppRaeBA,602307,602309.0
1285550,312552,True,Thu Oct 26 18:28:51 +0000 2017,@AmazonHelp Placed the order via one click and it said Thursday. I placed a second one click order that said friday. email had both orders listed as fri,1285548,1285551.0
627799,268683,True,Wed Nov 22 13:05:56 +0000 2017,@115830  Will you be stocking the recently revealed Christopher Nolan 4k UHD Blu-Ray Collection ( see pic ) slated for a December release ? https://t.co/kkhLYRGEiB,627798,
1715290,519486,True,Tue Nov 07 03:24:59 +0000 2017,"やらかした\( ˆoˆ )/
Amazonプライム無料会員解約し忘れて今日まさにプライム会員になってしもーた\( ˆoˆ )/",1715288,
479388,228929,True,Fri Dec 01 12:37:47 +0000 2017,"So disappointed in @115821 customer service, spoke to 5 different reps who all were rude and didn't have a reason about why my package has been late for a week. @AmazonHelp please help!",479387,
2496358,712419,True,Mon Oct 30 01:32:26 +0000 2017,@115821 decided they wanted to sign me up for Amazon Prime without my permission and took 100 out my account.. Wtf,2496357,
487632,231074,True,Fri Dec 01 17:59:36 +0000 2017,@AmazonHelp Espero que así sea https://t.co/WkHHYjZCZo,487634,487629.0
2474884,707548,True,Wed Nov 15 13:48:26 +0000 2017,@AmazonHelp already mailed on __email__ but didn't received any response and CC said we will examine then contact you.disappointing,2474885,2474883.0
2520582,717940,True,Thu Nov 16 01:31:59 +0000 2017,@115833 when will Echo support more voices?  Maybe some of the 47 which Polly offers?,2520580,
453178,222524,True,Thu Nov 30 22:47:59 +0000 2017,@115821 one of your carriers lost my amazon echo 2nd gen. How can we rectify this?,453176,
530019,232302,True,Sat Dec 02 09:44:12 +0000 2017,@115830 - it looks like you handed my parcel to any random person and ‘you have no record of who or where they live.  You seem to think I should knock on doors in my local area until I locate the item.  What a joke.,530017,
989862,354481,True,Sat Nov 25 10:48:45 +0000 2017,"@AmazonHelp Oh hello there, I have been promised free next day delivery but I am not getting that ☹️",989861,989863.0
2667337,751422,True,Sun Nov 19 09:29:02 +0000 2017,"il servizio clienti di Amazon mi stupisce ogni giorno di più.

Mando un ticket al supporto perché mancavano un... https://t.co/Nb83Nxi9GC",2667336,
1427885,451679,True,Mon Nov 06 07:21:53 +0000 2017,"Thank you @115850 great response
I ordered at around 8PM yesterday and got it on 10 AM in the morning
Thanks again","1427886,1427884",
677623,281646,True,Thu Nov 23 06:23:30 +0000 2017,@120533 problème de date https://t.co/nMmF4tl44L,677622,
1728585,522623,True,Tue Nov 07 10:15:32 +0000 2017,Hey @AmazonHelp I have a query re a boxset I recently bought - am I good to drop you a DM?  #Amazon #Help,1728584,
2805121,782400,True,Wed Nov 22 02:25:13 +0000 2017,@115821 Really disappointed in your delivery driver’s failure to even knock on the door before claiming they attempted delivery and driving off. Not cool at all. This sets me back a full day. Please get it together!,2805120,
1007721,358464,True,Sun Oct 22 20:36:01 +0000 2017,"@AmazonHelp Gracias, lo estoy.",1007723,1007720.0
512381,237832,True,Fri Dec 01 23:42:32 +0000 2017,@AmazonHelp It says it has been dispatched- I checked the tracker on my confirmation email and it says it should have been delivered,512383,512380.0
791518,308738,True,Thu Oct 12 12:44:45 +0000 2017,"Amazonプライムの会員になった覚えないのに年会費引かれてるんだが...(；´Д｀)

なんで?","791517,791519",
1955922,580495,True,Wed Oct 18 16:27:55 +0000 2017,yo esperando los pedidos de @116928 https://t.co/hbqnbJUv4p,1955921,
1892155,54213,True,Wed Nov 15 00:20:40 +0000 2017,"@AmazonHelp I have done, a number of times, but no response. Your consumer guarantee - which I couldn't claim since your website wouldn't let me - has now expired. Order# 203-6214140-5848318","1892153,1892156",1892157.0
2286359,664360,True,Sun Nov 12 00:48:13 +0000 2017,Hey @AmazonHelp where is my one day delivery? I would like to have a refund for one day delivery charges.,2286357,
191728,161055,True,Wed Oct 04 15:17:03 +0000 2017,".@amazonhelp why did you cancel my pre-order of ""art of the larder"" and why did you not bother to send me an email informing me?","191726,191729",
2799300,781009,True,Wed Nov 22 02:01:48 +0000 2017,@AmazonHelp ya lo hice y me dice que les envíe el paquete o me lo cobrarán y nada dicen del libro que compré,2799301,2799299.0
2938281,812180,True,Wed Nov 29 12:26:06 +0000 2017,",@115850 stop lying we never asked to delay our order. Ur is simply late. https://t.co/SbbiL9Qv6a",2938280,
2308772,669681,True,Mon Nov 13 02:53:27 +0000 2017,@AmazonHelp It looks as though it has been fixed.  Please DM me,2308774,2308771.0
865613,325563,True,Fri Oct 13 15:44:05 +0000 2017,@AmazonHelp I believe someone is on my account. As the email address when I clicked the link was not mine,865614,865612.0
899481,333551,True,Sat Oct 21 04:17:32 +0000 2017,Amazonを名乗る架空請求業者からSMSがきた。久々だなこういう典型的なの。,899480,
341540,197580,True,Mon Oct 23 16:51:56 +0000 2017,"@AmazonHelp Bos mere details phele se he apke pas hai sab , aur ap kya expect kar rahe hai mujshe. Me is unpleasant experience ka solution chahata hu..?",341536,341541.0
526148,241739,True,Sat Dec 02 06:59:06 +0000 2017,"@AmazonHelp one of the customer reps answer: (I do understand but as we all have the same system and we all do follow the same protocol.
So system is not allowing us for the shipping upgrade as well as he discounts.)",526151,526146.0
1184741,398603,True,Tue Nov 07 07:54:34 +0000 2017,@AmazonHelp Yes but neither I nor the recipient redeemed it. This was a 21st birthday present and it has gone horribly wrong through no fault of ours,1184742,1184740.0
246962,174666,True,Thu Oct 05 16:08:19 +0000 2017,@AmazonHelp contact me on 09873436487 once,"246964,246965",246961.0
364700,202404,True,Sun Oct 08 19:25:17 +0000 2017,@116935 I would subscribe to the unlimited family plan in a heartbeat IF I could filter explicit lyrics.,364698,
727846,294368,True,Wed Oct 11 15:58:33 +0000 2017,@AmazonHelp I purchased an item and amazon charged me twice,727848,727845.0
963197,348579,True,Sat Oct 21 22:45:01 +0000 2017,@AmazonHelp I ordered at about 1am same day (said tonight between 6-10pm) They still say our for delivery...,963199,963196.0
2795405,780050,True,Tue Nov 21 21:52:06 +0000 2017,@AmazonHelp so much for 2 day delivery. As a prime member I’m very disappointed. SMH,2795404,
2769772,774354,True,Tue Nov 21 12:52:07 +0000 2017,@AmazonHelp La Poste,2769774,2769771.0
2961708,234421,True,Wed Nov 29 20:46:41 +0000 2017,I am so surprised my @115830 hasn’t turned up for the 3rd time despite being told for the 3rd time it would. Absolutely fucking useless,2961706,
913782,195050,True,Sat Oct 21 07:51:31 +0000 2017,@115850 do u nutheads even check the number of agent. 2nd time in row and damm number is wrong.. WTF is wrong with u?,913781,
2856561,793974,True,Mon Nov 27 21:28:38 +0000 2017,@AmazonHelp Genial. Gracias!,"2856560,2856562",2856563.0
1408294,447329,True,Wed Nov 01 22:20:20 +0000 2017,@AmazonHelp Filled it out. It said up to 12 business hours and still haven't heard anything.,1408292,1408298.0
1514366,309913,True,Fri Nov 03 18:02:28 +0000 2017,"@AmazonHelp Artikel Bestellnr. 304-2195493-9612361 war zum garantierten LieferZeitpunkt um 18.30 nicht da --&gt; Storno 
#Logistics 😠",1514364,
2888229,800867,True,Tue Nov 28 13:20:11 +0000 2017,@115850 https://t.co/8WHWII0aed,2888226,
781666,306375,True,Thu Oct 12 06:24:23 +0000 2017,@AmazonHelp Who told u guys to decide on ur own to return the order? Prime benefits u r supposed delivery as per the date selected but u guys failed,781664,780855.0
1392933,443968,True,Sat Oct 28 13:07:19 +0000 2017,@115821 is this yours and do you want it back (and what on earth is it)??? https://t.co/qPzZex6RGb,1392931,
2825561,787138,True,Mon Nov 27 09:54:09 +0000 2017,"@AmazonHelp If Prime next day is not available you should be refunding all Prime delivery customers for this month. Black Friday can't have taken you by surprise, it is a phenomenon of your own making as a retailer! It is simply not acceptable.",2825559,2825562.0
1042315,366440,True,Tue Oct 24 08:35:03 +0000 2017,"@AmazonHelp Still not get any response from Amazon , is this your services.",1135163,1042313.0
2831558,788396,True,Mon Nov 27 13:38:58 +0000 2017,.@115830 Beware of Amazon Prime “One day delivery” that then becomes 3 !!!! (Ordered Monday !!) https://t.co/ZQzOXUavFp,2831556,
971754,350525,True,Sun Oct 22 08:23:39 +0000 2017,"@AmazonHelp なんと！
早速アップデートして横画面表示を確認しました。
ありがとうございます。",971753,971755.0
2948086,814211,True,Wed Nov 29 16:32:28 +0000 2017,@AmazonHelp Still says arriving today but it’s not even out for delivery yet. Last time this happened my order didn’t show.,2948084,2948088.0
2227047,650077,True,Thu Oct 19 15:59:43 +0000 2017,No sé cómo @116928 sigue contando con los incompetentes de @137605 para realizar los envíos. Porque será lo más barato supongo.,2227046,
1537429,476637,True,Tue Oct 17 02:05:36 +0000 2017,@AmazonHelp I wouldn't have to if u could do your job properly. Let public see how you fail to keep your promises #unhappydiwali #whereismyorder,1537431,1537428.0
2394474,689335,True,Tue Nov 14 11:58:12 +0000 2017,Amazonからの荷物中身が足りない…　お買上げ明細は４点なのに３つしかはいってない…　うわー嫌だわ。,"2394473,2394475",
2292154,665670,True,Mon Nov 27 06:09:44 +0000 2017,"@AmazonHelp I get this mail from amazon, amazon not refund my money even i received bar of soaps instead of phone https://t.co/kMUbsGAjJm",2292155,2292153.0
841345,294377,True,Fri Oct 13 11:50:56 +0000 2017,@320156 @115850 Waiting for amazing response of amazon,841343,841346.0
437939,219035,True,Sat Nov 25 05:34:38 +0000 2017,@115821 not yet received shipment and delivery boy is not called me when I asked ecom express dey told unaccountably regions so please solve dis problem try to give it today it self delivery https://t.co/PFWVHxtQF1,"437938,437940",
174521,156915,True,Fri Nov 24 23:21:02 +0000 2017,@UPSHelp @115821 Hello? DM,174520,174522.0
2151976,632378,True,Sun Nov 26 13:18:10 +0000 2017,Thanks @115830 for leaving my parcel outside in the rain - very clever!!! https://t.co/9SdEm9PYhc,2151975,
1350308,434872,True,Fri Oct 27 17:56:36 +0000 2017,@AmazonHelp ....and the item didn’t arrive on any of those days this week. Hoping this ain’t a similar case but how when do deliveries stop?,1350309,1350306.0
894227,332320,True,Tue Oct 24 02:26:20 +0000 2017,"@AmazonHelp @115850 @115821 I am awaiting response on this, there are no replies on the emails as well, even after TAT is passed again.","894229,894230,894231",894225.0
782701,124407,True,Mon Oct 30 11:37:58 +0000 2017,@AmazonHelp Hey thanks for the link. Couple of agents were not able to fix the issue. They have asked for further 24-48hrs,782702,782700.0
1019535,361236,True,Sat Oct 14 16:19:57 +0000 2017,@AmazonHelp Now it’s saying it may not be delivered by the 17th? I have assignments due.,1019538,1019533.0
445438,220494,True,Wed Nov 22 10:26:04 +0000 2017,"@AmazonHelp Es una pena que por gente que no quiere trabajar como el repartidor que me llamo y no quiso acercarme el paquete, pierdan clientes que a priori estaban contentos pero que por el personal que tienen en atencion al cliente ya no lo esten tanto",445535,445437.0
1532109,475241,True,Fri Nov 03 20:36:12 +0000 2017,"@AmazonHelp Irgendwas stimmt da nicht. Könnt ihr das richtige Bild einsetzen? (Amazon.de, co.uk, ...)",1532108,
834826,318782,True,Fri Oct 13 08:07:52 +0000 2017,@AmazonHelp I think it was just a glitch I’ve restarted it and now it’s okay. Thank you x,834828,834825.0
1651701,504385,True,Tue Oct 17 14:44:37 +0000 2017,"@AmazonHelp You guys do an absolutely wonderful job of keeping your customers happy, relieved 2 kno my problem wil be solved, @115850 @AmazonHelp
Thx😊",1651703,1651700.0
2399798,690533,True,Fri Oct 20 11:45:23 +0000 2017,@115850 I am unable to add gift voucher in my account.Showng error. https://t.co/bcfqc7nUO6,2399797,
2387932,688077,True,Tue Nov 14 08:11:37 +0000 2017,"@AmazonHelp Preordered, they were shipped along with other amiibos and a Wii Remote in a large box together",2387935,2387931.0
2195592,642399,True,Thu Nov 09 21:59:34 +0000 2017,@AmazonHelp can i call that number from the uk? will it be chargeable?,2195593,2195591.0
166405,154653,True,Fri Nov 24 20:32:12 +0000 2017,Hey @115821 nice job making my account overdraw bc of something YOU did and then refusing to refund me properly. Don’t jerk your customers around. Fix it!,166401,
252819,140332,True,Thu Oct 05 17:24:39 +0000 2017,"@115850 any problem at Hyderabad, Telangana courier facility??",252817,
349256,199125,True,Sun Oct 08 08:18:35 +0000 2017,@AmazonHelp But in amazon app it's still yet to be dispatch and same confirmed with customer care through phone,349258,349255.0
1680541,510991,True,Tue Oct 17 16:19:44 +0000 2017,"@117086 Olá, poderiam me ajudar?",1680540,
137036,146904,True,Fri Nov 24 09:43:36 +0000 2017,@AmazonHelp what's with no Next Day delivery for Prime? If I order Friday morning I have to wait till Monday despite it saying one day delivery?,137035,
986974,353883,True,Sat Oct 14 07:08:42 +0000 2017,@115850 Order# 404-4909142-9424306 ordered on 21st September.  Having issues from day1 still issue not resolved.  Not sure whom to contact,"986973,986975",
865718,325584,True,Fri Oct 13 14:44:14 +0000 2017,"@128308 Hi team, when u will be announce the winners of #FireUpYourTv contest ??? Can't wait anymore!!! Please announce asap.. super duper excited",865716,865721.0
393083,209088,True,Mon Oct 09 17:43:09 +0000 2017,@115821 I have called your customer service number now and they were great! Hopefully have delivery tomorrow now :),394470,393082.0
2817784,785456,True,Mon Nov 27 04:33:25 +0000 2017,"届いた(^○^)
Amazonは便利だなぁ(^○^) https://t.co/PdWNHCCnGa",2817783,
619202,266931,True,Wed Nov 22 14:15:42 +0000 2017,@115851 Can this be solved and attended positively. @115851 @AmazonHelp @115850,619201,619203.0
440997,219630,True,Thu Oct 19 12:53:07 +0000 2017,"@AmazonHelp I was told that your representative will call me and resolve the issues, nothing has happened as of now. #irresponsible",440998,440996.0
2694973,757359,True,Sun Nov 19 18:06:27 +0000 2017,@115830 disappointed. You shouldn't confirm orders if you aren't prepared to deliver. People rely on you and I am left feeling let down.,2694972,
2358960,681281,True,Mon Nov 13 20:03:51 +0000 2017,@115821 was it really necessary to package the tiniest thing in so much paper and this huge box? The mind boggles... 🤔 #Amazon #AmazonPrime https://t.co/hvMZyih5BP,2358959,
926289,339790,True,Fri Oct 13 18:35:46 +0000 2017,@AmazonHelp Es NECESARIO que dejéis de trabajar con @135806,926288,
2868369,796586,True,Tue Nov 28 01:25:37 +0000 2017,Llegar a tu casa y encontrarte con este paquete 😍😍😍 gracias @116875 @399451 https://t.co/Wuie0evULP,2868368,
2843737,791118,True,Mon Nov 27 17:08:08 +0000 2017,". @115830 @AmazonHelp don't quite think leaving my parcel at my front door counts as a ""secure location"" ... https://t.co/5Irw1pHnOu",2843736,
1220911,406472,True,Thu Oct 26 07:24:42 +0000 2017,@AmazonHelp Just that “technically” I wouldn’t qualify because I didn’t make all the purchases. What’s the point then of sharing the baby list,1220912,1220910.0
2896048,270206,True,Tue Nov 28 17:48:36 +0000 2017,@AmazonHelp That's great. I'll be in bed.,2896049,2896047.0
1950379,378469,True,Wed Oct 18 14:32:06 +0000 2017,So disappointed that @AmazonHelp doesn't have the guts to call me re the issue with them putting a $1.00 charge on my credit card.,1950375,
2621018,364088,True,Fri Nov 17 16:17:02 +0000 2017,@AmazonHelp Today November 17 and when I check the tracking number it say November 20.,2621020,2621017.0
1553294,480567,True,Sat Nov 04 10:38:39 +0000 2017,@AmazonHelp Und auch über iOS … aus der amazon app raus… ich kann nichts kaufen.,1553292,1553296.0
1188559,380783,True,Wed Oct 25 08:46:38 +0000 2017,@AmazonHelp As per the courier site it was to be delivered by 25th and it's not even shipped!! Big appliances Amazon is way behind Flipkart!,"1188561,1188562",1188558.0
2734299,164788,True,Mon Nov 20 19:12:56 +0000 2017,"@AmazonHelp I have the kindle edition of ""Wolves of the Calla"", but the android app isn't giving me the option to buy the whispersynx audible version too, which it does for every other book?",2734298,
669156,279580,True,Thu Nov 23 04:47:23 +0000 2017,@AmazonHelp Thank you !,669155,669157.0
682587,119454,True,Thu Oct 19 07:26:27 +0000 2017,"have joined @119625 yesterday. hopefully it turns out good enough vfm..

cc @AmazonHelp",682586,
20414,120460,True,Wed Nov 01 07:14:25 +0000 2017,"@AmazonHelp あああ……いえ、今は指定時間少し過ぎてるだけなのでそこまで気にしてないです大丈夫です
すみませんありがとうございます",20416,20413.0
969353,350086,True,Sat Oct 14 06:14:46 +0000 2017,@AmazonHelp Should I ? I don't think so,969354,969352.0
863985,158258,True,Mon Oct 09 17:24:54 +0000 2017,"@AmazonHelp worst ever shopping experience with amazon.
Even after joining prime membership,m nt getting my ordr on promised time.",863984,
37625,124166,True,Wed Nov 01 14:18:58 +0000 2017,"Help @AmazonHelp! My Amazon Prime biz acct was hacked. Someone reset email address, and I can't sign in to report it.",37624,
21518,120700,True,Tue Nov 07 06:53:29 +0000 2017,@AmazonHelp I've contacted my bank as you asked to do so in email but my bank said Amazon need to raise complain,21521,21516.0
317302,191725,True,Sat Oct 07 06:45:12 +0000 2017,@115850 just delivered me a broken room heater.,"317301,317303",
2817792,785457,True,Mon Nov 27 04:30:00 +0000 2017,@AmazonHelp How do I check this? When I got to check out and I click on the address it says weekend delivery and Saturday abd Sunday are ticked. But is there another setting?,2817791,2817793.0
254670,176529,True,Thu Oct 05 18:10:14 +0000 2017,"@AmazonHelp Sí, un pedido que tuve que haber recibido anteayer y el operario de turno no me puede asegurar una hora de entrega ni un sitio parta recoger el paquete. 

Y encima queréis subir el precion de Prime? Lo que voy a hacer es cambiar de proveedor de comercio electrónico.",254668,254673.0
844102,329221,True,Fri Oct 20 19:26:53 +0000 2017,@117086 No valor brasileiro ou americano??,881127,844097.0
2297764,656688,True,Sun Nov 12 16:41:55 +0000 2017,@AmazonHelp Waiting for your response @AmazonHelp,"2297765,2297766,2297767",2297762.0
2236264,652177,True,Fri Nov 10 18:45:11 +0000 2017,@AmazonHelp Can I order a pair of official boxing gloves?,2236263,2236265.0
1363781,437551,True,Fri Oct 27 20:03:45 +0000 2017,Let down by @115830 delivery... So need ideas for Halloween costume places in Oxfordshire for a party tomorrow night.,1363779,
1737589,520846,True,Tue Nov 07 09:58:33 +0000 2017,@AmazonHelp we have a mail no reply for Amazon.in,1737588,
36592,123971,True,Sat Nov 04 10:08:11 +0000 2017,"@AmazonHelp @115850 

R u guys crazy..

I have already done that..",36593,36591.0
735257,184639,True,Wed Oct 11 11:59:23 +0000 2017,@AmazonHelp It was estimated a week after I got it,"735258,735259",735256.0
170938,155864,True,Fri Nov 24 21:59:43 +0000 2017,@AmazonHelp thanks. I sent an email,170936,170939.0
62415,130298,True,Sat Nov 25 16:28:38 +0000 2017,@117086 EU TE VENEROOOOOO MEUS LIVROS JÁ CHEGARAM SCRR,62414,
1499811,468210,True,Fri Nov 03 14:42:44 +0000 2017,@AmazonHelp Does this mean I'm not eligible for the @115821 #prime 10$ reward when loading gift card balance? https://t.co/KN43paAmdw,1499810,
2291182,665473,True,Sun Nov 12 12:31:59 +0000 2017,@AmazonHelp Why?,2291183,2291181.0
2532494,531345,True,Mon Oct 30 12:08:20 +0000 2017,@115821 cont. Items never come when promised don't promise what you can't deliver! #tobigtofail ???,2532493,
1727856,522507,True,Tue Nov 07 10:37:44 +0000 2017,@AmazonHelp I had a delivery about a week ago while I was away (shipping no. Q27006479623) &amp; I’ve returned to find just an empty envelope...,1727855,
277104,182214,True,Sat Oct 14 14:01:14 +0000 2017,@AmazonHelp I ordered something through prime and now it’s going to be almost a week. And yet it says order by today to receive in 2 days?,277106,277103.0
2366334,683094,True,Mon Nov 13 22:37:34 +0000 2017,I returned a textbook rental and was promised money back but 2 weeks later and still nothing. What's up??🤷🏻‍♀️ @115821,2366332,
2280445,662923,True,Sat Nov 11 20:20:43 +0000 2017,@AmazonHelp Your Prime Delivery Service has been yet again a let down 🙁 Promised Delivery today never happened,2280444,
2698874,758274,True,Sun Nov 19 20:25:38 +0000 2017,@AmazonHelp One email saying delivery was attempted - untrue as I've been in all day and no delivery card. The other isn't clear what's going on although one day delivery meant today it now states 20-21st estimated date!,2698876,2698873.0
685702,283683,True,Thu Nov 23 13:50:28 +0000 2017,"@AmazonHelp The problem is that my whole account is being locked!

Nothing much to do here unfortunately... https://t.co/DR9UJcEkSN",685703,685701.0
387572,207734,True,Mon Oct 09 13:49:14 +0000 2017,@AmazonHelp When will my order get delivered. Please give delivery boy's correct contact details,387574,387571.0
894270,332327,True,Fri Oct 20 21:17:21 +0000 2017,"@115821 hi there. If I have a high priority billing issue on AMS, how do I seek help? Please let me know.",894269,
1822318,547067,True,Sun Nov 26 07:26:37 +0000 2017,@AmazonHelp J'en ai déjà fait un il y a plus de 9h,1822320,1822317.0
2593181,734380,True,Fri Nov 17 02:10:32 +0000 2017,"When @115821 guarantees next-day delivery, don't believe it. Son needed a book by tomorrow. Not even in the same state right now. @115817",2593179,
937357,342213,True,Wed Oct 25 05:14:59 +0000 2017,@AmazonHelp deadline was before 26 money will tranceperd but still waitingthis was very bad I thing now time to come go to-consumer forum forcomplaint,937359,937356.0
2838507,789970,True,Mon Nov 27 16:03:04 +0000 2017,@AmazonHelp Les dejé mensaje. :),2838510,2838506.0
275871,181904,True,Fri Oct 06 05:54:27 +0000 2017,I love how @115821 won’t allow you to post a negative experience on a product review ... https://t.co/2XyMVumtat,275870,
1748162,526976,True,Tue Nov 07 15:42:46 +0000 2017,@AmazonHelp Its been 6 days and no one is coming to collect return of my https://t.co/OibBx3npKC guys have to take ur customer seriously,1748161,
994011,355478,True,Sat Oct 14 11:56:41 +0000 2017,"@115821 prime is getting watered down. Got a promise ""in stock. want it tomorrow? order in next x hours"". Confirmation says arriving 3 days",994009,
394445,182608,True,Wed Oct 11 03:28:58 +0000 2017,@AmazonHelp Sent and received a reply please check dm,394446,394444.0
2449421,702036,True,Wed Nov 15 02:47:28 +0000 2017,@AmazonHelp (まだ買ってない),2449420,2449422.0
2133304,323710,True,Thu Oct 19 10:36:47 +0000 2017,@AmazonHelp Despite my numerous reminders that has not happened,2133306,2133303.0
25295,121471,True,Sat Nov 04 16:10:55 +0000 2017,@AmazonHelp Yup and this is the third time,25297,25294.0
1622300,497045,True,Tue Oct 17 13:02:49 +0000 2017,"@AmazonHelp sí, en https://t.co/c2s1la0rzc",1622302,1622299.0
494906,233025,True,Fri Dec 01 17:47:07 +0000 2017,Got all my Christmas shopping done for my family yesterday! Ordered everything off @115821. I love prime 😀,494905,
534136,243711,True,Sat Dec 02 12:08:46 +0000 2017,@AmazonHelp Yes I've refreshed the map but the van's been there since 10.30 and still four deliveries ahead of me. I'll keep waiting!,534138,534135.0
364004,187547,True,Sun Oct 08 18:56:22 +0000 2017,@AmazonHelp been getting this last for days shocking service,364002,
1367541,376351,True,Fri Oct 27 21:58:45 +0000 2017,"Hey @117086, acho que alguém gostou da caixa. #catsofinstagram #gatos #amazon https://t.co/ECuilYrAwu",1367540,
2825607,787142,True,Mon Nov 27 09:57:17 +0000 2017,@115821 I placed a per-order for Xanathar's Guide To Everything back in July and I gotta I am beyond annoyed that the pre-order was never fulfilled. The book hasn't even been dispatched. What's going on? @30934 @108388 @108389,2825605,
1719107,204315,True,Tue Nov 07 06:38:21 +0000 2017,I assume Amazon are hiring Lewis Hamilton as a delivery driver if they're only dispatching the One X today :) https://t.co/LP4Rs8IehU,"1719106,1719108",
644063,272885,True,Thu Oct 26 16:40:13 +0000 2017,@AmazonHelp Already done in last week. Check my old tweet and take reference link from those. Post me now what action u r taking and hw much time u need,644061,644064.0
96797,137126,True,Thu Nov 30 16:44:28 +0000 2017,@AmazonHelp YES! Amazingly so!,96799,96796.0
1522618,473143,True,Fri Nov 03 20:58:46 +0000 2017,@AmazonHelp Found it thank you,1522617,1522619.0
833916,318592,True,Fri Oct 13 07:21:08 +0000 2017,@AmazonHelp this s worst exprnc.Order#406-8418957-2651557/# 408-4719490-3562732.U gave faulty camera &amp; gave wrong 1 as replacemnt @115850,"833915,833917,833918,833919",
299654,187426,True,Fri Oct 06 19:49:35 +0000 2017,@117795 delivery driver left no card not even attempted delivery. What’s the point in your service #aweful,299653,
622448,267740,True,Wed Nov 22 17:38:39 +0000 2017,@115830 called ur customer service... me: I was sent an item that expired. CS in India after 15 min: did you look around your house? Me (losing it!) Are U freaking killing me? CS in India: hung up! Well done Amazon #greatcrapcustomerservice!,622446,
1097695,379033,True,Mon Oct 23 21:59:33 +0000 2017,Acabo de encontrar un mega ofertón en @116875 con Super Mario Odyssey y con Prime me salió aún más barato 😱😱 https://t.co/iyUoc3enKD,1097693,
1786547,536735,True,Sun Oct 29 05:56:38 +0000 2017,@AmazonHelp Here the product is available of cod as u can c in the pic and i have tried shipping the product in Jharkhand as well as in wb!,"1786549,1786550",1786546.0
2700814,758694,True,Sun Nov 19 20:54:58 +0000 2017,@AmazonHelp Yes the package that was due today by 8pm https://t.co/UT68QaVFL1,2700816,2700813.0
270935,180632,True,Fri Oct 06 14:03:07 +0000 2017,@AmazonHelp I can not afford cash on delivery stuff on Amazon.,270937,270933.0
383273,182810,True,Sat Oct 14 07:41:01 +0000 2017,@AmazonHelp Again full week no follow up. Am I supposed to let time pass even further.it's been 4 https://t.co/E27BKg57V7 shld hv made ur responses btr,383275,383271.0
2652426,748045,True,Wed Nov 22 08:30:00 +0000 2017,@AmazonHelp sent,2652427,2652425.0
915994,337484,True,Sat Oct 21 08:49:52 +0000 2017,@115850 still waiting for my #echo invite.. been 2 weeks,915993,
1592458,187646,True,Sun Nov 05 01:08:43 +0000 2017,"@115821 So, is a 4-day delay what we should all expect for ""Prime Delivery"" over the next few months?  #TooLate",1592455,
1288197,421300,True,Thu Oct 26 19:07:20 +0000 2017,@AmazonHelp @115828  Still shipping Special Edition games in thinly padded envelopes? Not good. My box is damaged. #fireemblemwarriors,1288193,
522552,240704,True,Sat Dec 02 04:02:20 +0000 2017,"@AmazonHelp , Team , I am trying to subscribe for kindle unlimited for one month via 'Amazon pay'. It's not allowing. 
Error says, credit/debit card needed to continue subscription! that's users choice. You cannot define it. This is disappointing!",522551,
1240376,132485,True,Mon Nov 13 16:05:37 +0000 2017,@AmazonHelp I have received the email. Will wait until products are delivered before replying.,1240377,1240375.0
894268,332326,True,Fri Oct 20 21:34:44 +0000 2017,.@115821 Why do you list products for sale only to cancel 2-3 days after the purchase? Get your shit together. Order #112-1353965-5517002,894267,
1210667,404178,True,Wed Oct 25 11:36:30 +0000 2017,"Payed in advance for OnePlus5,wich was undelivered with FALSE reason:rejected by buyer,Still want this product,plz HELP @115851 @115850","1210666,1210668",
2309346,669804,True,Mon Nov 13 03:11:40 +0000 2017,Apparently One Day shipping for @115821 Prime is BS because every time I order something in that time it takes 3-4 days. And the customer service say they'll fix it but it still takes forever.,2309344,
199974,163178,True,Wed Oct 04 17:53:22 +0000 2017,"@115850 what kind of deal you are talking about?
Only ad and nothing on ground reality. Lighting deal and regular price no change, focus. https://t.co/fJwfrlwizk",199973,
1771754,405842,True,Sat Nov 11 10:47:02 +0000 2017,@AmazonHelp pas encore c'est en cours! :p,1771752,1771756.0
2571901,729313,True,Thu Nov 16 20:47:46 +0000 2017,@AmazonHelp I was told by UPS that they delivered my package to USPS,2571902,2571900.0
309478,189917,True,Sat Oct 07 01:18:22 +0000 2017,"@115850 Can you see, these guys selling AMAZON PACKING TAPE. People can fake ur courier service, https://t.co/fPPAqW57te https://t.co/Ml5mwU0Qj0",309476,
472386,227497,True,Fri Dec 01 09:14:59 +0000 2017,"@115830 @AmazonHelp 
The ""best"" delivery service in the world.
I'll think twice before buying anything on #Amazon again 😂 😡 https://t.co/qnPJQ7z4LF",472385,
1528669,474598,True,Fri Nov 03 19:46:19 +0000 2017,@115821 lets not say 2 day shipping when it ends up taking 4.  What's the point in having Prime?,1528668,
2216857,647669,True,Mon Nov 13 10:54:10 +0000 2017,@AmazonHelp https://t.co/gwRRgdeS4Y,2216864,2216855.0
2395773,689665,True,Tue Nov 14 12:58:49 +0000 2017,@AmazonHelp No.,2395774,2395772.0
180071,158379,True,Wed Oct 04 18:28:22 +0000 2017,@AmazonHelp I told ur customer service. But I need my product fast,180073,180070.0
2343955,677880,True,Mon Nov 13 15:31:01 +0000 2017,@115830 please make your delivery people aware that not everyone can take parcels in for neighbours Could be elderly Living alone Unable to get to the door Got filthy look when I refused today!,2343953,
2547073,225842,True,Thu Nov 16 15:10:11 +0000 2017,@AmazonHelp solved,2547075,2547072.0
1021516,310707,True,Thu Oct 12 15:27:21 +0000 2017,@AmazonHelp I want to return some extra money 💰 which was transferred into my account by mistake. Please write back so that I can share details. Diwali 🌋 Gift 🎁 from me. Khusiyoo ki Diwali,1021515,
2105904,621544,True,Wed Nov 08 13:04:51 +0000 2017,Amazonで頼んだCD郵便局配達のやつケース割れてる……最悪………,2105903,
643859,272845,True,Fri Oct 13 09:49:33 +0000 2017,@AmazonHelp This was on https://t.co/8ZO7s7rLpC. And I sent a 31th mail to get my money back. I guess I will have to explain my situation again again,643860,643856.0
658853,700392,True,Mon Jun 05 17:23:32 +0000 2017,@116618 When?,2442412,658850.0
2429474,697472,True,Tue Nov 14 19:53:14 +0000 2017,Thank God @115830 filled the box with extra paper packing.... would have been gutted if my new duvet had smashed in transit!,2429473,
1155080,391728,True,Tue Oct 24 17:47:21 +0000 2017,"Je reçois donc mon livre dans cet état, mais en plus il me manque deux articles !! @120533 #Inadmissible https://t.co/HglkOZ0mxe",1155078,
2935151,811520,True,Wed Nov 29 15:11:23 +0000 2017,"@AmazonHelp Hi @AmazonHelp, spent the last 52 minutes on the phone with customer services, but after being lied to in writing over email by 2 amazon representatives, you still won’t honour your promises. I think I now need to go to @146698","2945514,2945515",2935150.0
1326918,429595,True,Sat Oct 28 10:20:46 +0000 2017,"@AmazonHelp And ""escalating"" it has had absolutely no effect on Amazon whatsoever. How do I speak to a senior manager within Amazon? This is pathetic!",1326919,1326917.0
138975,147314,True,Fri Nov 24 11:03:04 +0000 2017,@115850 Any exchange offers for oneplus5,138974,5181.0
2529278,690320,True,Thu Nov 16 06:21:25 +0000 2017,"@AmazonHelp Hi, my echo dot is on software build 591452520 but according to your site thas not the ‘current’ version. I can’t get it to change. Is this right or wrong? Thanks",2529277,
1380941,441433,True,Sat Oct 28 22:26:53 +0000 2017,@AmazonHelp Will you please respond?,1380942,1380940.0
236633,172355,True,Thu Oct 05 14:31:11 +0000 2017,@AmazonHelp Surely if your driver had time to write up a sheet he had time to knock and deliver?,236634,236632.0
2841931,259015,True,Mon Nov 27 16:41:24 +0000 2017,@115821 You learned of this potential delay... The day after it was scheduled to be delivered??? https://t.co/pWg6bjI3bq,2841928,
485326,229906,True,Fri Dec 01 14:53:07 +0000 2017,@AmazonHelp Mohamed Thariq,485324,485328.0
2516934,716975,True,Wed Nov 15 23:56:25 +0000 2017,"@115821 how can you change the delivery day to TODAY from Saturday and only tell me this morning, advise it will be here by 8pm so someone has to wait in all day then not bother to actually deliver?? Awful service.",2516933,
1245888,412278,True,Thu Oct 26 00:53:42 +0000 2017,@AmazonHelp Realmente agradezco su ayuda. Ayer ingrese por esa opción que Ud me indica e indiqué el caso pero no se tomaron las previsiones.,1245889,1245887.0
2283735,663672,True,Sat Nov 11 15:09:05 +0000 2017,@AmazonHelp Obrigada por terem retirado a cobrança,2283736,2283732.0
393117,209097,True,Mon Oct 09 16:44:07 +0000 2017,"My order is supposed to delivered by 8PM . Its now 10 PM  have not delivered yet, Order No: 407-3441668-9989163.@115821","393116,393118",
994179,178186,True,Sat Oct 14 12:04:10 +0000 2017,@AmazonHelp No one can hosthe images! Your EU image server is down! https://t.co/w5H4CuZVl0,994181,994178.0
219559,168355,True,Sun Sep 17 11:23:18 +0000 2017,"@AmazonHelp @115851 thr is no new comm.if u r talking abt mail sent on 10 sept,i hav already replied to it,attached is pic for ur reference. https://t.co/TrLU9KhOnL",219558,219560.0
2634792,743831,True,Fri Nov 17 19:07:30 +0000 2017,1 hora le queda a @116928 para que mi paquete llegue... 😔,2634791,
1124601,385171,True,Tue Oct 24 08:05:02 +0000 2017,@AmazonHelp Hola este domingo he comprado en amazon ESP y he escogido el Envío estándar expresamente y vosotros lo envias con envío express😠,1124599,
887894,330826,True,Sun Oct 15 15:53:41 +0000 2017,@AmazonHelp Any update on the same???  Don't you think it's high time to escalate the same to higher grievance cell?,"887896,887897",887893.0
1211710,404398,True,Wed Oct 25 12:05:53 +0000 2017,Pathetic service @115850 who said you give a nice customer service when i am not gtng my @132995 5 since 5 days. Dlvry date was 21 oct.,"1211709,1211711,1211712",
832903,318366,True,Fri Oct 13 08:25:30 +0000 2017,"@AmazonHelp yes that's why, I mentioned @36701, in fact I had no problems with the other books I ordered on @115821 @120533, thanks !",832904,832902.0
329203,194473,True,Thu Nov 09 18:29:56 +0000 2017,@115850 Ordered one prdct on 16th oct17 ordno-4__credit_card__ still installation has been not done.Fraud company making fool to their customers.,329202,
2223738,649337,True,Thu Oct 19 15:42:36 +0000 2017,.@115821 why is it so hard to buy audible books,2223737,
1937783,576442,True,Sun Oct 29 01:56:31 +0000 2017,"@AmazonHelp I haven't, is this the best way to troubleshoot this ?",1937785,1937782.0
2126657,626206,True,Wed Nov 08 17:56:30 +0000 2017,"@AmazonHelp hi, I ordered a toddler sippy bottle and only the lid arrived! Help please.",2126656,
1412534,448244,True,Thu Nov 02 00:51:05 +0000 2017,"amazon needs to get herself together, where's my book for history",1412532,
1340659,141436,True,Fri Oct 27 15:30:25 +0000 2017,"@115830 got my delivery not in a box, damaged and stickers all over it? Not sure it’s going to be a great present anymore! What happened",1340657,
2696120,757628,True,Tue Oct 31 18:29:00 +0000 2017,"@AmazonHelp Yes, and I got to the the success page. I can view them in my order, but they still say ""pending."" :-(",2696122,2696119.0
464343,225411,True,Fri Dec 01 03:31:56 +0000 2017,"@115850 I received my parcel y'day. The invoice, your seller has sent, is half of the actual size. And you have also not mentioned the Delivery charges i paid. 
@AmazonHelp https://t.co/fsUdpTc4c8",464342,
2459152,550740,True,Wed Nov 15 06:16:59 +0000 2017,Today I had a horrible experience with an @115821 employee. I was threatened &amp; was told I was lucky he didn't beat me up. Who are u hiring? https://t.co/cDvy4V7ZJ7,2459150,
2941970,667435,True,Wed Nov 29 16:27:03 +0000 2017,@AmazonHelp Yes but can't u take order number and relay it to your team to look into.?That's the way all others do it too.,2941971,2941969.0
861814,324639,True,Fri Oct 13 14:31:24 +0000 2017,@115850  बहुत ही घटिया सर्विस है आपकी। 10 दिनों हो गए प्रोडक्ट return pickup के लिए कोई नही आया। मैने कई बार compalaint भी किया।,861813,
1501752,468578,True,Mon Oct 16 17:23:41 +0000 2017,@AmazonHelp アマゾンプライム会員なのにログイン出来ない場合があります。またログイン出来ても映画が見れません！,1501751,
2918679,309090,True,Wed Nov 29 00:30:55 +0000 2017,@115821 AND SOMETHING ELSE I KNOW THE FOOL YHAT PUT THIS SHIT ON MY PORCH KNEW WHAT WAS HAPPENING,2918678,2918680.0
2318492,426973,True,Thu Oct 19 22:52:52 +0000 2017,"@AmazonHelp Should make that obvious in the ordering process. Didn't say it was going to come like that, now a bday present is spoilt..","2318494,2318490,2318495",2318496.0
1192328,226259,True,Wed Oct 25 04:16:13 +0000 2017,Worst experience.Item returned without any contact for delivery.Kindly arrange for refund ASAP so I can get the item elsewhere @115850,1192327,
269123,180169,True,Fri Oct 06 03:57:14 +0000 2017,"@AmazonHelp 確認できました。
ありがとうございました、

今日、支払いしても明日には届かないですよね？",269124,269122.0
426362,216408,True,Tue Oct 10 12:08:16 +0000 2017,@216409 Still waiting for my copy through amazon,426361,426363.0
738428,296612,True,Wed Oct 11 12:57:30 +0000 2017,"@AmazonHelp Gracias a vosotros, si q me habéis dado una sorpresa! 😁✌️",738430,738427.0
207767,165139,True,Wed Oct 04 21:11:21 +0000 2017,"@165140 @165141 @165142 @165143 @133324 @115821 Thanks fam, I just feel awful.i feel like I mislead everyone 😭wahh, I hope it all works out😢","207766,207768",207769.0
765843,303030,True,Sat Nov 25 08:44:41 +0000 2017,so I just realized the student prime membership on amazon ended and I was charged 108$ two months ago... and I just noticed... sad day lol,765841,
128099,782396,True,Wed Nov 22 02:31:59 +0000 2017,@123813 Cuando do estará lista la tercera temporada de MR ROBOT en México?,2805102,128093.0
2764413,625793,True,Tue Nov 21 08:57:15 +0000 2017,@AmazonHelp Responded to the link,2764414,2764412.0
2245392,654426,True,Sat Nov 25 15:20:43 +0000 2017,@AmazonHelp My account was blocked by Amazon when I tried to purchase an item (I have no idea why!) and I received an email asking me to send my card statement to a US fax number. I'm in Brazil and I don't have access to fax. Can you please help me to restore my account?,2245391,
91506,135838,True,Sat Dec 02 04:57:00 +0000 2017,"@AmazonHelp @115851 @115850 @4773 @AmazonHelp  now see 4 more Screenshot of Order ID-4__credit_card__. __email__, Reg Mob-9717597841.i am perpetually contacting Amazon to Deliver this product on High But ATS failed to Deliver.Need Token of Apology for this Rs1000 Gift https://t.co/4BtNTr9Ixl",91507,91505.0
1466813,251111,True,Thu Nov 02 19:35:35 +0000 2017,"Hey @115821 this is not camp kern property, every delivery to this location has ben botched in some fashion. Please fix this issue. https://t.co/liwScRRv61",1466810,
2456116,703561,True,Wed Nov 15 03:46:13 +0000 2017,Order placed at midnight and got the delivery before I woke up. 👏 @115850,2456115,
343066,197674,True,Sun Nov 19 18:57:38 +0000 2017,"@AmazonHelp I am sure, you can contact the seller and ask them to exchange the product, but you will not do it.",343069,343065.0
2515884,716696,True,Wed Nov 15 23:20:25 +0000 2017,"@116875 Hola,  ¿se puede usar amazon cash también para los ebook kindle?",2515883,
2816338,233664,True,Mon Nov 27 18:06:50 +0000 2017,@AmazonHelp I'll find out when I get back to Kansas City,2845416,2816337.0
138977,147315,True,Fri Nov 24 10:43:54 +0000 2017,20日にAmazonから発送メールが来たのにまだ届かないのは遅くない？そんなもの？,"138976,138978",
1873884,559457,True,Fri Oct 20 09:01:49 +0000 2017,@AmazonHelp just action all my previous requests for you to actually unlock the account.,1873889,1873882.0
1349097,434617,True,Mon Oct 16 13:50:42 +0000 2017,@115850 ur CC don't knw abt d products offered. Misleading customers. Everytime I call I am surprised with a new T&amp;C attached to the offer,1349095,
2400350,690656,True,Fri Oct 20 12:01:25 +0000 2017,@115850 Order no 171-2862611-2263524 ! Your customer care people are liar &amp; inspite of ordering goods worth 20 lac dis year mistreated,"2400349,2400351",
498406,233977,True,Fri Dec 01 18:58:35 +0000 2017,Terrible packing job by @115821 on my Xenoblade Chronicles 2 COLLECTOR’S EDITION. Notable scuffs on the large box for it. What the heck?! https://t.co/V87GZQhQTn,"498407,498408,498405",
218162,168013,True,Wed Oct 04 16:04:57 +0000 2017,Ganhar um @117804 do boy é tudo de bom!,218161,
2488531,710676,True,Wed Nov 15 16:56:26 +0000 2017,@AmazonHelp  I am user from India.. So it's Amazon.in..,2488534,2488530.0
1238804,410572,True,Sat Nov 25 21:08:16 +0000 2017,"@AmazonHelp Nunca li, mas já ouvi falar bem do livro",1238805,1238803.0
1264517,416105,True,Thu Oct 26 11:56:56 +0000 2017,"@AmazonHelp all the prime items i checked so far quoted Oct 28 for NJ address but all of them quoted Oct 30 for CA address, not 2 days????",1264516,
2810283,783721,True,Wed Nov 22 06:46:34 +0000 2017,AmazonからCD届いて開けたら思いっきり割れてた！カラ松の顔にヒビ入ってる！カラ松は運がなくてかわいいな～！（病気） https://t.co/gsHOHmeS5q,2810282,
272171,180956,True,Fri Oct 06 02:42:22 +0000 2017,How often does the prime pantry restock? @115821 😥🤔,272170,
888313,191060,True,Sat Nov 25 16:08:04 +0000 2017,"@AmazonHelp my package said it was attempted yesterday, even though someone was home all day and the mail never came. today, it says that it requires further action because there’s a problem with the shipping address. i’ve used the same address for everything. what’s the problem?",888312,
2723397,296491,True,Mon Nov 20 11:03:33 +0000 2017,"@116928 ¿Por qué me dice que ""la promoción no es válida"" (10€ por suscribirme por primera vez a Amazon Music Unlimited)? https://t.co/gpn1EvP9Sl",2723396,
1578731,341688,True,Sun Oct 29 03:10:10 +0000 2017,@AmazonHelp So how are you going to correct this?!? This isn't a one time problem. This happens often when I order for you ppl.,1578733,1578729.0
777866,305712,True,Thu Oct 12 03:59:21 +0000 2017,夜にアマゾンで注文したんだけど、未だに支払いメールが来ない…在庫はあるみたいだったんだけどなぁ。,777865,
2384120,687214,True,Fri Oct 20 08:35:26 +0000 2017,@AmazonHelp It said November 7th,2384122,2384119.0
1090892,377387,True,Sun Oct 15 16:00:58 +0000 2017,@AmazonHelp We were told it would be here yesterday before 9pm. It wasn't updated until after 9pm to say otherwise.,1090894,1090891.0
1827325,548438,True,Wed Oct 18 04:41:18 +0000 2017,まってAmazonのアカウント乗っ取られてるやん絶対。あたしメアドとか変更してないよ。どーすればいいの。 https://t.co/SZyWPEIDNE,1827324,
354664,171396,True,Tue Oct 31 01:49:30 +0000 2017,@AmazonHelp すいません、ありがとうございます,354662,354666.0
101790,138296,True,Fri Dec 01 02:15:35 +0000 2017,@AmazonHelp They shipped yesterday (Wednesday) and won’t be here until Monday. I think our ideas of two day shipping is a bit different.,101792,101789.0
93662,136302,True,Thu Nov 30 15:28:51 +0000 2017,@115830 website won’t let me use the pantry10 code on my first order 😩,93660,
611218,265318,True,Wed Nov 22 14:04:17 +0000 2017,@AmazonHelp ご連絡ありがとうございます。先程カスタマーサービスの方とお話しし、今回はキャンセルして再度購入し直した方が早いとのことでそのように対応しました。未発送商品の住所を強制変更は難しいかもしれませんが、ダイアログ等出して変更可否を選択可能にすれば良いと思います。,611220,611217.0
1741756,458242,True,Tue Nov 07 20:22:29 +0000 2017,"@AmazonHelp Si vous êtes vraiment d'Amazon, vous n'avez pas besoin de mes identifiants pour accéder à mon compte interne. Cordialement","1741757,1741758,1741759",1741754.0
416979,214483,True,Tue Oct 10 03:23:33 +0000 2017,"@AmazonHelp No, some one logged in and changed her the e-mail linked to the account as well as password",416977,416984.0
1455305,457776,True,Thu Nov 02 15:10:45 +0000 2017,@115821 1/3 you put in a lot of packaging together to deliver our products in good condition. What if you'd take back the packaging from us,1455304,
1990285,589011,True,Wed Oct 18 22:31:20 +0000 2017,@AmazonHelp You people showing wrong information that courier unable to contact us though I am informing your customer care that delivery guy phone if,"1990287,1990288",1990284.0
320375,192338,True,Sat Oct 07 12:40:01 +0000 2017,@AmazonHelp I’ll pop out and hope for an evening delivery 📦 😊,320376,320374.0
711107,290062,True,Tue Oct 10 21:43:37 +0000 2017,@AmazonHelp Maybe use REALLY deliver people like ups and fed ex instead of Uber drivers!!,711113,711106.0
93527,136272,True,Fri Dec 01 02:19:09 +0000 2017,@AmazonHelp I placed an order on Monday with guaranteed delivery on Wednesday the 29th. I am still waiting for them to be delivered.,93529,93526.0
673223,280579,True,Thu Nov 23 07:32:32 +0000 2017,@115850 poor service ..very disappointed,673222,
2750376,770021,True,Tue Nov 21 01:20:57 +0000 2017,@AmazonHelp Canada Post,2750377,2750375.0
394881,209571,True,Sat Nov 25 05:16:13 +0000 2017,Me he pillado hace unos días en el Black Friday el FIFA 18 a 38€ en @116928 Una ganga comparado al precio oficial entre 50€-60€ #BlackFriday https://t.co/wGxSoL8JDH,394880,
502469,235042,True,Fri Dec 01 20:03:56 +0000 2017,"Ey @130293, estaría bien que tanto en la app como en la web tuviérais un apartado de novedades, para ver lo que vais incluyendo en vuestro catálogo. Da cosa enterarse por otras personas o por casualidad.",502468,
2602897,591075,True,Sun Nov 26 21:31:18 +0000 2017,"@AmazonHelp Bluetooth Earphones, TaoTronics Bluetooth 4.1 Headphones Stereo Magnetic Earbuds, Secure Fit for Sport, Gym with Built-in Mic https://t.co/eVbLoxQO5h",2602899,2602896.0
1117075,383583,True,Sun Oct 15 12:07:36 +0000 2017,@115850 got a message saying Order# 171-8853927-6607529 delayed due to additional address requirement.Wondering what exactly is the issue,"1117074,1117076",
121962,143180,True,Fri Nov 24 00:05:21 +0000 2017,@115850 Thanks for such a fastest delivery @115850 . Got my Flagship delivered right after the next day I ordered.,121961,5163.0
2973780,217241,True,Thu Nov 30 02:18:17 +0000 2017,"@AmazonHelp As I said, no big deal, it's just happened a few times in the past few weeks. I just got a notification and now there is no tracking info, I'm sure it will arrive tomorrow, I work from home, so I will be here to accept delivery.",2973779,2973781.0
897687,333185,True,Sat Oct 21 02:16:39 +0000 2017,@115821 has fucked up my last few orders and took $400 out of my acct when I had auto payments set up for $10. They used to be good. Now?  💩 https://t.co/zrY6UmTq04,897684,
1228684,408249,True,Wed Oct 25 21:45:25 +0000 2017,"@AmazonHelp Solo a  __email__ y __email__, el otro no lo conocía",1228685,1228683.0
315326,191273,True,Sat Oct 07 07:05:50 +0000 2017,@AmazonHelp @115850 Trying to get your helpline. Not got a refund for over 3 months. Pls help.,315325,
877649,328344,True,Fri Oct 20 18:32:33 +0000 2017,"Another sold out CE, another damaged item from @115821  Last CE I ever order there. https://t.co/YHdmXHVPrz",877648,
215117,167110,True,Thu Oct 05 01:00:15 +0000 2017,@115851 what happened to @115821 ? Over the past few months the quality dropped so much. 7 delayed packages and 2 lost in 2.5 weeks?,215115,
1056813,369523,True,Wed Oct 18 11:20:17 +0000 2017,"@AmazonHelp Es de vendedor externo, pero si compro por Amazon espero cierta calidad de compra y vendedor, si quiero mala calidad me voy a los chinos https://t.co/DnrZLNkgXS",1056812,1056814.0
1322903,428729,True,Fri Oct 27 10:00:48 +0000 2017,@115850 (2/3) 15th October 2017 for a price of 199 which is 20 Rupees more than MRP of product that I've received.Can you tell me the reason why,"1322936,1322937,1322938",1322900.0
166395,154651,True,Fri Nov 24 20:10:46 +0000 2017,"@116928 envio entregado en punto #Seur distinto al solicitado. #Seur dice que no les consta otra direccion de envio.
¿Como puedo presentar #reclamacion ? La web no es nada clara.",166393,
686666,283955,True,Thu Nov 23 13:22:02 +0000 2017,@115850 extremely disappointed with the logistics. https://t.co/s1KRs1FkZh,686665,
2631462,743055,True,Fri Nov 17 17:27:22 +0000 2017,@115821 How do I let delivery folks know to leave packages at my sidedoor?  One package has already gone missing from my front porch.  :( #amazon #holidayshopping,2631460,
456615,223431,True,Thu Nov 30 23:04:41 +0000 2017,Gotta love when your package gets delayed twice. So much for two day shipping @115821,456613,
2591309,500486,True,Mon Oct 30 20:10:27 +0000 2017,@115821 this was totally unnecessary packaging. Ever heard of a mailing envelop📬? Not even fragile! https://t.co/o8Vrdrpl0c,2591308,
80716,133903,True,Thu Nov 30 13:03:03 +0000 2017,"Thanks @116316 for the big box...
And the stuff as well but it seems not much https://t.co/rT7zWCl6Hu",80715,
689477,284757,True,Sat Nov 25 10:29:58 +0000 2017,"@AmazonHelp I ordered a product in July 2017, covered under 6 month warranty, it has gone bad, what to do to replace it",689480,689475.0
1058867,369992,True,Mon Oct 23 12:08:54 +0000 2017,"@115850  Over last 1 wk my daughter,Ishu twice ordered same product on Amazon and on both occasion it has been returned with no support !!",1058866,
2721800,219019,True,Mon Nov 20 09:05:15 +0000 2017,"#AmazonIndia #amazonin ORDER # 405-4733936-1872301, sent 2 mails, both time you're avoiding to respond, can I coclude that you are in partner with the seller, in this whole misguiding customer ? amazon mentioned 100 ml, but I received for 65 ml coffee powder.. https://t.co/SchEfr6wGX",2721799,
792703,119448,True,Thu Oct 12 13:10:11 +0000 2017,@115850 where is my order whoch i placed on ur global store... more than 20 days.. its still held by courier. I paid in full. https://t.co/dPUbAdCC6r,"792702,792704,792705,792706",
229981,170802,True,Thu Oct 05 09:06:14 +0000 2017,"@AmazonHelp こちらこそこんな素敵なグッズを出していただきありがとうございます😊
家族でよくAmazonさん利用させて頂いてます！",229983,229980.0
842317,149070,True,Fri Oct 20 13:28:19 +0000 2017,@AmazonHelp I filled this form twice already you can check your database,842316,842318.0
745055,298108,True,Wed Oct 11 16:21:38 +0000 2017,"Order a case from a company that is fulfilled by @115830 and they sent me a used one that has marks on the back, obviously used -_- https://t.co/aaY7oCUdDI",745053,
1081466,375109,True,Mon Oct 23 19:39:10 +0000 2017,@115830 I'm NOT impressed by your customer service response to my complaint regarding my delivery not ACTUALLY being delivered! #atheist https://t.co/w8Xggf4ucc,1081462,
43690,125691,True,Sun Nov 26 00:51:55 +0000 2017,"@AmazonHelp It’s actually not “upset”....the feeling is rather “insult” that you treat us , those who live in 2nd tier or 3rd tier cities. It’s actually a feeling of “incredulity “ that a billion dollar company is not able to streamline logistics",43692,43688.0
439248,219321,True,Wed Oct 11 09:54:19 +0000 2017,@AmazonHelp Now I'm rage complain on national Consumer forum no. 464324 so do what you want to do,"439246,439250",439251.0
1035485,364931,True,Sat Oct 14 18:49:56 +0000 2017,@AmazonHelp Fee. You’d think I’d need to authorize that. I’ve removed all my cards off the site. If you can help me shut my account then let me know.,1035486,1035484.0
1570853,484391,True,Sat Nov 04 17:23:04 +0000 2017,"@AmazonHelp hello, I need to complain I bought from an Amazon Seller but can’t find how to message them directly?",1570851,
1567476,483725,True,Sat Nov 04 16:03:13 +0000 2017,"@AmazonHelp oui, car forcément demande de retour impossible en ligne. Carton sans emballage, sans protection, arrivé aussi éventré que l'intérieur.",1567475,1567477.0
542233,245838,True,Sat Dec 02 16:57:19 +0000 2017,"@AmazonHelp Well you can not search for best ratings, years etc but I wanted to watch ""American Gangster"" and searched for the same and it gave me some random results so the only option you have is navigate through all the crime movies which is quite a  pain.",542235,542232.0
2406967,692206,True,Tue Nov 14 15:05:45 +0000 2017,@AmazonHelp Amazon .co.uk,2406966,2406968.0
28425,122219,True,Tue Oct 10 18:45:30 +0000 2017,@AmazonHelp Yes I am. Your rep said he would call me back last Friday and still hasn't. Order still unresolved. Spent three hours on this @115821,28424,28426.0
2230558,650922,True,Thu Oct 19 23:45:22 +0000 2017,@AmazonHelp It was shipped by Amazon from US to Singapore. My issue is why international customers have to pay return postage for damaged items?,2230559,2230557.0
2599719,735946,True,Fri Nov 17 06:30:47 +0000 2017,@384602 @115850 @115821 I just received a vim dishwash cleaner last week. There was so much of packing material to cover a month's grocery in the box. Waste of resources,2599718,2599720.0
861267,324502,True,Fri Oct 20 18:15:09 +0000 2017,@AmazonHelp No reason given,861268,861266.0
2560146,726680,True,Thu Nov 16 17:17:30 +0000 2017,Samsung HT-J4500 Mein Samsung HT-J4500 ist mit dem Internet verbunden. Wie kann ich mein Amazon Prime Video direkt auf dem Gerät abrufen (You Tube funktioniert super)? https://t.co/DgcLAVF6Gi,2560145,
142083,148062,True,Fri Nov 24 12:54:11 +0000 2017,@AmazonHelp Thanks. That link goes to https://t.co/3csMbyN765- is that correct for https://t.co/En8ds1myga queries?,142084,142082.0
1020158,224801,True,Sat Nov 25 22:15:10 +0000 2017,"@AmazonHelp My mail already went for today, i received one of the packages that said delivery on Nov 25 also. But not this one",1020160,1020157.0
19447,120318,True,Wed Nov 01 06:46:00 +0000 2017,"@AmazonHelp Name of account -avaneesh Kumar chaubey 
Contact number -8269451504
Order number - 405-3324870-8447534
Product - titan watch","19449,19450",19446.0
396904,210014,True,Tue Oct 17 11:09:59 +0000 2017,@AmazonHelp I haven't received any mail yet.,"396905,396906",396903.0
36481,123957,True,Wed Nov 01 14:15:00 +0000 2017,@AmazonHelp not available at my nearby distro center.. Says it comes today. Kinda horrible delivery times.,36484,36480.0
311493,190393,True,Wed Oct 04 05:37:24 +0000 2017,Dear @115850 have ordered washing machine on 24th am yet to get that from @149473 with tracking number 57922701056,"311491,311506",
224810,169709,True,Thu Oct 05 06:45:16 +0000 2017,"@AmazonHelp ""Maximum cumulative""
This cleared my doubt. Thank you.",224811,224797.0
2720450,763352,True,Mon Nov 20 09:53:58 +0000 2017,"@AmazonHelp @115821 Hi Amazon, you have charged me three times for one checkout, taking £254 when you should only be taking £84.98..",2720447,
2619618,740256,True,Fri Nov 17 15:05:55 +0000 2017,@115850 wen amazon pay cashbk will be recived order# 407-4636455-6924349,2619616,
379799,206102,True,Mon Oct 09 07:36:44 +0000 2017,@115850 bought furniture in your big billion sale but no has come for assembling for the last 5 days.,379797,
417279,214484,True,Tue Oct 10 03:43:33 +0000 2017,@115850 My order id is : 405-1741943-7937124.. go and check my interaction with customer care,"417842,417843,417844",417278.0
2346307,678415,True,Mon Nov 13 15:49:50 +0000 2017,"@AmazonHelp Bonjour, des news pour une arrivée de chromecast sur amazon Video ?",2346304,
1513298,471145,True,Sun Nov 05 03:41:25 +0000 2017,@AmazonHelp R u serious! Askng me 2 fill up d form which could only b done aftr logging into my acct whn my issue id that I couldn't log in! @115850,1513300,1513297.0
896663,212518,True,Fri Oct 13 18:35:51 +0000 2017,@116875 The evil within 2 ya lo compre con ustedes! Buen precio,896660,896667.0
1264535,416110,True,Mon Oct 16 05:30:16 +0000 2017,Hey @115821 YOU SUCK!!! Paid for next day delivery. Notified delivered but IT WAS NEVER DELIVERED.  Told I have to reorder bc tech issues.,1264534,
799690,310571,True,Mon Nov 20 19:08:35 +0000 2017,"I don't know if there is an award for Most #Useless #Courier company, but if there are is I'd like to #nominate @115830 #logistics for #consistently #failing to #deliver anything first time.",799687,
1575634,253112,True,Sun Nov 26 12:50:52 +0000 2017,@AmazonHelp Chegou !!!! https://t.co/QBINCznXbg,1575636,1575633.0
785793,307476,True,Thu Oct 12 17:26:17 +0000 2017,@AmazonHelp Filled t form,785794,785766.0
665425,278555,True,Fri Nov 03 08:17:36 +0000 2017,"@AmazonHelp Very disappointing service. Ordered a DVD last month. You 'lost' it. Had to get new one sent. Again, Prime member, Prime eligable.",665570,665422.0
353628,200062,True,Sun Oct 08 14:57:10 +0000 2017,@AmazonHelp Is this correct??,353630,353627.0
1338697,432250,True,Fri Oct 27 15:00:28 +0000 2017,Grâce à l’eShop j’ai pu profiter en temps et en heure ! Tjr pas pris en charge @120533 @77745 #SuperMarioOdyssey https://t.co/a5sRZikM9O,1338694,
1706569,517197,True,Tue Oct 17 18:00:45 +0000 2017,@AmazonHelp Ok but what's the solution?,1706571,1706567.0
1110773,184289,True,Tue Oct 24 03:37:29 +0000 2017,@AmazonHelp Yep. It’s late.,1110774,1110772.0
234218,171761,True,Fri Aug 25 16:59:34 +0000 2017,@AmazonHelp Sent an email to your support with details.  Just search on google for MacBook air,234217,234219.0
1651677,504378,True,Tue Oct 17 14:14:38 +0000 2017,"@116316 ich hab ein Spiel vorbestellt, welches heute rauskam und auch da sein sollte. Ist es nicht und dafür bezahl ich prime...",1651676,
1701095,515801,True,Wed Nov 08 21:29:55 +0000 2017,@AmazonHelp Thankfully the neighbour it had been left with brought it round. Appreciate the quick responses though.,1701096,1701094.0
1701473,515888,True,Tue Oct 17 17:06:44 +0000 2017,"Missing delivery!
Contacted Amazon and Hermes. Quick response from @115830 but nothing yet from @6841 ...",1701472,
1469125,461003,True,Fri Nov 03 00:21:23 +0000 2017,"A friend of mine got a new MacBook from Amazon, but someone along the way stole the MacBook and replaced it with modeling clay. https://t.co/5WO5XFP0Ub",1469123,
895934,332766,True,Sat Nov 25 10:26:23 +0000 2017,"No, @115821, you're not giving me a ""free replacement"". Your subcontractors at @829 didn't allow me time to get to the door (I have MS) and despite six promised re-delivery dates, haven't delivered it. Or phoned, as they promised.",895933,
16442,119621,True,Wed Nov 01 03:48:38 +0000 2017,@115821 is 0/3 on orders being delivered this week. All three Prime orders that were due to be delivered haven’t arrived.,16440,
1891412,564017,True,Wed Oct 18 13:17:13 +0000 2017,@AmazonHelp Done what happens now?,1891413,1891411.0
808146,312564,True,Thu Oct 12 20:30:47 +0000 2017,"@AmazonHelp I've already called and emailed prior to tweeting, still no avail. Thank you though.",808147,808144.0
1019291,361183,True,Sun Oct 22 22:31:24 +0000 2017,@AmazonHelp Samsung smart TV. It stopped mid episode and now won't play anything,1019293,1019290.0
1947062,334328,True,Sun Oct 29 22:34:10 +0000 2017,@116016 I’ve been trying to get an authorization chg from @115821 off my acct for a month. Missed call &amp; # left has been busy all day. Tips?,1947061,
1768913,506083,True,Tue Oct 17 21:32:22 +0000 2017,Shipped with AMZL US https://t.co/CWAPILYSGi,1768912,
516614,239072,True,Sat Dec 02 15:25:28 +0000 2017,"@AmazonHelp We're sorry your package is late 
We don't have a new delivery date from UPS. Main problem was this was a switch game, release day. I am prime and feel like I am getting shafted",516615,516613.0
321384,192570,True,Sat Oct 07 13:09:56 +0000 2017,@AmazonHelp I need my product at any cost today.  Else i have to process an refund request for the same,"321387,321388,321389",321383.0
2724538,764179,True,Mon Nov 20 11:40:01 +0000 2017,Are you kidding @115821 ?????  3-5 WEEKS delivery estimate?? Is it being hand delivered by someone hitchhiking across country? How do you even allow a seller to have that rediculous transit time length?? https://t.co/FqMf9EtQxU,2724536,
439228,219318,True,Wed Oct 11 09:46:54 +0000 2017,@AmazonHelp Voila le screen (numéro de suivi par MP si vous voulez ?) https://t.co/TAH00K1p82,439226,439232.0
80703,133901,True,Thu Nov 30 13:00:50 +0000 2017,@120533 c’est normal quand on a le prime que le livreur balance le colis et l’indique comme livré à un résident ? Je savais pas que ma pelouse était une personne ! Je suis franchement en colère.,80701,
2385225,687462,True,Fri Oct 20 09:07:32 +0000 2017,@115821 latest iOS update on iPad changed orientation to portrait. Pls fix,2385224,
2667327,751419,True,Sun Nov 19 09:35:45 +0000 2017,@AmazonHelp I’ve already done that but thanks to your poor services and policies in india. My issue doesn’t seem to get resolved anytime soon. @115850. Customer service sucks.,2667325,2667329.0
2569447,728756,True,Wed Nov 08 01:08:56 +0000 2017,@AmazonHelp I just canceled a $500+ order because your entire CS team is beyond inept because your logistics sent to wrong address #worst,2569443,
2597922,735531,True,Sun Nov 19 08:26:23 +0000 2017,@AmazonHelp Yes i shared all the details @AmazonHelp,2597923,2597921.0
1472732,461837,True,Fri Nov 03 23:11:17 +0000 2017,"@AmazonHelp This is checked every time yes (sorry for the delays, I don't check Twitter too often!)",1472733,1472731.0
256702,177045,True,Thu Oct 05 20:47:01 +0000 2017,@AmazonHelp Dispute the charges. But not what happened or how to stop it happening again. It's been stressful and more help could have been given 2/2,256703,256701.0
2128951,626714,True,Wed Nov 08 19:05:17 +0000 2017,"Bueno señores/as , mañana no empezaremos de nuevo el stream, ya que @116928 no cumple con las fechas y encima te enteras de casualidad.",2128949,
24512,121285,True,Wed Nov 01 09:26:08 +0000 2017,@AmazonHelp Hi ☺️ I did indeed. A two-hour slot which is what I normally choose and used to be free. Has this recently changed?,24514,24511.0
2819252,547065,True,Mon Nov 27 05:07:30 +0000 2017,"@115850 after 50 days, they can't solve my problem.  how shamelesss they are ?",2819249,
138093,147108,True,Fri Nov 24 14:31:36 +0000 2017,@AmazonHelp The estimated date was today but now it says.   ‘ Delivery date pending’,138095,138092.0
900422,333750,True,Sat Oct 21 04:19:56 +0000 2017,"@AmazonHelp ご丁寧にありがとうございます😊
大丈夫です！お気になさらず！",900421,900423.0
1100619,379674,True,Sat Nov 25 17:52:33 +0000 2017,Accidentally signed up for an amazon prime membership and didn’t realize it until I got the $50 bill in the mail so now it’s my goal to watch every single movie they offer 🙃🙃🙃🙃🙃🙃,1100618,
2428221,232160,True,Sun Nov 26 18:00:52 +0000 2017,"@AmazonHelp Hi there - I received an ""undeliverable package"" email from Amazon.  I'd like the product - can you help via DM?  or is there an email to use?  confusing.",2428219,
332052,192400,True,Sat Oct 07 18:15:09 +0000 2017,"If this kind of fraud Amazon done in USA, Gov block the company @115850 @AmazonHelp @115821 @116618",332050,
1266345,416516,True,Tue Oct 17 10:21:15 +0000 2017,amazonからお支払いメール来ない,1266344,
109795,150748,True,Fri Nov 24 15:57:31 +0000 2017,"@117086 Ô amazon, por que vcs não aceitam boleto? pow, dificulta as coisas... Tô aqui fazendo uma compra e rachando a cuca pra conseguir um cartão da bandeira que vcs querem. Se fosse por boleto facilitaria pra ambos os lados.",152063,109786.0
340510,160537,True,Sun Oct 08 00:36:13 +0000 2017,"@118706 @115821 I had guaranteed delivery for today, was sitting right by my front door at said time of delivery, yet got notification [1/2]",340508,
2226590,532550,True,Fri Nov 10 08:58:49 +0000 2017,@AmazonHelp Lots of confusion whether i m the winner on not. Still not confirmed. No upadate yet.,2226589,2226591.0
1108347,381570,True,Wed Nov 08 16:38:12 +0000 2017,@AmazonHelp Le 09 livraison mais pas livré avant vendredi remboursement,1108348,1108346.0
2795300,780032,True,Wed Nov 22 02:13:13 +0000 2017,@AmazonHelp Still no package,2795302,2795299.0
19157,458631,True,Thu Nov 02 20:48:55 +0000 2017,@115850 Its already been 21 days regarding order #4__credit_card__ and  Order #4__credit_card__. Still you say no need to wait for longer delivery,"1458939,1458940",19137.0
2290582,665361,True,Sun Nov 12 10:28:18 +0000 2017,@AmazonHelp Grazie ☺,2290584,2290581.0
384570,207052,True,Mon Oct 09 11:08:35 +0000 2017,"What the hell is wrong with your packaging team, @115821? Why is it STILL a wasteful and ridiculous problem for you guys? https://t.co/TnPs8LSVjZ",384569,
1290992,421902,True,Thu Oct 26 20:23:03 +0000 2017,@115850  An open letter to Mr. Jeff Bezos and Mr. Amit Agarwal. Look into this matter P1-P4. https://t.co/S4AQ6ET86R,"1290991,1290993",
2292196,665679,True,Sun Nov 26 16:30:01 +0000 2017,@AmazonHelp Vendido por Amazon. Como lo solucionamos?,2292198,2292195.0
809406,312869,True,Thu Oct 12 18:53:16 +0000 2017,@AmazonHelp Correction 3 corners of covered creased and dinked,"809404,809407",809408.0
231746,171198,True,Thu Oct 05 10:56:21 +0000 2017,@AmazonHelp Man I have already filled out the details. How much more I need to fill up.,231748,231745.0
2862003,785659,True,Wed Nov 29 22:40:51 +0000 2017,@AmazonHelp pregunta. Si adquiero este firestick servira en la Roku TV o cualquier otra? https://t.co/MSIXNfEQh5,2862005,2862001.0
2740683,767790,True,Mon Nov 20 17:02:24 +0000 2017,@115821 a $15 book thats rrturn 2 days later results in a $2 refund? #ripoff #unreal. https://t.co/wq3ZbqBhSa,2740682,
2236240,652173,True,Fri Nov 10 18:50:44 +0000 2017,"So my Amazon order was lost I think the usps dropped the ball, you’d think they would have offered to overnight a replacement, you’d think....",2236239,
1312527,426693,True,Fri Oct 27 06:44:10 +0000 2017,@AmazonHelp I don't know.. but they waited ten days to decide n wasted my invaluable timings. i have no options now 😡😡☹️☹️,"1312528,1312529",1312524.0
2968296,818817,True,Wed Nov 29 23:44:36 +0000 2017,"@115821 can you and @115817 please give me an explanation for this??? 

#unacceptable #Amazon #nothappy #SpreadTheWord @AmazonHelp @UPSHelp https://t.co/jQrA7Ukxfp","2968295,2968297",
546392,247052,True,Sat Dec 02 17:21:10 +0000 2017,"Bit concerned that the money I've spent recently hasn't been taken out my bank account... Ordered everything like I would usually but none of my transactions from Superdrug, BeautyBay or Amazon have been processed... I'm sure the payments went through!!!",546390,
2674349,498872,True,Sun Nov 19 13:25:11 +0000 2017,"@AmazonHelp So, when I clicked on the link provided, it showed this. https://t.co/jU8BQCRrHf",2674350,2674347.0
1043191,366687,True,Mon Oct 23 09:18:27 +0000 2017,@45600 @115821 When is this coming out?,1043190,1043192.0
558456,250472,True,Sat Dec 02 21:46:22 +0000 2017,"@25480 @AmazonHelp So I pre-ordered the FTL double-LP back in October, then they sent me a notice for a response because of a delay on their end— I respond, and then NEVER heard back for delivery. Checked and it’s out of stock. What do?",558454,
1149649,390536,True,Mon Oct 16 19:16:23 +0000 2017,@AmazonHelp Y de los 4 transportistas que mencionas cuál de los 4 tiene el status del paquete,1149648,1149650.0
1440650,454314,True,Thu Nov 02 11:57:44 +0000 2017,"いつの間にかAmazonプライムに登録されてて請求きてたんだけど・・・
毎回表示してくるの法律的にありなの？　ミスクリックで勝手に登録されてたわ・・・　あれマジで悪徳だろ　しね！　Amazon殿様商売だな～　使わないとかできないからな～","1440649,1440651",
62305,130273,True,Sun Nov 26 01:06:36 +0000 2017,I ordered teethers for my baby but got this instead😱. Thanks @115821! #amazonfail #cornblades https://t.co/b1Q5WpPSgE,62304,
781959,306677,True,Thu Oct 12 06:54:40 +0000 2017,"@AmazonHelp hi, my dot started playing music full volume downstairs at 00:30 last night whilst we were in bed and didn't ask it too 😴😴",781958,
2353731,680116,True,Mon Nov 13 18:35:03 +0000 2017,"Hey @115821 , not interested in a Lord of the Rings miniseries, leave it alone.",2353730,
2978198,821370,True,Thu Nov 30 03:38:03 +0000 2017,"@115850 hey what's the point in running quiz on your app if you are not going to declare the winners, please let me know if there is a place where I can check it.",2978197,
678328,281833,True,Thu Nov 23 06:43:19 +0000 2017,"@115850 @119356 @115821 @AmazonHelp what is the use of such prime membership , when you are not able to fulfill your one day delivery promise, it is just a waste of money https://t.co/LvDoAXapRB","678327,678329",
438901,219263,True,Wed Oct 11 07:11:24 +0000 2017,@115850 I have not received the promised Cashback on my order. Here is my order id 403-7471736-2889122,"438902,438900",
2166052,635732,True,Thu Oct 19 11:28:36 +0000 2017,"Hey @115821 out of all the colors you could have sent me, you send me a pink toothbrush??? https://t.co/G2IKuiLxDX",2166051,
1454214,457482,True,Mon Oct 16 19:19:52 +0000 2017,@115850  m nt able to talk wid ur cust. care. So disappointed. Needed help. Pls call on 9718751031. ur Helpline no. is crap,"1454213,1454215",
1020120,361384,True,Sat Nov 25 17:32:30 +0000 2017,@AmazonHelp Why is it that my delivery notes of 'leave in enclosed front porch' and the note I Ieft on my door both get ignored and my item goes undelivered AGAIN!,1020118,
975711,351391,True,Sat Oct 14 07:33:33 +0000 2017,@AmazonHelp Well hello there! We’ll just trying to figure out if this will be attempted again and when. But we had no card left and there was no knock,"975708,975712",975713.0
134890,146405,True,Fri Nov 24 09:33:22 +0000 2017,@AmazonHelp It's still the same as the screenshot i posted in first message,134891,134889.0
1184760,398608,True,Wed Nov 08 08:50:55 +0000 2017,"@AmazonHelp I have tried seller support, unfortunately they left me with more questions (such as why my first payment failed but my second one has come through no problem) but unfortunately you cannot reply to them and have to start a whole new conversation. Poor form.","1184762,1184763",1184759.0
959701,347697,True,Sun Oct 22 01:48:27 +0000 2017,@115821 #amazon sucks,959699,959704.0
2619724,740279,True,Fri Nov 17 14:42:15 +0000 2017,@115850  i started to dislike u bcoz u send all item in one order in different package. I m greenie person and it feels so wrong to me,2619723,
384860,207115,True,Mon Oct 09 10:42:05 +0000 2017,"@115850 I'm having problems with my order, could you sort it out","384859,384861",
2884839,572587,True,Tue Nov 28 11:54:45 +0000 2017,@AmazonHelp  https://t.co/aeSrPpFBWC,2884842,2884838.0
1462517,459448,True,Thu Nov 02 18:07:30 +0000 2017,@115850 i need @115858 ipad 2017 is there any offer you can provide me? I saw it listed for 21000 during sale is it possible now,"1462515,1462519",
2882555,799754,True,Tue Nov 28 10:03:03 +0000 2017,"@115850 @132995 Please make me notified when there is any offer or sale on this phone I really want to buy it but as a student I can't afford to buy one.., so if there is any sale ,offer or price drops it will be really beneficial for me and i can look for it.,😃",2882554,5271.0
530728,242926,True,Sat Dec 02 10:33:39 +0000 2017,@AmazonHelp llamame y te lo cuento,530730,530727.0
2308947,669716,True,Mon Nov 13 03:02:46 +0000 2017,@AmazonHelp .com,2308949,2308946.0
10653,117952,True,Wed Nov 01 00:10:50 +0000 2017,hey @115821 why did i pay extra for shipping only for my order to say 'arriving today' and it still hasnt shipped yet just wondering.,10652,
246960,174665,True,Thu Oct 05 15:29:40 +0000 2017,"one of the worst return and refund experiences on amazon, 40 days and issue still not resolved @115850",246959,
475064,228058,True,Fri Dec 01 10:26:46 +0000 2017,@AmazonHelp ordered on .co.uk with prime delivery on Wednesday at around 3pm. Possibly won’t have until the 5th? No explanation given as to why 😔 https://t.co/TnC268QBf0,475063,
2312334,670584,True,Sun Nov 12 22:15:52 +0000 2017,#tfw you find Santa’s @115821 helper-elves delivered a day early and the package is half-opened and items are visible. Thank goodness the kids weren’t home. I would’ve had a hard time explaining that... 😅,2312332,
1777280,534046,True,Wed Nov 08 00:24:27 +0000 2017,"You said this dog bed was orthopedic, not self-destructing. What’s your refund policy @AmazonHelp ? https://t.co/qIpZx1KYiT","1777281,1777278",
980475,352472,True,Sun Oct 22 05:48:43 +0000 2017,@115821 @115850 Your delivery agents are stealing from u and me https://t.co/a6k38hqMl2,"980474,980476,980477",
2524370,718853,True,Thu Nov 16 02:27:27 +0000 2017,@119356 @AmazonHelp I need help about the product details which I am planning to buy. Please help me on this asap,2524369,
2285629,664174,True,Thu Oct 19 19:27:28 +0000 2017,Ilusión es abrir un paquete de @116928  aunque sepas que es...,2285627,
348791,199027,True,Sun Oct 08 07:10:48 +0000 2017,@115850 still waiting for my order 48 hours late than expected delivery. Wonderful.,348788,
2875623,798315,True,Tue Nov 28 05:16:31 +0000 2017,@115850 741502 bagula there was no cash ondelivery abelble......plz  do something,2875621,
1876826,132592,True,Wed Oct 18 09:29:57 +0000 2017,Cracking customer service from @115830 and @AmazonHelp - totally brilliant! (Spoke to a guy called Sherwin who was awesome!),1876825,
2720033,763264,True,Mon Nov 20 09:01:52 +0000 2017,@120533 pas top votre #BlackWeek que des produit pas terrible et pas de marque,2720031,
1044971,367057,True,Mon Oct 23 10:45:28 +0000 2017,@AmazonHelp Submitted,1044972,1044970.0
2553946,725322,True,Thu Nov 16 15:12:14 +0000 2017,Thank you @115830  my sons birthday present has now gone missing thanks to your fantastic delivery service https://t.co/loOrGwaKnz,2553945,
2856547,793972,True,Mon Nov 27 21:24:00 +0000 2017,this is the most perfect error page i’ve ever seen @115821 https://t.co/IIybRW7CEn,2856546,
2589155,279393,True,Mon Oct 30 18:27:02 +0000 2017,@115850 are all LED bulbs/lamps sold on amazon BIS approved?,2589153,
428329,216552,True,Tue Oct 10 13:29:24 +0000 2017,@AmazonHelp What the delivery team told you?,429109,428328.0
1505500,469402,True,Thu Nov 09 14:19:25 +0000 2017,@AmazonHelp We ordered from amazon.in with order no. 406-3132902-4524334.,1505498,1505502.0
2667345,677448,True,Sun Nov 19 09:50:02 +0000 2017,@AmazonHelp I ve already filled all the deatils on the same day you replied i.e. 5 days back but unfortunately you're not doing your service.,2667346,2667344.0
2307832,282892,True,Mon Nov 13 01:39:55 +0000 2017,"@AmazonHelp OMG I did get them. They were in the box that I bought for my daughter. I think these solor lamps were bigger and shipping alone OMG so sorry. 😂I thought it was her ""accessory"" pack. The light are a great size actually",2307834,2307831.0
786796,307638,True,Thu Oct 12 09:32:48 +0000 2017,@115830 desperately need to speak to customer services but cant find a number,786795,
529200,242532,True,Sat Dec 02 08:42:49 +0000 2017,@AmazonHelp no response? https://t.co/3NK6FuFwHL,529198,
2386674,466329,True,Fri Oct 20 10:07:26 +0000 2017,Thanks to @117795 watched @49666 &amp; Simran back to back with friends! 😀,2386673,
802408,311204,True,Thu Oct 12 16:28:46 +0000 2017,@AmazonHelp I have shared my experience with you. Pls check my message.,802411,802407.0
2364740,682714,True,Mon Nov 13 22:46:27 +0000 2017,"@AmazonHelp The large “Amazon Prime” label was my only clue.  But not UPS, FedEx or USPS.  I  could DM the address if you wanted.",2364742,2364739.0
779502,306165,True,Thu Oct 12 05:54:04 +0000 2017,@AmazonHelp Une 20eme fois ? Vos services vendor font l'autruche combien de tpe pme sont ainsi volées,779503,779501.0
1114987,383108,True,Tue Oct 24 07:33:11 +0000 2017,"@115830 @128996 @140739 @161794 @115821 https://t.co/gbHY8fMaPI … This is the bullshit that I woke up to today from @115830, on the day of release. couldn't have told me sooner.",1114986,1114988.0
2850675,792656,True,Mon Nov 27 19:33:03 +0000 2017,".@115830 I've been sent email with a £10 off £50 spend voucher code and despite double checking everything is sold and despatched by Amazon, code fails. What am I doing wrong?",2850673,
77636,133295,True,Fri Dec 01 07:36:20 +0000 2017,"@115850 @AmazonHelp  Still not get satisfied explanation from your represrntatives

i need my all money back to my bank account

i did not want to buy anything from your site your services are poor
dont trap me",470158,77634.0
897509,333152,True,Fri Oct 13 20:52:55 +0000 2017,"@AmazonHelp Cualquier artículo, pero solo en la aplicación móvil. ¿A qué se debe?",897511,897508.0
814877,314061,True,Thu Oct 12 20:08:10 +0000 2017,@115821 Amazon delivery service has to call for directions EVERY SINGLE TIME they deliver to my house.  UPS and FedEx have no problems. BOO!,814875,
546417,247054,True,Sat Dec 02 17:30:50 +0000 2017,@amazonhelp Why are books taking so long to ship out? I placed an order last Tuesday for an in-stock book and it STILL hasn't shipped as of Saturday. This has happened more than once. I may change over to Book Depository - they ship quickly and they don't charge for shipping.,546415,
1398911,431099,True,Mon Oct 30 05:49:22 +0000 2017,@AmazonHelp Done replied it,1398912,1398910.0
2924474,809237,True,Wed Nov 29 02:54:58 +0000 2017,@115850 your syska contest just shows a blank screen everytime you click on the tab. Is there even a way to play?,2924472,
1843621,552393,True,Sun Nov 26 13:43:04 +0000 2017,@AmazonHelp わ～。まさかのお返事ありがとうございます。嬉しいです。Amazonさんには、家のぶん太共々とってもお世話になってます。いろいろなものが自宅に届くというのは、本当に有り難くて感謝しています！ https://t.co/ns1o9EhQ3B,1843623,1843620.0
2531735,132433,True,Mon Oct 30 11:30:35 +0000 2017,@AmazonHelp .de,2531737,2531734.0
1366965,438216,True,Fri Oct 27 22:02:50 +0000 2017,Hey @115821 why's my wife still getting someone else's emails from you?,1366964,
1118065,383797,True,Tue Oct 24 04:37:15 +0000 2017,@115821 I didn’t receive my package it was supposed to be shipped two days ago I paid for 1 day shipping too?,1118063,
544357,246483,True,Sat Dec 02 18:23:43 +0000 2017,"@AmazonHelp Entire episode. In fact previous one as well. Subtitles appear at least 3-4 seconds prior. Ruins the fun. &amp; I tried refreshing browser, relogging stuff &amp; all. Happened the same in ‘Major Crimes’ a few times, earlier. Any further troubleshoot?",544358,544356.0
206850,164986,True,Wed Oct 04 21:30:03 +0000 2017,"@AmazonHelp I was told on phone that Amazon was to honour the 90day garetnee..and seek to rep item..now told opp by email, that you not helping",206849,206851.0
386453,207488,True,Sun Oct 15 14:16:22 +0000 2017,@AmazonHelp You must be kidding... You guys are useless and of no help so don't take the trouble. @AmazonHelp @115850 guess will order from @118702,386454,386452.0
2238689,652758,True,Sun Nov 26 14:53:25 +0000 2017,"@652759 @12370 Je suis grave intéressé, dispo dm ? (j'ai quelques questions)",2238688,2238690.0
2881289,799501,True,Tue Nov 28 08:46:02 +0000 2017,"Hesley Digital Weighing Scale with Advanced Step- on Technology HSB1,Elegant Black https://t.co/xx2ppROTX5
@115850 This one worked for a few days and stopped. Now the return window is also gone. I have lost money. No refund. Not working.",2881288,
334870,195804,True,Sat Oct 07 20:42:42 +0000 2017,@AmazonHelp Ordered a HP desktop PC and they (Fulfilled Seller) sent a HP monitor. https://t.co/d3QxFff0CA,"334872,334873",334869.0
585664,258279,True,Sun Dec 03 14:49:17 +0000 2017,@115850 Hv a request guys 🙏.Placed an order but travelling out on 6th morning! Need order urgently by 5th evening. Pls help!! Actually it's in exchange to the prev.ordr which arrived today n the size of the shoes was bigger than usual. Pls help guys🙏 https://t.co/jP79nV9O0K,585662,
2290801,665407,True,Sun Nov 12 08:35:24 +0000 2017,@115850 there is just too much yellow colour on your site. cant focus on product with that distraction.,2290800,
1775028,533431,True,Wed Nov 08 04:25:42 +0000 2017,@115833 Having said that.. I'm loving echo and the liberty I have to use the NLP to create more our of Alexa Skills. Thanks a ton for finally launching in India.,1775027,1775029.0
1594665,490013,True,Wed Nov 08 10:43:03 +0000 2017,"@AmazonHelp And I definitely insist that Amazon should compensate me, as a gesture of goodwill, b/c it's not a delay - it's a complete &amp; repeated failure.","1594666,1594667",1594664.0
535021,243938,True,Sat Dec 02 12:37:26 +0000 2017,"@AmazonHelp I was told today, and then the date changed when I checked this morning to ‘2nd-5th’ https://t.co/8yzkLsEVA6",535020,535022.0
103852,138880,True,Thu Nov 23 17:49:11 +0000 2017,@AmazonHelp Ceci explique tout ;) Merci !,103853,103851.0
2341559,677312,True,Sun Oct 29 07:05:38 +0000 2017,Amazonで注文した品、ミニストップ受け取りにしてて、Amazonで配送状況確認したら宅配済みで受取可能になってるけど、まだ受取番号発行されてなくて店舗内待機。早くしてくれ……,2341557,
73435,132320,True,Thu Nov 30 10:28:00 +0000 2017,"Bought a suit from @115830 with Santas face on it for my work Christmas do, but it's way too big for me. Won't be able to exchange it in time either since it'll take 5-7 business days and the social is next Friday. Damn...",73434,
1137837,388012,True,Sun Oct 15 15:37:45 +0000 2017,@115830 i just found out amazon charged me £79 for prime for a year. Why ? Can i get my money back ? Im not a reg customer...,1137836,
727620,294302,True,Wed Oct 11 06:38:57 +0000 2017,"It's being really disappointing, when your products are not being delivered on time and Amazon say it's being delivered @115850 #unhappy https://t.co/sXB3l5r3cX",727619,
1190821,399897,True,Wed Oct 25 07:22:24 +0000 2017,ほんとにAmazon来なかった…マジか…,1190820,
1282239,140379,True,Thu Oct 26 18:03:26 +0000 2017,@AmazonHelp Vai ser minha primeira experiência lendo uma obra dela! Só assisti ao filme A Garota no Trem e amei ❤️,1282240,1282238.0
1231620,408888,True,Wed Oct 25 21:27:56 +0000 2017,@117093 i know y'all bitches have beet sugar so why can't i buy it,1231619,
2184742,466599,True,Thu Nov 09 17:50:10 +0000 2017,@AmazonHelp I'm confused. Paid extra for next day shipping. Item shipped yesterday but I won't receive until Friday.,2184741,
1719172,520453,True,Sun Nov 26 06:38:21 +0000 2017,@AmazonHelp I meant what hours can I call that number? Is that 24 hours a day? @AmazonHelp,1719173,1719171.0
2823088,552055,True,Mon Nov 27 08:37:20 +0000 2017,"@116313 
AmazonさんAmazonさんNW-A45HNの追加受注とかの予定は今後ありますか？
出来ればAmazonさんから購入したいのですが売り切れらしくて……(´；ω；`) https://t.co/UjGnG6xli2",2823086,
1492735,466648,True,Fri Nov 03 10:03:29 +0000 2017,"I have ordered for one day guaranteed delivery, see what you have to say @115850 @AmazonHelp ? https://t.co/qggHofdSJz","1492734,1492736",
1662603,506977,True,Mon Nov 06 09:21:54 +0000 2017,@AmazonHelp This link appears to be broken https://t.co/xAltot5LCZ,"1662596,1662604",
616892,180181,True,Wed Nov 22 13:54:55 +0000 2017,"@115821 Here’s four Prime orders where you missed two-day commitments, because you had the USPS deliver them:

111-5902853-2925841
111-6482683-2028253
111-3284221-9227437
111-3284221-922743",616891,616893.0
350623,199254,True,Sun Oct 08 09:14:55 +0000 2017,"@115850  i have made atleast 20 calls to the Amazon customer care to get refund for a poor product and got refund in two

Best Regards https://t.co/EpAfYIqtQj",350622,
1780116,534825,True,Wed Oct 18 04:34:56 +0000 2017,@AmazonHelp Link says I don’t have any previous orders in the last 6 months when I clearly do... https://t.co/gImW3uO9ew,1780117,1780115.0
821725,315723,True,Thu Oct 12 22:55:48 +0000 2017,@AmazonHelp Lmao I was just kidding 😅 it should be arriving within the next week sorry for bothering you guys keep up the great work,821727,821724.0
126083,144294,True,Sun Nov 26 08:55:15 +0000 2017,"@AmazonHelp Day 16 Rajni from the cs team promised yesterday if the pay balance is not reflecting in 24 hours she will add it manually immediately, guess what! Today she says she can't and I'll have to wait for 24 hours!! What a joke!! Amazon look into this!!! It's getting ridiculous!!!",126084,126080.0
64149,130724,True,Thu Nov 30 07:09:20 +0000 2017,"So many days yet no update. @AmazonHelp 
There are cases of fraud pick ups.
Guys be aware @130725 @130726 @17497 @130727 @115530 @130728 @115531 @115532 @130729 @115533 @130730 https://t.co/dLyuiAUNro",64148,
1730661,320512,True,Tue Nov 07 11:34:57 +0000 2017,@115821 guys thank you for delivering well delayed diwali gift after 2 weeks and in second time  :-) Appreciate the customer support,1730660,
1098712,379265,True,Sun Oct 15 06:22:26 +0000 2017,"@AmazonHelp Have been grappling with customer service for 03 weeks now, 😂 another link another form, #AmazonGreatCheaters","1098714,1098715",1098711.0
2807529,279162,True,Wed Nov 22 03:08:44 +0000 2017,@115821 I got 15$ gift card of https://t.co/WAkL6VvFGg as reward.It is not visible on amazon.in.Unable to use it on https://t.co/WAkL6VvFGg as no company ships in jaipur.Please provide a way so that i can utilize my giftcard.@115850,2807528,
862505,324801,True,Fri Oct 13 14:35:39 +0000 2017,@115850 @AmazonHelp #cheating  careless  orderd 5738 received 3738 replacement is also the same #AmazonEffect #bechoaurbhago https://t.co/TalRcEL43r,"862501,862509,862510",
2604222,736897,True,Fri Nov 17 14:11:15 +0000 2017,"@AmazonHelp Tomorrow. Now estimated is the 20th. Weather related, perhaps?",2604225,2604221.0
141052,147815,True,Mon Nov 27 11:28:07 +0000 2017,"@AmazonHelp i just received my replacement order. one item is fine, the other has arrived in just as bad condition, if not worse, than before. less than impressed 😩",141053,141051.0
248690,175080,True,Thu Oct 05 16:04:21 +0000 2017,"@AmazonHelp @119356 the customer cr nmbr is useless.no option to talk to cstmr cr executv.
i hv smthng vry impt to ask,ths hlpline is usels",248689,
918184,337836,True,Sat Oct 21 10:02:21 +0000 2017,"@AmazonHelp horibl customer support, false promises, and commitment, surely dragging this to consumer forum.   @119356  @115850",918183,
1827304,548433,True,Fri Oct 20 04:46:48 +0000 2017,@AmazonHelp Still no package. It says it was in transit to the carrier at 12:37AM today. What's the deal? Should I still be expecting it today?,1827305,1827303.0
376018,205189,True,Mon Oct 09 02:13:13 +0000 2017,@115821 i pay you. You promise delivery and do not fulfill. #amazon #amazonfail #scammers #badcustomerservice #done #breachpromises,376016,
2381772,686674,True,Tue Nov 14 06:03:49 +0000 2017,@AmazonHelp https://t.co/Rxbs3plQds,2381771,
2306096,669036,True,Mon Nov 13 00:16:13 +0000 2017,Why are all my prime deliveries delayed @115821 ?! @AmazonHelp,2306094,
984105,353303,True,Sat Oct 14 09:50:50 +0000 2017,Dear @115850 I did not get my product but it says it got deliverd.I spoke to CS. No help. Wud u pls mind giving me a very good explanation,984104,
1138349,388135,True,Wed Nov 01 23:50:01 +0000 2017,@AmazonHelp Indeed you did I needed a suit bag for an important interview in Texas and you failed me,1138351,1138347.0
2631421,743041,True,Fri Nov 17 18:25:26 +0000 2017,@AmazonHelp That's such a relief 😥 I felt so dumb!,2631420,2631422.0
1618358,496193,True,Sun Nov 05 14:34:57 +0000 2017,"@118919 i m being fooled sir.  #408-3443578-8174720 is this coming or not? no human customer care service for third world ""India"" oh!","1618357,1618359,1618360",
1441952,454552,True,Thu Nov 02 12:25:58 +0000 2017,"Amazonでウルトラサンムン予約したけどまだ支払いのメール来なーい。
いつ来るのー？",1441951,
327051,193932,True,Sat Oct 07 17:05:58 +0000 2017,@AmazonHelp We had to buy another present your Prime Service is a disgrace and your frankly pathetic delivery service is a joke now cost me another £30,327053,327015.0
1745573,526328,True,Tue Nov 07 14:40:49 +0000 2017,@AmazonHelp Id no. 184122637174 please try calling more than once in case we miss a call...you guys cant just postpone delivery,1745572,
1493324,466774,True,Fri Nov 03 10:23:22 +0000 2017,@115830 any idea why my order delivery date has changed by a week?,1493323,
2392742,689018,True,Tue Nov 14 10:19:37 +0000 2017,@AmazonHelp I keep getting emails saying my package can’t be delivered because my address isn’t valid. It is valid! I’m at the address right now. I think your courier just doesn’t know where it is. Please can you help?,2392741,
2176710,624160,True,Thu Nov 09 15:09:09 +0000 2017,@AmazonHelp  I haven't received the cash back for OnePlus 5 prchsd on Sept  of RS 2000 yet(axis bank)? Could u solve the pblm pls...,2176708,
1525907,473911,True,Sat Nov 04 14:05:46 +0000 2017,@AmazonHelp Esa gracias,1525909,1525906.0
89200,135292,True,Thu Nov 30 07:09:29 +0000 2017,"Questioning the helpfulness of @115821 help, not sure they even read my question ""Did I place my order wrong?"" #CUSTOMERSERVICEFAIL https://t.co/zR8QOvXTbc",89199,
2562001,727099,True,Thu Nov 16 17:55:45 +0000 2017,@115850    why ? Akhir q? https://t.co/LGxnXs0rQs,2562000,
863813,325138,True,Fri Oct 20 17:17:11 +0000 2017,@AmazonHelp I’ve got a HUGE issue. I placed an order and used a gift card balance to pay for it but my credit card was just charged. Why?!,863812,
1148714,390330,True,Tue Oct 24 14:10:06 +0000 2017,@115850 got fake charger from selr WireZone &amp; then I checked comment so I got to knw this usr who givs 5 star to only WireZone's products https://t.co/6MJQzwm5Ed,"1148713,1148715",
2541765,722703,True,Thu Nov 16 11:46:54 +0000 2017,è arrivato il mio pacco amazon il corriere sembrava fabri fibra,2541764,
166506,154673,True,Fri Nov 24 23:58:11 +0000 2017,@AmazonHelp Hey. Yes it is up to date. Same with the app which needed a download then an instant update. It’s just stuck on that loop. All other apps work. I looked at that link before and checked against it. Any other ideas? Have you had issues with the PS3 app at all?,166507,166505.0
577679,173707,True,Sun Dec 03 10:20:30 +0000 2017,"@AmazonHelp THANKS BUT I DON'T SEE INFO ON HOW TO USE THE REMOTE. IT REALLY SHOULD NOT BE HARD TO REWIND OR TURN VOLUME UP. ""TURN VOLUME UP"" OR ""REWIND 1 MINUTE"" SHOULD BE ALL. IT SAYS IT CAN'T OR DOES NOT WORK WITH MY ""DEVICE"" SMH. WHICH IS A SONY SMART TV. LESS THAN A YEAR OLD",577681,577678.0
1124077,385064,True,Tue Oct 24 07:44:47 +0000 2017,"@116928 B.dias, aún no llega un pedido. Contacté con vendedor que dice que salió de vuestro almacén y que hable con Uds.",1124076,
254577,176510,True,Thu Oct 05 18:13:12 +0000 2017,"@AmazonHelp Lieferung ist HEUTE, am DONNERSTAG, um etwa 18:45 Uhr #angekommen.",254579,254576.0
723987,293375,True,Thu Oct 12 03:40:09 +0000 2017,"@AmazonHelp My order was finally delivered, and I very much appreciate the help I received from Luis A. and Brian (or Bryan?). Thank you, both!",723988,723985.0
980023,352390,True,Thu Nov 02 23:45:13 +0000 2017,"Hallo @115825 , wieso finde ich unter PRIME Filmgenres keine Dokus mehr?",980022,
2961755,221293,True,Wed Nov 29 21:22:57 +0000 2017,"@AmazonHelp Ahí tienes el número de pedido 407-8517352-5133922 , al que van asociadas ya tres quejas que aunque no sirven para nada me gusta ponerla",2961756,2961754.0
1394531,444309,True,Mon Oct 16 17:00:44 +0000 2017,"@AmazonHelp I talked with ur customer care executive he take necessary action &amp; mail logistic team,he insure me my product delivered me today only.","1394533,1394534",1394529.0
1425014,451069,True,Mon Oct 16 18:03:22 +0000 2017,@115821 why is this box so large ???????? https://t.co/psfdwMyHNd,1425013,
657874,276614,True,Wed Nov 22 23:46:16 +0000 2017,"@AmazonHelp Amazon Logistics.

So.",657875,657873.0
2634891,743852,True,Fri Nov 17 18:56:34 +0000 2017,"@116875 se chingo a todos los retails con sus descuentos del bien fin, conseguí Nintendo switch en $6665 pesotes",2634890,
2319942,672383,True,Mon Nov 13 13:17:51 +0000 2017,@120533 je pense qu’on n’a pas la même définition de « lieu sûr » #wtf https://t.co/xChptn3JW4,2319941,
511732,237646,True,Fri Dec 01 22:52:22 +0000 2017,Fire tablet and case supposed to come on Monday. Only get the case. Called Amazon to send another tablet. On Wednesday I get a package. It's another case. I call them again and they overnight a tablet. Come back from work and I get a THIRD FUCKING CASE FOR A TABLET I DON'T HAVE. https://t.co/SBxP6y8ThM,511731,
1423496,450791,True,Thu Nov 02 10:10:14 +0000 2017,@AmazonHelp 情報ありがとうございます。 登録解除から再度サインインはすでに試しているのでフォームより問い合わせを行いました。,1423498,1423494.0
2419901,695178,True,Mon Nov 27 19:00:36 +0000 2017,"@AmazonHelp Gracias, eso fue lo que hicimos, contactarlos 😕",2419903,2419900.0
1245410,130119,True,Thu Oct 26 00:10:46 +0000 2017,"@AmazonHelp it was actually the GUARANTEED delivery date, and yes, you missed it officially as of 10 minutes ago",1245408,1245411.0
1078471,374405,True,Tue Oct 24 00:41:29 +0000 2017,@14249 can we do anything about the fact stuff I ordered last week for a project this week still aren’t here? #nothappy,1078470,
1307634,309302,True,Fri Oct 27 03:25:09 +0000 2017,"@115850 
Dear sir
As i had raised the issue on 14 oct itself ... but unfortunately not acted upon by amazon .. the market share went down https://t.co/PQTJkvLYmf",1307633,
1691985,472074,True,Mon Nov 06 20:49:49 +0000 2017,@UPSHelp  and @AmazonHelp  you two need to talk to each other there is clearly a break somewhere,1691983,
69736,131799,True,Fri Nov 24 11:10:32 +0000 2017,"@AmazonHelp Si il y a de la place, je les prends 😊 oui bien sûr ce sont mes petites et pas de soucis",69734,69737.0
562931,251774,True,Sat Dec 02 23:30:47 +0000 2017,@115821 y’all are really making me wait 8 days till I get my package?,562929,
125286,144096,True,Fri Nov 24 02:25:57 +0000 2017,@AmazonHelp Não havia resolução fácil e imediata. Eu só não seria prejudicada se tivesse chegado dentro do prazo me dando tempo para fazer a devolução ou se tivessem enviado o produto em bom estado.,125285,125287.0
2478914,188010,True,Wed Nov 15 14:58:51 +0000 2017,"@AmazonHelp Yes it has, despite the original delivery date being today. Major inconvenience as they were items I need without fail by tomorrow AM.",2478916,2478913.0
2825501,153394,True,Mon Nov 27 10:34:11 +0000 2017,@AmazonHelp Non et par le chat on m'a dit qu'il n'y avait aucun soucis que le colis n'a pas été livré et non qu'il est perdu. Sauf que j'ai un preuve écrite et vocale que le colis a été oublié,2825502,2825500.0
2311173,670288,True,Mon Nov 13 05:07:02 +0000 2017,ペルソナのサントラってamazonプライムで聴けるの知らなかった。,2311172,
759023,301372,True,Thu Oct 12 11:39:07 +0000 2017,@AmazonHelp Needed a 📦 delivered before going on travel-did not arrive in time despite assurances that there would be contact w/Carrier to expedite,759025,759022.0
74687,132725,True,Thu Nov 30 12:55:28 +0000 2017,@AmazonHelp Everyone said the same thing. Useless customer service,74688,74686.0
2970630,819385,True,Thu Nov 30 01:01:22 +0000 2017,@AmazonHelp Persona 5 😁,2970632,2970629.0
843369,320554,True,Sat Nov 25 10:26:04 +0000 2017,@AmazonHelp Thank you! Do you know why it is now saying Tuesday?:( https://t.co/mAbWfmZ4uU,843371,843368.0
37602,124163,True,Wed Nov 01 14:06:52 +0000 2017,@AmazonHelp It was scheduled for today. No one came for pick up of shipment. This is height of carelessness. @115850,"37600,37609",37610.0
917022,337704,True,Mon Oct 16 13:28:16 +0000 2017,Earlier issue was of delivery now it's of product that they deliver. Ordered case for iphone 8 plus got for 7 plus @115850 @AmazonHelp https://t.co/HcUCv3ON5E,"917021,917023",
1189749,120780,True,Thu Oct 26 09:28:04 +0000 2017,@AmazonHelp already gave you my number to connect on,"1189750,1189751",1189746.0
2899535,803280,True,Tue Nov 28 17:48:09 +0000 2017,"• Vcs que querem comprar na internet, comprem na @117086 
MELHOR LUGAR 😍 tudo baratinho e a entrega é na velocidade da luz","2899534,2899536",
1261175,415449,True,Thu Oct 26 15:03:25 +0000 2017,@AmazonHelp Why Every month close to 700 deducted from credit account against amazon prime membership..I understand that it’s 499 or so for per year...,1261174,1261176.0
716031,291338,True,Wed Oct 11 00:09:49 +0000 2017,"Everyone that knows me knows I speak my mind, good or bad. @115821 is incredible to their customer. Just wish they could deliver packages.",716029,
1775029,533431,True,Wed Nov 08 04:24:13 +0000 2017,@115833... There are so many Easter eggs responses that doesn't work in the Indian version of Echo... Will they come in time..?,"1775030,1775028",
627709,268662,True,Wed Nov 22 15:18:44 +0000 2017,@AmazonHelp Y otro que también lo tienen la misma compañia de reparto https://t.co/odenQK6Uko,627713,627708.0
1205212,403078,True,Mon Oct 16 08:28:35 +0000 2017,@AmazonHelp Yes. Retrying doesn't help. https://t.co/zFAG7FMekm,1205210,1205214.0
1668302,508078,True,Mon Nov 06 13:30:41 +0000 2017,@AmazonHelp  https://t.co/YfTOiefVMF,1668307,1668300.0
2710831,761151,True,Mon Nov 20 02:08:37 +0000 2017,"@115821 No-rush shipping = rewards with Amazon restaurants. But Amazon Restaurants in my neighborhood are terrible. A different reward, perhaps?",2710830,
970278,350255,True,Sun Oct 22 07:09:24 +0000 2017,"@AmazonHelp your service has made me completely hate your company. I will never order on it. My order reached my city 4 days ago, still 1/3","970276,970291",
525589,241593,True,Sat Dec 02 06:00:33 +0000 2017,@115850 Extremely disappointed by Amazon India prime service.. 10 day delivery time for a really small order..Then what is the use of by being a Prime Member?? Waste of money,525588,
1521817,472998,True,Wed Oct 18 00:29:00 +0000 2017,@AmazonHelp Why if the idea is great than u r company cannot give some money.,1521818,1521816.0
643733,272836,True,Fri Oct 13 05:50:21 +0000 2017,@115821 really needs to get their AMZL US drivers in check in SF/Bay Area. Constant late/missing deliveries! Unacceptable as a prime member,643731,
380786,206315,True,Mon Oct 09 10:50:19 +0000 2017,@AmazonHelp M nt able to login from my account. Its saying id already exists.,"380787,380788",380785.0
1292078,140026,True,Thu Oct 26 20:49:03 +0000 2017,"@AmazonHelp Ahhhh, não tem chance de ampliar esta promoção para kindle? :(",1292077,1292079.0
319404,192169,True,Sat Oct 07 19:15:36 +0000 2017,@AmazonHelp Tried the link same answers all against @2155 regulations. Amazon pay wallet doesn’t allow transfer back to ac,319405,319403.0
350767,199453,True,Sun Oct 08 09:44:47 +0000 2017,@AmazonHelp what's the best way  to contact AmazonUK about the below? https://t.co/SpRdSOlDgK,350766,
91413,135815,True,Thu Nov 30 15:10:15 +0000 2017,@AmazonHelp Did all that (aren't YOU the carrier?).,91412,91414.0
1449052,456243,True,Mon Oct 16 19:23:14 +0000 2017,@AmazonHelp If I pre order a digital game code will I be available to get it as soon as it releases (midnight)?,1449051,
1984312,587361,True,Thu Nov 02 01:20:58 +0000 2017,@115821 question for you guys. Can you send me a DM?,1984311,
2219966,648445,True,Fri Nov 10 13:58:14 +0000 2017,@AmazonHelp It doesn’t state a courier.. https://t.co/Qq79zAQlqY,2219967,2219965.0
551955,248656,True,Sat Dec 02 19:10:12 +0000 2017,Amazon have ruined my day @AmazonHelp,551954,
1363801,437557,True,Fri Oct 27 20:11:16 +0000 2017,@117086 cancelaram a compra do meu kindle bloquearam a conta e 0 retorno pra tentar resolver,1363800,1363802.0
2700842,734636,True,Sun Nov 19 20:37:19 +0000 2017,"@AmazonHelp Well now, delivery got pushed back to Tuesday. No explanation in the email. So 2 day shipping became 6 days.",2700840,2700843.0
91520,135841,True,Fri Dec 01 12:15:17 +0000 2017,@AmazonHelp So it now appears my parcel is lost. Ordered on prime last Friday and not delivered. Shockingly poor service https://t.co/6L6OHr52jv,91522,91518.0
318811,192056,True,Sat Oct 07 08:27:17 +0000 2017,"Hey .@115850 as the listing shows i'll be saving 100% on this item, please delivery it to my address. I'll pay delivery charges of Rs 99. https://t.co/Ndx6ahHDYw",318810,
2880503,799347,True,Tue Nov 28 08:15:39 +0000 2017,Thanku @115850  for delivering bday order to my mom before time 👍,2880502,
2679397,753913,True,Sun Nov 19 04:04:33 +0000 2017,"@115850 Order placed on 8th Nov, still not delivered. Contacted customer service multiple times, but still no resolution. #PatheticService #Prime (Order no. 403-5575038-0558746)",2679395,
166379,154648,True,Fri Nov 24 20:10:55 +0000 2017,@116875 hola que pasa si en un artículo no me sale la opción de comprar ???? https://t.co/gsNVgiS4G8,166378,
2976479,820887,True,Thu Nov 30 03:05:21 +0000 2017,"Ever wondered what happens if you ordered a couch on @115821 ? 
Delivered in ~24 hours since my order.  (My apartment is on the third floor BTW) https://t.co/NgqbEUY9xe",2976478,
1496993,467555,True,Sat Oct 28 21:12:18 +0000 2017,"90% of the time @115830 are great. But when something goes wrong, getting an answer from them is like getting blood from a stone.",1496992,
1776417,533815,True,Tue Nov 07 23:54:39 +0000 2017,@AmazonHelp é que tô ansiosa mesmo 😁,1776420,1776416.0
1266451,416533,True,Mon Oct 16 05:36:20 +0000 2017,When is the next sale for redmi 4a ? @115850,1266450,
1350299,434869,True,Fri Oct 27 17:45:33 +0000 2017,"@116316 How can I return a damaged item if the return window appears as ""closed""? I can't find a way",1350298,
555307,249650,True,Sat Dec 02 20:44:55 +0000 2017,"@115821 Honestly what goes on in your guys’ warehouse? And since customer service isn’t capable of communicating, you know no feedback gets back to the warehouses about it. Ridiculous.",555306,555308.0
1428583,451827,True,Thu Nov 02 06:28:55 +0000 2017,@AmazonHelp メッセージきました。新品を買ったのに破損してたのは残念です。,1428584,1428582.0
527124,242004,True,Sat Dec 02 07:25:28 +0000 2017,gaganagrawal: Dear amazonIN why not ship books with a #bookmark ? Most other #ecommerce sites like Flipkart do! #justathought #justasking,527123,
611084,265293,True,Wed Nov 22 14:41:08 +0000 2017,@AmazonHelp oui nickel,611086,611083.0
867379,325957,True,Fri Oct 20 18:05:01 +0000 2017,Thank you @115821 for such great customer service today! #Amazon,867378,
1489787,466018,True,Fri Nov 03 09:22:56 +0000 2017,@AmazonHelp Ordered Kindle fire Tuesday del nov 2 gt home del now 2to7nov spoke last night you will try get it del today I have prime acc  feel let down,1489789,1489786.0
2478904,708450,True,Wed Nov 15 14:44:34 +0000 2017,"@117795 Trying to order PCC in Seattle and the app has been timing out for about an hour. ""We're sorry, there was a problem and we cannot continue.""",2478901,
463414,146675,True,Fri Dec 01 02:53:47 +0000 2017,Nice job @115821! You’re earning a lot of brownie points with me. Pretty sad that this is yet another item that was shipped right away and now it’s not arriving on it’s planned date. This is the message I received. In another message it states they “think” it’ll come Dec. 1. https://t.co/mohpH6mu2P,463413,
74658,132717,True,Mon Nov 27 16:10:37 +0000 2017,@115821 I’m really disappointed with the delivery service for my orders around Oct.30 #superlate #IhavePrime #Why?,74656,
126842,144472,True,Fri Nov 24 03:12:38 +0000 2017,@117086 Olá acabei de comprar o produto Thor bomba divina na promoção e quando eu fui fechar o pedido ele parece que saiu da oferta. Por favor posso entrar em contato em detalhes com vocês?,126841,
351666,170805,True,Sun Oct 08 10:19:36 +0000 2017,"@AmazonHelp  I don't want my order anymore, don't want a replacement too. Please refund my money and everything would be fine... pleeease https://t.co/k8FQV74nAx","351665,351667",
2032976,601148,True,Sun Nov 26 13:20:55 +0000 2017,"@AmazonHelp No I don't see it on that link as I mentioned in email, it was ordered from my wife's part of the family account. Claire Roper.",2032978,2032975.0
2399183,389945,True,Mon Nov 20 11:12:45 +0000 2017,@AmazonHelp Venez en dm svp,2399184,2399182.0
909857,336115,True,Sat Oct 21 05:58:36 +0000 2017,@AmazonHelp I have purchased a Bosch Washing Machine on 18/10. Requested installation to Amazon but the installation guy is not from Bosch.,909855,
1871731,558954,True,Wed Oct 18 09:11:18 +0000 2017,"@120540 che scoraggia a rendere i prodotti, prenotandoti la spedizione con poste italiane. Grazie -.-",1871729,
2777497,775984,True,Tue Nov 21 23:41:30 +0000 2017,@AmazonHelp ??,2777498,2777496.0
80760,133917,True,Thu Nov 30 14:59:19 +0000 2017,@AmazonHelp My product was never delivered. I kept calling customer service. They keep asking me to wait for 24 hours. It's been around 240 hours ... I've complained about 5 times now.,80762,80759.0
271930,180889,True,Fri Oct 06 02:55:51 +0000 2017,"Still waiting at the doctors, it’s been 1hr &amp; 5 minutes without my kindle. I’m going through the stages of grief.",271929,271931.0
1604091,116925,True,Sun Nov 05 08:06:50 +0000 2017,@115850 महोदय मुझे अभी तक अमेज़न पे बेलेंस से पेमेंट करने पर कैश बैक नही मिला जबकि10℅ कैश बैक का आफर था और मेरे द्वारा पहले फोन से पूछा था,1604087,
1308273,425727,True,Fri Oct 27 03:53:53 +0000 2017,@115851 this is how your #amazon drivers deliver in #GlenEllyn IL #poorservice https://t.co/YFYsoPYRWn,1308272,
1387185,442773,True,Mon Nov 20 06:43:29 +0000 2017,"@115850 you guys are going down the drain with your quality. Received sub standard products with different brand against the order that you damaged good. Are taking customer money and rolling it in your system.
customer care not helpful",1387184,
969237,350065,True,Sun Oct 22 07:00:01 +0000 2017,"@AmazonHelp Guys, already gone through this link and chat process. No help. The only option is to wait. May be for ages. #apnidukaan is really pathetic.","969856,969859",969236.0
2130930,627168,True,Wed Nov 08 19:38:15 +0000 2017,"@AmazonHelp Due ordini, in casa c'era chi aspettava, uno non consegnato per destinatario ASSENTE, l'altro scrivete che il corriere non trova l'indirizzo. Penoso.",2130929,2130931.0
1736233,524192,True,Tue Nov 07 13:57:11 +0000 2017,"Ayer en un edicio cercano cuando ponía ""entregado a un vecino"". Hoy de esta manera... Así no  @116928 https://t.co/14KVqKHzZG",1736231,
440039,219443,True,Wed Oct 11 10:33:57 +0000 2017,@AmazonHelp Yes I have requested quite of number of times for a new code and it's not in any other folder have been checking,440037,440041.0
444250,220244,True,Wed Nov 22 09:29:42 +0000 2017,Oh dear @115830 I think I have a problem. https://t.co/zbpPlxQwRO,444249,
180439,158432,True,Wed Oct 04 11:38:46 +0000 2017,@AmazonHelp second failed delivery - building is a business - driver didn’t attempt today - will there be an issue delivering??,180438,
2891840,793990,True,Tue Nov 28 14:52:03 +0000 2017,Me van a llegar los complementos pero no el cuerpo. Vamos @116875 no me falles y ayudame a ver que onda con mi pedido y revisión de documentos para que me cobren mi pedido completo.,2891838,
371101,203878,True,Sun Oct 08 22:23:47 +0000 2017,So the item I ordered on @115821 was supposed to be delivered today. I check and it said 'delivery attempted' where's my stuff?!,371099,
1598843,491032,True,Tue Oct 17 09:17:11 +0000 2017,"J'espère que je l'aurai le jour de la sortie direct @120533 @115766 #CallOfDutyWWII precommande fait, plus qu'attendre 🤗 https://t.co/2mpbOuc1Wn",1598842,
2669223,751789,True,Sun Nov 19 11:39:18 +0000 2017,@AmazonHelp https://t.co/mJnChQDNed,2669225,2669222.0
233459,171578,True,Thu Oct 05 12:40:19 +0000 2017,"@AmazonHelp Sorry that your order is late, if it doesn't arrive by Saturday (this is a school address so closed on Sat.) then come back to the site.",233461,233458.0
729039,294625,True,Wed Oct 11 08:20:16 +0000 2017,@AmazonHelp how do I delete the 36 language dictionaries that are clogging up my kindle paperwhite?,"729037,729041",
295901,186468,True,Fri Oct 06 18:11:58 +0000 2017,@115821 need better transperacy between your logistic team and drivers. Currently experiencing terrible customer experience due to lack of.,295898,
1667184,507812,True,Tue Nov 07 09:42:20 +0000 2017,"@AmazonHelp will get in touch with @56660 fr sure, U NO longer accept aftr 10 dys-bit strange bt u delivered broken seal pack item - it acceptable? https://t.co/DbnDDIv9gv",1667185,1667183.0
962098,348292,True,Mon Oct 23 14:28:21 +0000 2017,@AmazonHelp Waiting for 15th NOV result. I hope u have my email id. 😜😜,962100,962096.0
1290378,421764,True,Thu Oct 26 20:17:47 +0000 2017,@117093 i tried amazon prime now in Madrid for fresh groceries. Hope you guys include more ORGANICS soon.  https://t.co/yqW6NhLmnW,1290377,
468875,138287,True,Fri Dec 01 06:23:00 +0000 2017,Voilà c’est officiel @120533 a planté ma commande!!! Un grand merci !!! Au moins un chose est sur c’est que l’option prime va vite être enlevé !!! #ComptePasSurEux #Deception,468873,
159523,152723,True,Thu Nov 23 18:05:12 +0000 2017,@AmazonHelp I signed up for a year of audible but don't seem to have my coupon for the echo. How do we fix this?,"159522,159524",
2580471,669570,True,Thu Nov 16 22:37:32 +0000 2017,@AmazonHelp No I haven't,2580473,2580470.0
2790577,778852,True,Tue Nov 21 19:59:08 +0000 2017,My first sub-par customer service experience with @115821 . Something I thought would never happen....,2790575,
637305,271112,True,Wed Nov 22 19:20:15 +0000 2017,"Si no te importa @116928 la próxima vez que compre otro vinilo, evitad meterlo en una caja 3 veces más grande y sin ninguna protección para que no vaya dándose hostias por el camino jodiéndose la carpeta. Gracias. https://t.co/MR29TLQZK7",637304,
2017579,403036,True,Wed Nov 08 17:02:52 +0000 2017,"@AmazonHelp Thebraindriver sold it. I'm sorry, I thought this was an Amazon Prime product. It doesn't look like it is.",2017580,2017578.0
2512387,716027,True,Mon Oct 30 06:18:52 +0000 2017,"@AmazonHelp Bonjour, bien sur, 
Livraison : 
Jeudi 26 octobre

Votre mode de livraison : 
Prime - Livraison en 1 jour ouvré",2512385,2512389.0
1561551,290608,True,Sat Oct 28 21:39:17 +0000 2017,"@AmazonHelp hey, so an order I placed was supposedly delivered yesterday to a resident but I never actually received it?? What do I do??",1561550,
837508,319316,True,Fri Oct 13 09:51:35 +0000 2017,@115850 Sir attached file is my son's amazon account with update mobile no. but delivery sheet shows old no creating confusion pls tk na https://t.co/gxRdDpJXrK,"837507,837509",
2886565,800548,True,Tue Nov 28 12:13:21 +0000 2017,@AmazonHelp Do you have any operators who I could understand and could actually understand me. I'm English! So far no one i've spoken to knows what they are doing and i'm going round in circles!! I've wasted over an hour on calls so far trying to get anyone to understand my issue,2886563,
2551983,724932,True,Tue Oct 31 04:40:01 +0000 2017,@AmazonHelp I have been reaching out to your support team since yesterday but none of them even bothered to open a ticket,2551985,2551982.0
641799,272311,True,Wed Nov 22 20:43:56 +0000 2017,@AmazonHelp how are your delivery drivers allowed to just leave parcels on the doorstep in clear sight of everyone who walks past giving them the opportunity to take it...really not impressed. At least put it in the back garden or something...,641797,
278709,182466,True,Fri Oct 06 06:47:16 +0000 2017,"@115850 I had ordered this for last Diwali. It's been a year and you're still ""Preparing for dispatch"" !! 😂😂😂 https://t.co/YBC1fJrlVO","278708,278710,278711",
338908,196911,True,Sat Oct 07 22:58:17 +0000 2017,Hey @115850 why do you make it so hard to cancel orders? on purpose? And why isn't the customer care chat option more handy? Thumbs down!,338907,
2614030,738977,True,Fri Nov 17 13:37:35 +0000 2017,"@AmazonHelp I think I'm done with ordering ""Free next day prime"" due to it never arriving the next day.",2614028,
517624,239357,True,Sat Dec 02 01:12:30 +0000 2017,機種変から、メルアドもパスワードも変えてないのに、Amazonでログインできなくなった(´；ω；`),517623,
2852149,133008,True,Mon Nov 27 19:58:08 +0000 2017,@AmazonHelp Are you sure because the actual website (see image in previous tweet) states 8pm.,"2852147,2852150",2852151.0
2724527,764173,True,Mon Nov 20 11:57:21 +0000 2017,"Estoy un poco enfadada con @116928 porque hice un pedido el día 16, pagando casi cuatro euros para el envío rápido y aún no se han molestado en enviármelo ni nada. Está en stand by.",2724526,
426299,216398,True,Tue Oct 10 12:48:42 +0000 2017,"@AmazonHelp Shared the order ID. Work it out. If you want to behave like a government office and make me fill out the forms, just say so.",426300,426297.0
2330923,158479,True,Fri Oct 20 00:53:29 +0000 2017,"@119038 @AmazonHelp Does this mean theres no way for me to get a trial twitch prime or some such, since my twitch/amazon are linked? :(",2330921,2330934.0
451935,222187,True,Thu Nov 30 22:20:56 +0000 2017,@AmazonHelp Can I talk to your UI/UX team instead?,451937,451934.0
2117556,624114,True,Thu Oct 19 05:45:32 +0000 2017,"Hey @AmazonHelp 
Ende November kommt ja die 5. #Vikings Staffel
Wie schaut's denn da mit Staffel 4.2 aus? o:",2117555,
844116,599873,True,Wed Oct 18 21:34:39 +0000 2017,@117086 E os Alexa?,2028509,844097.0
1168735,394912,True,Tue Oct 24 19:01:59 +0000 2017,Hey @AmazonHelp ma commande est en livraison aujourd’hui avant 20h depuis deux jours. Du coup elle arrive quand  ??! #prime,1168733,
2591316,733919,True,Mon Oct 30 20:11:17 +0000 2017,"@AmazonHelp Nope. Didn't help. Your support sucked too, so unhelpful over chat",2591318,2591315.0
971018,294193,True,Sun Oct 22 11:45:48 +0000 2017,@AmazonHelp @115851 @115821  have you guys lost it have been replying to email &amp; again asked for the same thing on email. #selectivereading read it,971020,971017.0
274470,182812,True,Fri Oct 06 09:50:02 +0000 2017,@115850 And tired to contacting  customer services but they are not giving any solution  on this matter and giving waiting time only,280714,274467.0
2456063,703555,True,Wed Nov 15 04:11:42 +0000 2017,"@115850 while ordering ,got the msg of delivery on 17th Nov ,later got the date of 21 Nov inspite of expedited delivery option...... kindly expedite, urgent package.
Order No : 406-6299669-6690762",2456062,
1285527,420701,True,Thu Oct 26 18:45:22 +0000 2017,@AmazonHelp I needed item by tomorrow no later and was guaranteed delivery but it is delayed and i no longer have time for a replacement.,1285529,1285526.0
1746088,314201,True,Tue Nov 07 15:38:55 +0000 2017,@AmazonHelp All are arriving on Monday as per portal,"1746089,1746090",815515.0
1317465,427724,True,Fri Oct 27 07:41:10 +0000 2017,"Issues with @115850 shopping app and @119625 .
Please help...",1317463,
2318094,672016,True,Mon Nov 13 09:50:30 +0000 2017,"@115850 Order# 408-8598637-3753102 , Still awaiting for my refund , No response from customer support",2318093,
1953442,579942,True,Thu Nov 16 11:38:08 +0000 2017,@AmazonHelp my parcel still hasn’t arrived even though it said I would receive it on 14th November,1953441,
2275297,661781,True,Tue Nov 07 07:09:23 +0000 2017,Amazonクソすぎお客様番号送ってくるの遅すぎる、、、、、、,2275296,
2970515,819362,True,Thu Nov 30 00:41:52 +0000 2017,@AmazonHelp Lighting. I fixed it but then created another issue.,2970514,2970516.0
2318573,672109,True,Mon Nov 13 11:17:50 +0000 2017,"@AmazonHelp Ça n'as servi à rien, vous avez aucune info sur pourquoi mon colis est en retard.",2318575,2318572.0
180546,158451,True,Wed Oct 04 12:31:18 +0000 2017,@AmazonHelp ORDER # 405-3723509-3357943,"180544,180550",180551.0
2763562,773066,True,Tue Nov 21 08:48:12 +0000 2017,@AmazonHelp Already called and spoke. Now your team will  followup.,2763564,2763561.0
481557,229463,True,Fri Dec 01 13:46:57 +0000 2017,@AmazonHelp  I need help! My friend @229464 had his package stolen from his porch the other day it got delivered! Can we help him out with his options as far as what you guys can help with? Thank you!,"481555,481558",
2459164,704274,True,Wed Nov 15 07:21:45 +0000 2017,"@AmazonHelp Scratch that... I wanted just a steaming app for my Amazon prime videos. How about just make it like Netflix, Hulu, crackle, YouTube, TED, etc? I can't just hit the screen button on the top of the app and connect to my smart TV and just play it? There is a million dollar idea...",2459169,2459160.0
516636,239076,True,Sat Dec 02 01:14:42 +0000 2017,Hice una compra muy precipitada en @116875 😅,516634,
2602871,619816,True,Sun Nov 26 22:29:07 +0000 2017,@AmazonHelp Assuming the chat isn't an option unless on a computer?,2602873,2602870.0
43658,125687,True,Sun Nov 26 00:39:13 +0000 2017,@AmazonHelp 空き箱で遊ぶうちの子です✨,43657,43659.0
223929,169506,True,Thu Oct 05 13:17:38 +0000 2017,@AmazonHelp Yup. Ordered Monday morning.  Said it would be here Wednesday. As of last night it was still in Ontario,223931,223928.0
465847,225836,True,Fri Dec 01 04:28:44 +0000 2017,VERY disappointed that this is becoming the norm for @115821  . https://t.co/F77suF7Be6,465845,
1564971,483173,True,Sat Nov 04 15:21:19 +0000 2017,@AmazonHelp ¿Ustedes no son de soporte? Ya se los estoy reportando... ¿No?,1564970,1564972.0
867397,325962,True,Fri Oct 20 10:29:38 +0000 2017,@115850 @AmazonHelp i have done all that needs to be done..still no progress...hence mentioned pathetic service,"867398,867396",867399.0
2928942,810284,True,Wed Nov 29 05:55:08 +0000 2017,お姉ちゃんの習い事の付き添いを騙し討ち的に置いていかれて激おこなのでアマゾンプライムで鎧武を見せてご機嫌を取るの巻 https://t.co/NA2rTuqrQV,2928941,
575984,255526,True,Sun Dec 03 08:19:38 +0000 2017,@AmazonHelp hi just wonder why you haven't shipped them. It's been two days since I ordered them. Order # 113-4002806-4843420,575982,
107248,122926,True,Thu Nov 30 18:45:57 +0000 2017,Soooo angry! Ordered something for my trip and @117795 failed to deliver because I wasn’t in despite putting several parcels through my letterbox before,107247,
412298,213374,True,Tue Oct 10 00:20:59 +0000 2017,HEY @118721 and @115821 I’ve been getting charged DOUBLE for THE SAME @13773 account....... #imapoorstudent #fixthisplease https://t.co/T4HQU0SsPs,412297,
2893355,801930,True,Tue Nov 14 01:39:19 +0000 2017,"amazonプライムビデオ、いつのまにか『モヤさま』も追加されている！
デスクワーク中のお供が増えて嬉しい限りだよ。",2893354,
2159204,634231,True,Thu Nov 09 04:38:15 +0000 2017,AmazonにあったあんかーのBluetoothイヤホン届いたんだけどマジでやばいテンションあがるこれで2000円は安い https://t.co/ZdOgHWxcQh,2159203,
2208631,645659,True,Thu Oct 19 14:48:29 +0000 2017,I ordered 18x18 pillows on @115821 prime then why does it say its prime when they are coming from China?  🤦🏼‍♀️,2208629,
580573,256776,True,Sun Dec 03 12:00:12 +0000 2017,"Abrir un chat a @116928 para pedir info de un pedido, me confirman que lo recibiré el Martes y me añaden a la cuenta un cheque regalo de 5€ por las molestias, sin pedirlo. Resumen: ¡larga vida a Amazon!",580572,
1347621,224458,True,Fri Oct 27 17:12:06 +0000 2017,@115821 im glad your delivery driver called 2tell me there was no place to put my package. I saw through #arlo they went to the wrong house https://t.co/mgGKfrHlEF,1347620,
1457979,458398,True,Thu Nov 02 20:46:41 +0000 2017,@AmazonHelp It’s unacceptable to “deliver to someone in the area” to a person that signed as me. That is pure laziness and completely unprofessional,1457980,1457978.0
2773060,775061,True,Tue Nov 21 22:15:10 +0000 2017,"@AmazonHelp It’s 10:15pm and still no sign, as expected because neither amazon nor DPD seem to know where my package is.",2773062,2773059.0
1274985,418451,True,Mon Oct 16 07:38:03 +0000 2017,勝手にAmazonプライム会員になっていた,1274984,
2871578,797327,True,Tue Nov 28 02:59:16 +0000 2017,"@AmazonHelp No, ahora entro, muchas gracias",2871577,2871579.0
1477998,463193,True,Thu Nov 02 23:18:56 +0000 2017,"@AmazonHelp Hi, I’ve got some information I wanna send who do I send it too? I think you have staff that and doing dodgy stuff",1477996,
2734212,766346,True,Mon Nov 20 19:33:29 +0000 2017,@AmazonHelp You have asked me to wait and send an Email which I did. But there is no response and this is a privacy concerning issue. I demand a reply within 10 hrs else I am escalating this still higher and I am not leaving this be.@115850,2734211,2734213.0
420089,215146,True,Tue Oct 10 06:38:23 +0000 2017,"@AmazonHelp I only got one email, from rep Meena with chat log, who did a great job! The first two I did not save because I was trying to get help.",420091,420088.0
2742974,768319,True,Mon Nov 20 18:30:16 +0000 2017,@AmazonHelp I'm trying to deal with your terrible courier service (intelcom) that keeps hanging up on me. How do I proceed? I spent a lot on 2 day service... last week.,2742972,
244160,173990,True,Thu Oct 05 14:09:29 +0000 2017,"@AmazonHelp For canceled order no. 407-2567762-72512504, But customer care deny for refund before 4-5 days in place of 24 days commitment.","244159,244161",
2553872,725311,True,Thu Nov 16 16:48:00 +0000 2017,@AmazonHelp Je vais envoyer ça dés que possible alors bien que je ne comprenne pas pourquoi mon accès a été supprimé :s,2553873,2553871.0
427042,216573,True,Tue Oct 10 19:40:08 +0000 2017,@AmazonHelp Guess its time to look for alternatives.,427045,427041.0
1304239,424647,True,Fri Oct 27 00:37:28 +0000 2017,"@123813 si ya estoy suscrito, participo para ver a los @14777 en CDMX automáticamente?",1304238,
2052196,606910,True,Wed Oct 18 23:51:44 +0000 2017,おはようございます😃もうすぐDVD発売で…どこで買っていいのか?悩んでます…amazonでのショッピングはしたことないので何からしたらいいのか？まずは会員登録?絶賛悩み中〜(笑),2052194,
2424490,353759,True,Tue Nov 14 20:20:08 +0000 2017,"@AmazonHelp It was suppose to be today, but I received an email about it being rescheduled for tomorrow. I guess with Veterans Day being observed on Friday that sounds about right. Everyday is a gamble without that phone case though. 😅",2424492,2424489.0
2289570,665149,True,Sun Nov 12 05:22:30 +0000 2017,課題やるの嫌すぎてAmazonでウィンドウショッピングしてしまう,2289569,
596797,261470,True,Sun Dec 03 19:33:15 +0000 2017,@AmazonHelp Gayle in customer service rocked our phone call! Thank you for an excellent customer experience!,596796,
983276,235027,True,Sat Oct 14 09:35:31 +0000 2017,@AmazonHelp is there any reason my amazon pantry order arrived with the box open on one side? (see photo) do i trust what’s inside now or😩🤔 https://t.co/yEDBNaQJqD,983274,
1456392,458032,True,Sun Nov 05 13:29:29 +0000 2017,"@AmazonHelp ordered Tuesday via the PRIME account for next day, delivery date was Wednesday eventually came FRIDAY. PRIME orders are now RUBBISH!",1456394,1456391.0
2833211,788744,True,Sun Nov 12 15:32:25 +0000 2017,"When you find something way to cheap on Amazon.
@115850 @2517 @135832 @135834 @144775 https://t.co/sQSJgOnmVX",2833210,
2317131,671815,True,Mon Nov 13 17:25:53 +0000 2017,@AmazonHelp It’s saying before Thursday! That’s great for a dash button when it was pushed Friday!,2317133,2317130.0
2772414,774919,True,Thu Nov 30 00:36:36 +0000 2017,@AmazonHelp Unfortunately none of those worked!  The other movies we’ve purchased all work.  Would it be crazy to ask to be refunded for the purchase?,2772415,2772413.0
278852,182499,True,Fri Oct 06 09:27:47 +0000 2017,@AmazonHelp No the email was just more labels. No message or anything related to the complaint.,278853,278851.0
435123,218359,True,Tue Oct 10 16:32:58 +0000 2017,@AmazonHelp No tengo manera de contactar con él. No me han proporcionado ningún número o correo electrónico.,435122,435124.0
862512,324802,True,Fri Oct 13 14:39:10 +0000 2017,@115830 paid extra for a ripped gift wrap!? #amazon https://t.co/xQhLnpw6Ty,862511,
2474959,707559,True,Thu Nov 16 11:39:17 +0000 2017,@AmazonHelp Got my refund amount. Thank You :),2474961,2474958.0
2532475,720714,True,Mon Oct 30 11:46:21 +0000 2017,"Dear @115850, 
What's wrong with your customer care team?
It used to be best one time, but now just a shadow of its past.
#whereismyorder","2532476,2532473",
2124164,509969,True,Thu Oct 19 05:15:36 +0000 2017,@AmazonHelp Today is 3rd day of delivery.Its already morning and no updates from you except waiting for more 24-48hrs.Complete blunder.,2124163,
780848,306428,True,Thu Oct 12 10:37:21 +0000 2017,@AmazonHelp Can you people call me on my mob no ending with 5060 registered with you.,780850,780835.0
2288233,664790,True,Thu Oct 19 19:36:11 +0000 2017,@AmazonHelp ????????? https://t.co/RqgNzxiqk0,2288232,
729710,308328,True,Thu Oct 12 11:39:09 +0000 2017,@115825 Dieser Eurodingends geht ja nicht mal daher ne ich finde schon einen Stream wo ich guggen kann.,789681,729709.0
2718072,665487,True,Wed Nov 22 07:31:18 +0000 2017,"@AmazonHelp that is not the concern, why did u not deliver my product on second instance after delivery agent calling me and confirming me delivery time???","2718073,2718074",2718071.0
1313421,159139,True,Fri Oct 27 09:47:09 +0000 2017,@AmazonHelp I did but it didn't help. I either send it back and don't have it for my collection or I keep the broken one.,1313422,1313420.0
901041,333894,True,Sun Oct 15 03:17:32 +0000 2017,@AmazonHelp Any update?,901042,901040.0
991752,354918,True,Sun Oct 22 13:28:19 +0000 2017,@115821 Ya lo llevo y se oye muy bien. Sin decirle a la gente que hable alto y sin poner la tv a todo tren.,991751,991753.0
1123650,384985,True,Mon Oct 16 05:14:46 +0000 2017,@AmazonHelp What details do u need more. Please ask a rep to call me on 9898853242,"1123651,1123652",1123649.0
917072,337713,True,Sat Oct 21 08:40:21 +0000 2017,"@115850 @AmazonHelp @115821 order no171-9845561-4758744-
Need invoice copy being folowing frm 1 month - pl send it on register id","917070,917073",
1503836,469051,True,Fri Nov 03 16:16:14 +0000 2017,@AmazonHelp already escalated. But they are useless. Didn't got any proper response from them yet!,1503838,1503835.0
1642218,500370,True,Tue Oct 17 13:21:04 +0000 2017,@AmazonHelp I subscribed to Gary Barlow presale but not received my email with codes please please help,1642217,
2718479,280281,True,Mon Nov 20 08:10:33 +0000 2017,"@AmazonHelp. Absolute embarrassing responses from the company. Don’t address any issues, hide their heads in sand &amp; all what you receive is standardised responses that pick out key words. 👎🏻😡@115851",2718477,
679876,282213,True,Thu Nov 23 08:09:40 +0000 2017,"@115830 is there a reason my gift has been left undelivered and I haven't been informed?! ""Damaged in transit"" or ""address not located"" - is this not something you communicate to customers? #ridiculousservice",679875,
2670803,752108,True,Tue Oct 31 09:34:41 +0000 2017,"@AmazonHelp Please advise, I've contacted a seller 3 times about an item that was supposed to be delivered 19/10 but no response from them",2670802,
859664,324108,True,Sat Oct 14 05:27:46 +0000 2017,@AmazonHelp Please make sure the delivery guy is carrying change today.,859665,859662.0
2864707,164975,True,Tue Nov 28 00:20:31 +0000 2017,"@AmazonHelp d'accord je regarderais cela si ça me convient bien par rapport à ma demande, merci à vous et bonne fin de soirée :) ^^",2864709,2864706.0
800977,310867,True,Thu Oct 12 15:59:33 +0000 2017,"@AmazonHelp The carrier is USPS, but they seem to get stuck at Amazon facilities or get misdirected. I pay for 2 days. Why isnt UPS/Fedex used anymore?",800979,800976.0
1024283,362399,True,Sun Oct 22 23:49:34 +0000 2017,"amo que pido algo por @116875 en Sabado en la noche y llega el Domingo en la mañana, totalmente vale la pena el Prime",1024282,
706816,288986,True,Tue Oct 10 19:12:56 +0000 2017,@115830 thanks a lot for messing me around yet again for the third time when it comes to pre-ordering items you guys are a liability 🖕,706815,
389928,208317,True,Mon Oct 09 15:12:54 +0000 2017,@AmazonHelp @122232 are a disgrace! 3 orders to a BFPO address.....all 3 returned! Why do you use these jokers. #Sackthem,389926,
524277,229906,True,Sat Dec 02 04:57:49 +0000 2017,@AmazonHelp where is the result for AmazonRechargesQuiz ???,524276,
313474,191152,True,Sat Oct 07 07:43:24 +0000 2017,"@190855 @AmazonHelp Cool bro, I was charged more than MRP here 😪  amazon's own cloudtail",316328,313472.0
611064,148259,True,Thu Nov 23 12:29:16 +0000 2017,@AmazonHelp Já fiz dezenas de compras com vcs. O meu endereço tá cadastrado na Amazon desde antes da chegada ao Brasil. É claro q o endereço está correto,611065,611062.0
120247,142694,True,Thu Nov 23 22:32:05 +0000 2017,@AmazonHelp All prime products on Amazon UK are again showing delivery next Monday 27th Not next day or two day delivery. Every Item listed as Prime does not have prime delivery. This is the same issue that appeared at the beginning of the month!,120246,
743262,297723,True,Wed Oct 11 15:47:23 +0000 2017,"Please, please, please @115821 send me my book... 😭 #everydaywatercolor",743260,
2406918,692195,True,Tue Nov 14 19:22:14 +0000 2017,@AmazonHelp Send the link again,2406919,2406917.0
2974676,237588,True,Wed Nov 15 19:37:22 +0000 2017,"@AmazonHelp thanks for the very quick Prime shipping, but don't you think an envelope wouldn't also suit? 🤔😯#ThinkGreen https://t.co/VyVQDcizHu",2974674,
2276353,662071,True,Sat Nov 11 17:42:19 +0000 2017,"@AmazonHelp Yep. Sure! :)
Also, can you guys ask deeper questions about Alexa's reaponses in the app? The Yes or No system doesn't seem enough. More feedback from users might help, no?",2276354,2276352.0
2624118,335301,True,Mon Nov 20 01:14:48 +0000 2017,'Your package is out for delivery and will be delivered by 8 pm.' Like hell it was. @115821 @AmazonHelp  @118706  @123967,2624116,
1015479,360271,True,Sun Feb 26 08:48:38 +0000 2017,"@AmazonHelp 2nd try for a response, this morning. https://t.co/JPwx1RVVmu",1015477,
2151110,550901,True,Thu Oct 19 12:12:19 +0000 2017,@AmazonHelp And what I should now listen to you loosers ...who can't get my delivery on time....psudobitches!,2151111,2151109.0
2882513,477788,True,Tue Nov 28 10:02:18 +0000 2017,"Yay! Thanks @115821 for saving the Cyber Monday price in my cart, I forgot to place order before bed and just now did. Saved $10 bucks! https://t.co/Em8vWQraEf",2882512,
1509893,470452,True,Fri Nov 03 14:30:32 +0000 2017,I ordered a replacement remote for Prime on 1 Oct and I have never received the order and yet it says handed to resident!! And even more frustratingly literally nowhere on the website to complain @115830,1509892,
2317364,671778,True,Mon Nov 13 07:57:24 +0000 2017,Haha. @AmazonHelp is Killing it 😎 https://t.co/uGztyjBe1w,2317362,
1083849,375667,True,Mon Oct 23 16:29:29 +0000 2017,worst experience wid AMAZON I ordered Nokia 6 on 17/10/2017 &amp; i received my package on 21/10/2017 when i opened the package phone was missng,1083847,
2614190,739010,True,Fri Nov 17 13:37:48 +0000 2017,@AmazonHelp 嬉しいです！もっと増やしてください！,2614192,2614189.0
1638591,491799,True,Tue Oct 17 13:05:16 +0000 2017,@115850 is the offer still validwhere Vodafone customers get 250 cash back on prime subscription? I am nt able to use the same now.pl help,1638589,
173430,156599,True,Fri Nov 24 23:15:13 +0000 2017,@AmazonHelp But I know they never came to my house tonight so that's a lie.,173432,173429.0
825874,316696,True,Fri Oct 13 01:27:02 +0000 2017,@AmazonHelp したのポストに、注文した荷物まるっと入ってました。わーい。ごめんなさい おさわがせして。,825876,825873.0
2166054,635733,True,Thu Oct 19 11:21:15 +0000 2017,@AmazonHelp Hassle free as I said Happy with service by mistake free forgotten in above conversation,2166053,2166055.0
395977,209750,True,Mon Oct 09 18:46:02 +0000 2017,@AmazonHelp No me aparece la opción de contactar con el vendedor. ¿Entiendo que mi envío lo gestiona amazon?,395978,395976.0
145824,141442,True,Mon Nov 27 12:23:22 +0000 2017,"@AmazonHelp @AmazonHelp How many times i need to mail ,tweet and repeat my concern , please do appropriate action and ship this item ASAP.","145825,145826",145823.0
2840325,790399,True,Mon Nov 27 16:08:52 +0000 2017,@115821 where’s my phone case? it was supposed to be here on 11/21 :////,2840324,
1606451,493496,True,Tue Oct 17 10:19:14 +0000 2017,"@115850 @115851 Support Executives lie &amp; in order to avoid a replacement. Policy says Camera can be Replaced if defective, but they say ""No"" #frauds #cheats",1606450,1606452.0
1021030,361610,True,Sat Oct 14 16:18:20 +0000 2017,@AmazonHelp The fact I've not moved. I know for a fact no one has been here. Who can I speak too?,1021027,1021039.0
2544978,723394,True,Sun Nov 26 19:57:45 +0000 2017,"Amazon just sent me a photo of the box it delivered on my front porch. I am at home. Delivery person can take a photo of my front porch, but not knock?",2544976,
1137397,387913,True,Wed Oct 25 05:11:14 +0000 2017,@AmazonHelp I can't see any submit button on the form,"1199763,1199764",1137396.0
233747,171641,True,Thu Oct 05 12:39:11 +0000 2017,"@115850 I had another bad experience with u. Exchg of phone failed, order canceled. Pausing buying frm u, shifting to @118702 for 1 mo!",233746,
1010361,359076,True,Sat Oct 14 14:40:03 +0000 2017,@AmazonHelp Yup thanks 👍,1010363,1010360.0
707852,289221,True,Tue Oct 10 21:57:10 +0000 2017,"@AmazonHelp Por un vendedor externo, pero si os e pagado a vosotros para que me llegue en un día pues...",707853,707851.0
2555183,725590,True,Thu Nov 16 15:50:33 +0000 2017,"It’s like the battery I ordered asked to be upgraded to Business Class with extra leg room. 

Bonkers box choice, @115821 https://t.co/WVBJaPAvHa",2555182,
334111,193237,True,Sat Oct 07 17:04:47 +0000 2017,@115850 @118919 Guys it's my humble request to all please don't go with prime membership of Amazon it's waste of money. Worst expc,334110,
1608069,493843,True,Sun Nov 05 09:30:52 +0000 2017,Amazonダッシュボタン届いてた https://t.co/bRmEtLBlyj,1608068,
455552,223131,True,Thu Nov 30 23:28:52 +0000 2017,"@AmazonHelp would you mind looking at order #112-6329358-2645824, it was supposed to arrive on monday but it hasn't yet",455551,
836146,319048,True,Fri Oct 13 10:01:51 +0000 2017,"@AmazonHelp Ich denke ich werde da bis morgen warten müssen, bis @124285  das wieder dem Sender zugestellt hat.",836147,836145.0
2553918,683416,True,Thu Nov 16 15:50:03 +0000 2017,"@AmazonHelp Oui des baskets Nike en taille 49.5 mais vous avez pas grand chose sur cette taille
Et sinon les ampoules Philips hue 😍",2553926,2553916.0
1310101,272341,True,Fri Oct 27 05:21:51 +0000 2017,"@AmazonHelp Laut dem Mitarbeiter von euch, könnt ihr das nicht.",1310103,1310100.0
2896009,802509,True,Tue Nov 28 17:10:04 +0000 2017,@AmazonHelp So when’s the Apple TV app launching?,2896011,2896008.0
1310913,426336,True,Fri Oct 27 05:31:33 +0000 2017,@115850 this is my order number '171-5904772-7723561' please tell me the status of it.,"1310914,1310912",
784748,307267,True,Thu Oct 12 07:55:51 +0000 2017,"@115850 Extremely slow delivery at 482002, it takes 7-12 days! Please make this better.⌛️",784747,
979469,352287,True,Sat Oct 14 08:31:43 +0000 2017,@115830  could you tell me the difference between prime and kindle unlimited please.,979468,
2501922,713654,True,Wed Nov 15 19:58:36 +0000 2017,You have 3 minutes @115830 https://t.co/rdLlMjLlyU,2501921,
1512017,470939,True,Fri Nov 03 17:45:47 +0000 2017,@AmazonHelp is Egypt from the countries that is eligible for free shipping if the order is more than 25$?,"1512015,1512022",
1223656,407065,True,Thu Nov 16 14:37:36 +0000 2017,I wish I could have an explanation from @115850 how I violated their review policy here. https://t.co/VY5yg6Qsmb,1223655,
2386401,398508,True,Fri Oct 20 10:14:48 +0000 2017,"Something super annoying happened last night involving @115821, $300, and a blatant lie. It’ll be a cold day in hell b4 I order there again.",2386399,
183032,159046,True,Wed Oct 04 16:00:11 +0000 2017,@AmazonHelp What would you recommend next?,183029,183034.0
1088735,376820,True,Mon Oct 23 19:02:06 +0000 2017,Why do I pay for Amazon Prime if 50% of the stuff I order doesn’t come in two days??? @115821,1088734,
261231,178197,True,Thu Oct 05 21:45:14 +0000 2017,@AmazonHelp The carrier was AMZL US,"261233,261234",261230.0
2944235,813348,True,Wed Nov 29 14:58:47 +0000 2017,"Thanks for using @118706, @115821! 1 out of 3 kids won't get a Christmas gift on Saturday cuz it was supposed to be delivered on Monday and now it's maybe gonna get here ON Saturday 😐",2944234,
2276755,662155,True,Sat Nov 11 17:27:03 +0000 2017,"Please don't buy #AmazonPrime product, no one day delivery it's all bullshit, it takes 5-6 days 👿
@115850",2276754,
1943860,170126,True,Wed Oct 18 14:25:47 +0000 2017,@115850 @AmazonHelp I have made an order of 3 items and and due to some personal reasons I had to cancel it. And I had to pay Rs.700 .👇,"1943861,1943859",
83378,134321,True,Sat Dec 02 11:12:19 +0000 2017,"@AmazonHelp I have full audio recording of the call with me. When I asked her to transfer my call, she blatantly refused and disconnected the call.
Do you people even review how your executives talk to the customer?",83379,83376.0
481497,214431,True,Fri Dec 01 14:09:28 +0000 2017,@AmazonHelp Ok thank you!,481496,481498.0
379391,206021,True,Mon Oct 09 07:14:22 +0000 2017,"@AmazonHelp Non, via l'application. Amazon Logistics.",379392,379390.0
980043,146158,True,Fri Nov 03 09:14:14 +0000 2017,"@AmazonHelp After explaining everything now @AmazonHelp, @115850 asking for same problem. What rubbish???? https://t.co/uLAvd5SouO",980044,980042.0
1280594,419632,True,Thu Oct 26 16:46:35 +0000 2017,"@115850 what is use of prime, My order late for 2 days any explanation on this ??; __email__","1280593,1280595,1280596",
108142,140026,True,Thu Nov 23 19:23:16 +0000 2017,@117804 Ahhhhh tava esperandooooo! Já comprei! 😎,108247,108141.0
2406930,692198,True,Tue Nov 14 16:30:34 +0000 2017,@AmazonHelp By Amazon https://t.co/06H8RNXxW7,2406931,2406929.0
21861,120765,True,Tue Oct 31 06:29:57 +0000 2017,"@115833 Alexa, I can't login to iOS app, can you help? I'm in China",21859,
835113,149470,True,Fri Oct 13 17:04:04 +0000 2017,@AmazonHelp  https://t.co/dKts0H2fTk,835114,835112.0
294314,186087,True,Fri Oct 06 17:24:58 +0000 2017,@115821 @AmazonHelp how am I supposed to know where to collect my parcel if this is what has been posted through my door?! https://t.co/yzqFgGntIE,294313,
2475981,707780,True,Wed Nov 15 13:39:17 +0000 2017,amazon is usually good but how is my parcel that was guaranteed for the 6th still 'out for delivery' 🤔🤔,2475979,
1365432,437906,True,Fri Oct 27 21:39:15 +0000 2017,@AmazonHelp hi! Made an order the 26th with prime. After finishing the order I noticed it statesit will arrive monday 30.,"1365431,1365433",
1436646,305792,True,Thu Nov 02 14:15:28 +0000 2017,@115850  https://t.co/TUFxfedIHC,1436645,1436647.0
2594349,734648,True,Fri Nov 17 02:50:50 +0000 2017,@115821 @AmazonHelp  Many thanks to your CSRs for fixing my mistake at no additional charge.    Y'all are awesome❤️❤️❤️,2594348,
1563857,450218,True,Tue Oct 17 13:05:24 +0000 2017,"@AmazonHelp I have already done all this procedure, I have given all the details I have given you earlier",1563860,1563855.0
1314634,427126,True,Thu Nov 02 12:24:10 +0000 2017,"@AmazonHelp sir, for a small issue, you guys took nearly 45 days, and still saying we are working on it, kindly let me know how many days will require?",1314635,1314633.0
695154,285791,True,Thu Nov 23 15:26:01 +0000 2017,"So @115830 why are you listing various Scotch Whisky as ""In-Stock"", ""Available for One Day"" ""Prime Delivery"" and can't deliver until 4th December? Is that not somewhat misleading?? If you can't supply it, it's not in-stock, surely? Does this breach your advertising commitments?",695152,
440213,219476,True,Sun Oct 22 20:38:41 +0000 2017,@115830 @122924 do you think this is acceptable? Prime delivery not yet delivered but was out from sat morning - someone's in trouble https://t.co/0jFzPWlMwJ,440212,
1271585,417692,True,Sun Nov 26 03:24:51 +0000 2017,@AmazonHelp Thx Buddy👍😊💐,1271587,1271584.0
1368135,438497,True,Fri Oct 27 22:43:57 +0000 2017,@AmazonHelp Took me 2 hours to resolve an issue that should take not more 10m if the costumer representatives knew their products.,1368137,1368134.0
793859,309293,True,Thu Oct 12 13:50:00 +0000 2017,@AmazonHelp I'm due to have an item delivered tomorrow  but as yet its still not showing as dispatched . What time do u dispatch up until,793855,
180783,158492,True,Wed Oct 04 13:27:36 +0000 2017,@AmazonHelp  https://t.co/QUH5WDG97t,180785,180782.0
1344564,433549,True,Fri Oct 27 15:24:50 +0000 2017,"@115830 yet I haven’t received it today, any reason why you can’t guarantee delivery on the day of release? As I’m told it’ll probably be tomorrow",1344562,1344565.0
665538,118506,True,Tue Oct 31 08:37:44 +0000 2017,@AmazonHelp @115851 Iam continuosly harassed by #AmazonIndia and mentally tortured,"665539,665537",665540.0
2254511,491665,True,Sat Nov 11 01:52:31 +0000 2017,@AmazonHelp Lo envié el 4 de noviembre. Voy a mostrarle el mensaje ya que guardé una captura de pantalla por MD,2254513,2254510.0
1903354,567227,True,Wed Oct 18 14:03:49 +0000 2017,@AmazonHelp I think one single? It’s News from Nowhere that is missing https://t.co/y3nXXdgI8c,1903356,1903353.0
2834147,788958,True,Mon Nov 27 15:31:19 +0000 2017,@AmazonHelp Now this is the height of everything.. like seriously?? Your agent calls me and tells me he can't come due to his absurd reasons. And i receive a message stating product couldn't be delivered as i was not available over phone??? 👿👿👿 https://t.co/NVq5TzWFE6,2834148,2834146.0
1278911,419269,True,Mon Oct 16 08:19:58 +0000 2017,@AmazonHelp It was self returned as no pick-up facility was provided by Amazon or it's courier partner!,"1278913,1278914",1278910.0
2672686,752478,True,Tue Oct 31 11:01:18 +0000 2017,Amazonから28日までに届く予定のものがまだ来ない,2672685,
2864824,795718,True,Mon Nov 27 23:32:54 +0000 2017,@120533 a annulé ma commande faite pendant le black friday...on me dit que je peux recommander les articles....mais dire au revoir aux reductions,2864822,
413996,213788,True,Tue Oct 10 01:18:05 +0000 2017,アマゾンでsimポチッたのに、カードから引かれてない、、??なぜ??,413995,
38824,124470,True,Wed Nov 01 14:31:09 +0000 2017,"@115850 my order got cancelled from ur end, and inspite of notifying u guys still haven't refunded! Its been a week!!","38823,38825",
689448,284753,True,Sat Nov 25 14:48:41 +0000 2017,@AmazonHelp This takes to amazon India https://t.co/7WplbzfEo8.. is that fine to send email there ?,689450,689447.0
180747,158482,True,Wed Oct 04 12:05:53 +0000 2017,@AmazonHelp I'm concerned about transactions happening in my bank account from you guys. It's there a 24hr # I can call,180745,
2086373,451160,True,Wed Nov 08 09:53:41 +0000 2017,@115850 Why is this seller still allowed to cheat and dupe your customers.  Not a single response from amazon on my claim yet.,2086371,2086374.0
1718319,520281,True,Mon Nov 06 22:53:56 +0000 2017,やはりamazon詐欺であったか,1718318,
1503878,469058,True,Fri Nov 03 16:06:41 +0000 2017,i &lt;3 u @115821 &amp; @AmazonHelp,1503877,
807279,312363,True,Fri Oct 13 15:02:08 +0000 2017,@AmazonHelp Been a customer for years.. In the last 4 months ur service has been terrible... U need to get it back on track,807282,807278.0
232189,171278,True,Thu Oct 05 10:04:07 +0000 2017,@115850 Help me out here. What's the best way to stop going back to #AmazonGreatIndianFestival? I keep buying stuff and can't resist.,232188,
334090,195599,True,Sat Oct 07 19:45:50 +0000 2017,@115850 size issue is there in branded clothing sections..plz update them asap..make the filter/sorting section of app more user friendly.,334088,
2853780,793327,True,Mon Nov 27 20:35:18 +0000 2017,@115850 I am a @115850 Prime member yet this is the kind of service I get. I was supposed to get the cashback by 28th Sep 2017 and today is 28th Nov 2017 still no good.,2855239,2853778.0
970263,350250,True,Sun Oct 22 07:11:34 +0000 2017,@119625,970262,
1519108,472340,True,Fri Nov 03 20:10:38 +0000 2017,@AmazonHelp At 1600 I still haven't received any call from carrier which CS had promise. I contact CS and said it won't happen without any explanation,1519109,1519105.0
1303721,421291,True,Fri Oct 27 01:13:41 +0000 2017,"“Order is already entered the shipping process” 
“We still expect to ship your order in time to be delivered by October 30” So I’m confused @AmazonHelp will it be here tomorrow or Monday... https://t.co/aHNAAhgEZ5",1303719,
2950817,814863,True,Wed Nov 29 17:18:53 +0000 2017,"@AmazonHelp hola tengo un problema con un envio de una compra que realice, me pueden ayudar?",2950815,
2859978,794740,True,Mon Nov 27 22:09:15 +0000 2017,.@115821 Is this a bug? “Two day shipping” but December 6 is 9 days away... https://t.co/b1jTNOOxc3,2859976,
980780,352549,True,Sun Oct 22 05:54:50 +0000 2017,"最近よく来るんだけどこのメール何笑
絶対お前アマゾンちゃうやろ…
まじだるい https://t.co/bGnLRngF1W",980779,
617026,266391,True,Wed Nov 22 14:07:53 +0000 2017,@AmazonHelp It’s updated now for today but now I’ll be gone for a couple days and it might get stolen. 👍,617024,617027.0
2320472,672512,True,Mon Nov 13 13:56:23 +0000 2017,@AmazonHelp __email__ my email address.  Tracking No.969177770,2320474,2320471.0
470147,226932,True,Fri Dec 01 07:42:04 +0000 2017,@115821 why wait to take the money out of my account I have it now lol,470145,
2853725,334283,True,Tue Nov 28 10:55:04 +0000 2017,@AmazonHelp can I DM?,2853727,2853724.0
69908,131820,True,Sun Dec 03 03:17:44 +0000 2017,@AmazonHelp Good Morning! I’ve shared it again &amp; there is no respond.,69909,69906.0
1786166,791909,True,Mon Nov 27 18:03:17 +0000 2017,@116875 Cuando bajan el iPhone ?,2847399,1786150.0
183584,159173,True,Wed Oct 04 12:02:21 +0000 2017,こ、コウノドリがAmazonプライムビデオでみれる〜〜〜😭😭😭😭これで眼鏡星野源見放題やんけ😭😭😭😭😭,183583,
1710805,518270,True,Tue Nov 07 00:53:44 +0000 2017,"Wow, @115821. My wife got her Oasis and the cover is STUNNINGLY bad. Just a cheap, awful piece of garbage for 60 bucks.",1710804,
280394,182813,True,Fri Oct 06 10:23:03 +0000 2017,"@115830 hey guys, will you be getting the SNES classic console in stock soon? I need to relive my childhood!",280393,
1034713,364769,True,Mon Oct 23 13:05:24 +0000 2017,@AmazonHelp waiting for your support and re supply of product,1034714,1034712.0
683751,283190,True,Thu Nov 23 12:28:05 +0000 2017,@AmazonHelp J’peux vous poser une question ???,683753,683750.0
1380467,223704,True,Tue Oct 17 13:15:01 +0000 2017,@115851 Pls help https://t.co/Ok4dOn8lgB A-to-z Guarantee Claim (Order 112-5450385-9713051) @115821 #crooks  damaged https://t.co/8gbgTE8vJ4,1380465,
2402443,691169,True,Tue Nov 14 13:36:14 +0000 2017,@115850 Not sure why I cannot get through your cust care. But I have a problem with my order that has been delivered. Kindly arrange a call back asap.,2402442,
2534462,721134,True,Thu Nov 16 07:26:18 +0000 2017,Ils sont pas sympa chez @115821 (cc @98330 ) https://t.co/fliQfysUQ6,2534460,
394533,209472,True,Mon Oct 09 17:17:27 +0000 2017,@115850 AMAZON IS BIG FRAUD WEBSITE PLZ DONT BUY ANY PRODUCT FROM AMAZON SHARE THIS POST TO SAVE YOURS AND YOURS FRIEND MONEY,394531,
2318794,672156,True,Sat Nov 25 15:35:38 +0000 2017,@115830 shocking delivery service and unsupportive customer service. Prime customer not getting much back for what he paid for. 😤,2318793,
879161,328720,True,Fri Oct 13 16:15:10 +0000 2017,@115850 need help. Order id 405-5957767-6911522,"879160,879162",
75855,132984,True,Thu Nov 30 11:43:21 +0000 2017,@118919 My name is neejamudin ansari and I place a Order in amazon before I add money in amazon pay balance than I place a Order but Order is place and some time Order is not show I call customer care of amazon that tell me account in hold so please why my account in hold,75853,
826623,316902,True,Fri Oct 13 16:45:01 +0000 2017,"@AmazonHelp No he podido ponerme en contacto con el transportista, no aparece ni esa información, ni esa opción. https://t.co/wBr3B3rGfz",826624,826622.0
291775,185481,True,Fri Oct 06 16:04:48 +0000 2017,"@115850  i want to take redmi 4 3GB RAM WITH EXCHANGE OFFER, I HAVE CURRENTLY MICROMAX A 57. SO HOW MUCH I HAVE TO PAY",291774,
1828681,548797,True,Wed Oct 18 04:34:08 +0000 2017,"Hey @120533 , le service Prime payant qui ne livre pas depuis 2j malgré un service client qui promet de livrer le soir même on fait quoi?",1828679,
2212206,646547,True,Fri Nov 10 04:17:43 +0000 2017,"@115850 I reschedules delivery of  my 4 orders and repeatedly contacted customer care, but none of these got rescheduled inspite of confirmation from customer care. This is annoying. There is still one order that I have rescheduled, but the same shows the original date only.",2212204,
128077,144768,True,Mon Nov 20 03:30:40 +0000 2017,@AmazonHelp Now tell the exact date of refund #digitalmafia @115851 @115850 @115821 @115830 @116618 @117634 @116935 @117795 @127586 @120844 @4211 @144777 @144772 @144778 @4871 @144771 @144770 https://t.co/zxLW5fHSFn,128076,128078.0
1201250,402245,True,Wed Oct 25 12:55:48 +0000 2017,"So... I wanted to cancel Twitch Prime, but I have to go to @115821 prime and it tells me I am not a Prime member anyway? Huh?",1201248,
742458,297522,True,Wed Oct 11 15:02:23 +0000 2017,"@117086 me ajude a comprar um livro no site de vocês... só queria calcular o frete, mas não consigo",742457,
2508128,715046,True,Wed Nov 15 22:29:12 +0000 2017,@AmazonHelp Complètement Justificatif de domicile... Mais depuis quand le fax existe encore ????!!!!,2508130,2508127.0
2486953,710339,True,Wed Nov 15 16:27:09 +0000 2017,@AmazonHelp Tengo dudas skbre un envio y me ssle que se me debe entregar aun,2486951,2486955.0
2847414,791913,True,Mon Nov 27 18:22:47 +0000 2017,Second instance of this @115821 driver blocking the bike lane. #tryharder #dobetter @109161 @15668 https://t.co/lorbAYqZOb,2847412,
2840195,790375,True,Mon Nov 27 16:25:30 +0000 2017,"Polaroid camera just came in, thank you @115821",2840194,
1035966,365047,True,Thu Oct 26 17:04:25 +0000 2017,@AmazonHelp Whats going on w this? https://t.co/gtBIBhZLIU,1035968,1035964.0
1402835,445665,True,Mon Oct 30 04:56:14 +0000 2017,@AmazonHelp Worst service,1402837,1402834.0
2616471,739538,True,Fri Nov 17 14:15:43 +0000 2017,"@AmazonHelp Hi, please can you advise if this Xbox bundle contains the original minecraft game?

https://t.co/8qo1hnVpeK",2616469,
1727910,522517,True,Tue Nov 07 10:38:17 +0000 2017,@115825 wann kommt eigentlich die Prime Video App fürs Apple TV?,1727908,
243215,173749,True,Thu Oct 05 14:22:07 +0000 2017,order no 405-1802560-1066729 of 5081/- divided in 2parts charged 60/- for delivery &amp; disqualified from 1200/- ICICI cashback @115850 cheat,"243214,243216",
917563,337841,True,Sat Oct 21 09:14:40 +0000 2017,"@115850 Please check the Echo &amp; Alexa page on the website. May have skipped a ""f"" 😆 https://t.co/Lv8UeIbr5N",917562,
857734,323700,True,Fri Oct 20 16:50:14 +0000 2017,@AmazonHelp According to my account it us Royal Mail who are not going to be delivering at this time of night!,857731,857736.0
2952278,815194,True,Wed Nov 15 07:02:49 +0000 2017,"密林さん今日はなんか適当な梱包だな。
いや普通なのかな？
いつも過剰緩衝材＆過剰包装だからさっぱりして見える。

そしてこれ（定期購入）１つに対して
これ以上小さいダンボールや紙袋を使わないのが密林のポリシー。 https://t.co/LrHyapJDjp",2952277,
144240,148608,True,Fri Nov 24 13:06:41 +0000 2017,"@115830 
I am out at work, there's no resident to hand the package to. https://t.co/zDyr6iWHVz",144239,
984061,353293,True,Sat Oct 14 09:46:58 +0000 2017,@164527 @115821 I preordered mine back in July.  Is my preorder still valid? https://t.co/NMU7i9LGpz,984060,984062.0
2855068,793619,True,Mon Nov 27 21:00:05 +0000 2017,Same here! Think someone has made a boo-boo at @129773... #fail https://t.co/GgsJeYAv0E,2855067,
105090,139215,True,Thu Nov 30 18:32:02 +0000 2017,"@AmazonHelp 

Please tell me i have not spent !put cash in your new tablets only to find out I can't download the @6069  app.",105087,
984207,353322,True,Sun Oct 22 10:05:37 +0000 2017,"Amazonでトンのアルバム頼んだけど、一向に支払い番号送られてこない！！！
いつもだったら結構早めに送ってくるのに！なんで！！！！（笑）",984205,
1798399,540371,True,Wed Oct 18 01:18:41 +0000 2017,@AmazonHelp third party seller,1798401,1798398.0
1031546,344466,True,Mon Oct 23 04:55:35 +0000 2017,@AmazonHelp hola me podían ayudar en algo,1031544,
2799287,781006,True,Tue Nov 21 23:47:14 +0000 2017,"Oi @117086 , quando vocês vão implementar vale cultura como opção de pagamento?",2799286,
432901,217964,True,Tue Oct 10 15:40:56 +0000 2017,"@115850 Hi,
can you pl check status of order no - 4__credit_card__.
when should i expect the delivery ?","432900,432902,432903",
504938,235764,True,Fri Dec 01 21:10:52 +0000 2017,@AmazonHelp Here's my same reply: https://t.co/x2MhrsEvpK,504939,504937.0
2610639,738287,True,Fri Nov 17 11:41:15 +0000 2017,"@AmazonHelp Danke für die schnelle Antwort, Mama bekommt ein Fire HD zu Weihnachten :-)",2610641,2610638.0
460018,224304,True,Fri Dec 01 01:57:23 +0000 2017,@AmazonHelp Nope didn’t work.,460020,460017.0
2537464,721756,True,Thu Nov 16 08:37:53 +0000 2017,"Funny how “handed to resident” can mean anything but - ‘left on porch’ , or ‘hidden in nearby recycling bin’ are the most recent ‘handed to resident’ lies with  @115830 order deliveries #amazonUK #Amazon https://t.co/EWD30IBwRG",2537462,
434511,218241,True,Tue Oct 10 17:38:51 +0000 2017,@AmazonHelp J'ai mis un avis sur le colis ouibavec photo,434512,434510.0
2012017,435167,True,Wed Oct 18 20:06:55 +0000 2017,"@115821 I can't log in to my affiliate account. I get a error message, since 12 hours ago.",2012015,
278698,182464,True,Fri Oct 06 06:58:34 +0000 2017,"@118919 doesnt knw what they are saying,. What kind of people have u kept there..i want refund",278696,
1095816,378596,True,Sun Oct 15 04:59:17 +0000 2017,@115850 want to buy honor 5x Pls tell me price,1095814,1095821.0
2297772,666952,True,Sun Nov 12 15:27:15 +0000 2017,@AmazonHelp I updated the required information. Let's see what happens next. Hope Amazon will not disappoint it's Prime customer.,2297773,2297771.0
1727963,264596,True,Tue Nov 07 10:50:26 +0000 2017,@AmazonHelp Not good enough I want my order today you took my money quick enough so I want this resolved today,1727965,1727962.0
1049143,367962,True,Sat Oct 14 20:00:07 +0000 2017,@AmazonHelp can i get a refund for my purchase of #cuphead via @115821? i got scammed and there's nothing i can do about it... smh... https://t.co/MYQLC7443R,1049140,
2600234,579971,True,Fri Nov 17 06:23:38 +0000 2017,@115850 @AmazonHelp Am I really getting my product which is already paid or do u #expect me to keep #quiet just because u gave me #100 Rs as gift? Come on r u #kidding #AMAZON??? 100 RS???? What the hell !!!,2600232,
2507227,714835,True,Wed Nov 15 21:05:28 +0000 2017,"I've had Amazon Prime for 10 years as of earlier this week. I've spent £700 just so I didn't have to wait for things to be delivered.

Honestly worth it. @115830 - here's to 10 more years.",2507226,
71982,132151,True,Thu Nov 30 10:43:11 +0000 2017,"@AmazonHelp Sorry! I don't to hand. It's the 'Lego Star Wars The Last Jedi BB-8'. £59.99 on my wishlist, £84.99 when I click on the link.",71983,71981.0
124071,143748,True,Fri Nov 24 01:26:34 +0000 2017,@AmazonHelp Vendido y emviado por Amazon,124069,124072.0
1349099,434617,True,Mon Oct 16 14:36:22 +0000 2017,@AmazonHelp I don't have it. It was running last month. Cashback was supposed to be given on 10th,1349100,1349098.0
852721,322573,True,Fri Oct 20 15:13:19 +0000 2017,@115850 @AmazonHelp I got my refund today. Missed all deals. Worst experience so far.,"852720,852722,852723",852724.0
279181,159128,True,Fri Oct 06 07:31:22 +0000 2017,@115850 @13150 @115851 Dear Both your team is harassing me for faulty product delivered by them. I don't want refund or replacement anymore.,"279178,279184",183403.0
2298775,667269,True,Sun Nov 12 15:12:14 +0000 2017,Yo @115821 and @118706 we having issues?? https://t.co/sojZZH2kMq,2298774,
1050391,368236,True,Sat Nov 25 17:38:59 +0000 2017,Your definition of 'one day' and mine differ a little @115830 https://t.co/RhMAxqMwrS,"1050390,1050392",
544427,246493,True,Sat Dec 02 16:58:54 +0000 2017,"@AmazonHelp Otra cosa, despues de que se negaron a ir a mi domicilio, en los correos de notificacion decian que no entregaron por que no habia nadie en el domicilio, lo dejo solo como dato. https://t.co/bC9C4kJUeG",544429,544426.0
1318295,427885,True,Fri Oct 27 08:08:21 +0000 2017,Aujourd'hui sort Super Mario Odyssey... Mais je l'aurai pas avant lundi parce que @120533 a buggué sur ma CB 😭,1318293,
2689328,756100,True,Sun Nov 19 15:55:19 +0000 2017,"@AmazonHelp Bonjour, non, mon compte a été crée via mon numéro de portable seulement et je viens de voir qu'en rentrant mon identifiant et mon mot de passe que mon compte a été verrouillé. Je suis censé recevoir un SMS m'indiquant comment le déverrouiller mais rien pour le moment.",2689330,2689327.0
1448040,456028,True,Thu Nov 02 16:26:18 +0000 2017,Why is it I have @117795 but Amazon music doesn't work,1448037,
1264596,416117,True,Thu Oct 26 11:56:17 +0000 2017,"Señores de @115821 , por qué pago Prime si luego envían los paquetes por #Seur y no llegan al destino? Cambien de mensajería ya!",1264594,
2377194,685622,True,Tue Nov 14 03:16:53 +0000 2017,Always comforting words from @115821. https://t.co/8RuTEPUAfD,2377192,
1660064,176396,True,Mon Nov 06 05:36:31 +0000 2017,"Hey @115821, I’ve had 4 order disappear without trace in the last month. Nothing delivered. Never use to happen. What’s going on?",1660062,
1457955,316508,True,Thu Nov 02 20:20:12 +0000 2017,@116618 I Was in Last week and now I'm not. Are you ok? Worst experience ever.,1457954,
2602188,736482,True,Fri Nov 17 08:11:01 +0000 2017,"I kid you not, I've read @115821 books at 4.5 stars of rave reviews where I can't get past 25% due to bad sentence structure, bad grammar, and just a general mess. I like to buy based on reviews, but I feel like people are gaming the system and ruining my experience as a reader",2602187,
1751758,527783,True,Tue Oct 17 21:07:30 +0000 2017,"Hey @115821 my order has been messed up, I call you twice and both times your associate disconnected my call #badcustomerservice",1751757,
661396,277592,True,Thu Nov 23 01:13:03 +0000 2017,"@AmazonHelp Buenas noches, he pedido un paquete por https://t.co/Y8aJUFMY2K y se me ha querido cobrar impuestos de importación desde E.E.U.U. de los cuales no se me dio notificación previa. El vendedor es AceBeach.","661395,661397",
585669,258279,True,Sun Dec 03 17:56:40 +0000 2017,"@AmazonHelp Disappointed with your “effortless” and “helpless” attitude team #socialmedia #AmazonIndia !. Done the needful, let’s see can #Amazon really help a person when in need or not! #Sadcustomer #Sadcustomerservice  #verysadsocialmediateamAmazon 👎🏻😑",585670,585668.0
1651702,504385,True,Tue Oct 17 14:01:31 +0000 2017,"@115850 Have booked my product on 8-10-17, kindly reply to this as the product is needed ASAP, tnx😊",1651700,1651704.0
2146731,532572,True,Wed Nov 08 20:40:51 +0000 2017,Update on my @115821 order. It finally came.... all destroyed. 2 Days late and all damaged. Smh. https://t.co/bbS7NcHF6M,2146729,
253990,176374,True,Thu Oct 05 18:53:30 +0000 2017,"@AmazonHelp Oui, dans un point relais",253991,253989.0
671773,280276,True,Thu Nov 23 07:53:25 +0000 2017,@AmazonHelp I was supposed to receive a time sensitive item by 8pm Wednesday. And did not receive it,"671774,671775,671772",671776.0
392221,208873,True,Wed Oct 11 22:30:41 +0000 2017,@AmazonHelp Why do I have to keep chasing and chasing after an order I KNOW what misdelivered?,392227,392219.0
2019936,550096,True,Wed Oct 18 20:42:12 +0000 2017,@AmazonHelp I’ve managed to get the original one working. Will try setting up the second one tomorrow and see if I have the same problem again. Will keep you updated.,2019935,2019937.0
1560208,482092,True,Sat Nov 04 08:34:31 +0000 2017,"Danke @116316, 5.99€ extra geblecht und dann das👍 https://t.co/UPwSWqQDYB",1560207,
1513350,471154,True,Fri Nov 03 18:06:04 +0000 2017,"@116928 Pues creo que ya se acabo el servicio premiun, si pago porque tarde 24h un paquete en llegar es para eso...",1513347,
578441,150316,True,Sun Dec 03 10:31:23 +0000 2017,@AmazonHelp when should i book the phone?,578444,578439.0
2292072,665657,True,Sun Nov 12 12:07:11 +0000 2017,@115830 Why has my parcel just been left with a neighbour when we’re both at home? Why didn’t the driver try ringing the doorbell or knocking our door?,2292071,
2013735,120916,True,Mon Oct 30 20:20:16 +0000 2017,"@AmazonHelp Die Sendungsverfolgung sagt immer noch, dass es heute zugestellt wird...",2013737,2013734.0
1723428,507510,True,Tue Nov 07 09:07:07 +0000 2017,@AmazonHelp Did too.,1723430,1723427.0
2369697,683860,True,Mon Nov 13 23:26:06 +0000 2017,My amazon order says it was delivered.... yet it’s nowhere to be found🤬,2369696,
1993258,589895,True,Wed Oct 18 19:10:42 +0000 2017,Merci au transporteur bourré d'amazon qui confond Lyon et Grenoble xD,1993257,
2363195,682318,True,Mon Nov 13 21:42:36 +0000 2017,Amazon Logistics is the shittiest of all delivery companies. If you're not able to deliver THEN  Q U I T   I T,2363193,
2742916,768308,True,Mon Nov 20 18:29:52 +0000 2017,Really @115821 this big of a box for this...🤦‍♂️ https://t.co/E9b5RzWuoW,2742915,
619990,267156,True,Wed Nov 22 16:37:55 +0000 2017,Para que pido envío en un día a @116928 si está @80 pqra q tarde más de 2? O seur se vuelve formal o habrá q dejar de usar amazon para tener nuestros pedidos en su día,619989,
1255726,414424,True,Thu Oct 26 06:57:03 +0000 2017,"てかあまぞんで二個買ったんだけど、その買ったやつのお支払い番号きて昨日払ったんだけどさ、
今日の朝なんでかわけわかんない値段のがもう２つ送られてきたんだけど詐欺よね",1255725,
1429474,452015,True,Mon Oct 16 18:28:57 +0000 2017,"@AmazonHelp En el enlace de seguimiento lo último que pone es ""en gestión seur"" a las 11:34 . Nada mas","1429476,1429477",1429473.0
136208,146692,True,Fri Nov 24 09:14:39 +0000 2017,"@115830 really do well anything. Useful box, bad cat on the side. https://t.co/xyHDiXFDWB",136207,
2520609,717949,True,Thu Nov 16 01:23:27 +0000 2017,@115821 I want a refund,2520607,2520610.0
1568817,483999,True,Tue Oct 17 05:57:09 +0000 2017,@AmazonHelp Tried reaching you everywhere. Better resolve it at earliest,"1568819,1568820",1568816.0
299996,187537,True,Fri Oct 06 20:29:23 +0000 2017,@AmazonHelp No it’s my office and I am not sure they can take the delivery tomorrow. Disappointed as it was a gift to give this weekend. What can I do?,299998,299995.0
360241,201315,True,Sun Oct 08 14:07:31 +0000 2017,@115850 one of the worst customer service experience with Amazon India. Ordered an item on 5th and today is 8th no update?,360239,
1046688,367416,True,Mon Oct 23 10:48:29 +0000 2017,@AmazonHelp Beleza. Obrigado pela rapidez!,1046687,1046689.0
2681332,754317,True,Tue Oct 31 15:51:51 +0000 2017,"@115850 waiting for my refund for following canceled order, I hope this issue will get resolved asap, I have very high expectations frm u! https://t.co/qanZEABwk0","2681331,2681333,2681334",
586811,258575,True,Sun Dec 03 15:33:03 +0000 2017,@AmazonHelp Not to my acknowledgement,586810,586812.0
2977936,821301,True,Fri Nov 17 09:48:51 +0000 2017,"ショック…😱
勝手にAmazonプライム会員に登録なってた…😭",2977935,
2543890,723158,True,Thu Nov 16 16:25:06 +0000 2017,@AmazonHelp @118101 @252698 Yeah you took money for prime when I cancelled 3 months ago. Then said it would be resolved in 24 hours after I spoke to 8 different people over 3 hours. Now I'm resulting to social media...,2543891,2543887.0
802325,311189,True,Thu Oct 12 16:12:56 +0000 2017,"Lily &amp; les livreurs ép 350.

Personne chez moi, le mec a quand même déposé un colis ÉNORME devant ma porte et s'est cassé.

cc @2600","802324,802326",
1357885,436578,True,Tue Oct 17 05:34:29 +0000 2017,@AmazonHelp The account is still locked and I'm still not sure if the order will be delivered in two days: 303-8801510-7620364,1357886,1357884.0
2904965,134104,True,Tue Nov 28 19:30:08 +0000 2017,"@AmazonHelp hi, order says delivered but order has not been delivered - so where is it??",2904963,
920906,338607,True,Fri Oct 13 22:56:38 +0000 2017,@AmazonHelp Vale espero ya no tener problemas jeje gracias,920908,920905.0
2301369,667908,True,Tue Nov 14 13:16:14 +0000 2017,@AmazonHelp Just following up. Resolution beyond and better than what was expected. Kudos!,2301371,2301368.0
480412,229174,True,Fri Dec 01 13:23:40 +0000 2017,"@AmazonHelp Please call Amazon logistics and tell them to get it together. 3 lost packages in 2 months. They get lost after arriving in Smyrna, Ga. Logistics Location. What gives?",480411,
379926,206129,True,Mon Oct 09 07:19:15 +0000 2017,"unable to add Amazon gift card code,plz help @115850",379924,
1478908,470330,True,Fri Nov 03 13:46:08 +0000 2017,"@115821 Hi amazon, I would like to buy an album (music) and it are on sale the 10 of november. It means that it will arrive these day?? I'mSpanish",1509313,1478907.0
345659,198257,True,Sun Oct 08 02:52:02 +0000 2017,@115850 @133462 @4030 Plz suggest me a smartphone with NO CAMERA or any basic phone with GPRS connectivity shippable to Pune.,345657,
637102,271080,True,Wed Nov 22 20:13:56 +0000 2017,@AmazonHelp i was unaware of the same . i have just created one. which shall take three days to verify. postthat ishall link the same.,637104,637101.0
2618078,708128,True,Fri Nov 17 14:40:04 +0000 2017,@116928 gracias por no traerme mi pedido a tiempo para el cumpleaños de una amiga. Gracias por no actualizar la localización del pedido. Gracias por nada.,2618077,
941366,343168,True,Sat Oct 21 15:36:52 +0000 2017,@115830 @AmazonHelp yet more incompetence. I’ve spoken to 3 customer service staff and 2 managers and still my items haven’t arrived!,941364,
2129903,626944,True,Thu Oct 19 05:41:51 +0000 2017,@AmazonHelp Ordered Philips Bass + couple of days ago. Didn't get a voucher code to redeem the special offer. https://t.co/2702Fggtts,2129902,
746773,298523,True,Wed Oct 11 16:54:21 +0000 2017,"@AmazonHelp Pour accéder à votre lien, j'ai besoin de me connecter (ce que je ne peux pas faire), pouvez-vous m'indiquer où redirige le lien svp?",746775,746772.0
145847,149078,True,Fri Nov 24 15:01:44 +0000 2017,@AmazonHelp What do you mean? I was told someone would reply by email three days ago. My account has been put on hold i need it opened,145849,145846.0
1096628,378781,True,Sun Oct 15 05:26:28 +0000 2017,Hey @115850 your site is not loading to some OCSP error https://t.co/aPMiIvkU8W,"1096627,1096629",
2316723,671715,True,Mon Nov 13 09:50:34 +0000 2017,@115821 @2155 Keep asking me charge dispute and I keep saying no,2318295,2316722.0
1285528,420701,True,Thu Oct 26 18:40:09 +0000 2017,@115821 you screwed up the delivery for my Halloween costume and I'll never forget it.,1285526,
206958,165003,True,Wed Oct 04 21:13:08 +0000 2017,"Paying next day delivery for it to not turn up, thanks @115830 👍🏻",206957,
1414509,406892,True,Thu Nov 02 01:58:27 +0000 2017,@115821 @amazonhelp so I pay for prime and my packages don't get to me? This is the 3rd time in &lt; 2 months. 2 days=never 😡 #justtryingtowin,1414507,
789075,308166,True,Thu Oct 12 11:06:42 +0000 2017,@115850 ordered vivo v5s from amazon. delivery boy came on 10th late night and misbehaved...no updte yet..deliver..or refund money https://t.co/RdQNwS9St8,"789074,789076",
1498580,467936,True,Fri Nov 03 13:33:44 +0000 2017,"@AmazonHelp Ele carrega assim e volta pro mesmo lugar do endereço, tanto no cel como no pc https://t.co/Hw136hNS4y",1498582,1498579.0
99796,137847,True,Thu Nov 30 20:27:32 +0000 2017,@AmazonHelp No now i dont want to contact now i want file a case against in indian court,99797,99793.0
905284,334914,True,Fri Oct 13 17:08:18 +0000 2017,Nothing worse than the aggravation of waiting for a package to arrive that has a 12 hour window at a comm add that's open 9 hours. @115821,905282,
2465363,705516,True,Sun Oct 29 19:42:16 +0000 2017,@AmazonHelp Claro que si!!!! Gracias!!! https://t.co/dm5YcOi0VB,2465365,2465362.0
253409,176242,True,Thu Oct 05 18:30:32 +0000 2017,@AmazonHelp Shipped by Amazon,253410,253408.0
629530,269134,True,Wed Nov 22 16:58:54 +0000 2017,"@AmazonHelp What does it means .
Is Amazon deliver my product tomorrow at my address or not. 
If yes then send me expected time of delivery. 
Is your delivery agent's mobile no. is on or switched off as today.
@118702 @133462 @206651 @4030 @115821 https://t.co/uxKCKosgM0","629531,629532",629529.0
437331,218861,True,Tue Oct 10 17:40:13 +0000 2017,@AmazonHelp Io sono il destinatario non il mittente...,437333,437330.0
13569,118830,True,Wed Nov 01 01:26:56 +0000 2017,@115830 you have a problem in your website =D https://t.co/4eTPnxNN4q,13568,
844108,621517,True,Thu Oct 19 04:30:59 +0000 2017,@117086 Não rola uma vaga de emprego não Amazon? Aqui no Rio se possível 👌💪,2105723,844097.0
2512368,716020,True,Mon Oct 30 05:33:22 +0000 2017,I forgot to cancel my amazon music. Omg.,2512366,
1177690,396992,True,Sat Nov 25 11:39:20 +0000 2017,"@115850 Providing offer but the delivery agent don't even know what cash load even is. Hence, customers not enjoying the feedback. https://t.co/EU7vZjOhQv",1177689,
2877745,798780,True,Tue Nov 28 07:03:37 +0000 2017,"@AmazonHelp No, all he needed to do was scan the qr code &amp; put the label on but he made it such hard work, said he was too busy with other paperwork, not my problem! So just walked out, felt as though my business wasn’t valued! This was at Smisby news in Ashby de la Zouch",2877743,2877746.0
390783,208524,True,Mon Oct 09 15:13:58 +0000 2017,@AmazonHelp I bought an amazon gift card and peeled off the plastic thing to reveal the code and this happened.  Can you send me a new card? https://t.co/HJsFMD0127,390782,
76003,133011,True,Thu Nov 30 11:31:16 +0000 2017,@AmazonHelp when you guys think you’re gonna ship my nintendo switch? 😫,76002,
842305,320341,True,Sat Oct 21 17:12:14 +0000 2017,@AmazonHelp Amazon help. Thank you! The package is being delivered today!❤️,842307,842303.0
230073,170820,True,Thu Oct 05 08:53:41 +0000 2017,@AmazonHelp Awaiting your response,230072,230074.0
1525104,473717,True,Tue Oct 17 00:44:20 +0000 2017,Doubtful @AmazonHelp this is the 3rd time in less than six months this has happened. Why do I pay for prime?? https://t.co/htQdpZcx5H,"1525103,1525105",
2928452,198961,True,Wed Nov 29 06:04:54 +0000 2017,@AmazonHelp The item has shipped already. But not by Amazon services,2928454,2928451.0
2841823,453792,True,Mon Nov 27 16:53:51 +0000 2017,"@AmazonHelp I picked same day shipping and it said itd be delivered before 9 pm. Around 5, delayed. Needed it by yesterday as the gift is to someone that is from out of town. Emailed support and they said basically my fault. It was shipped this morning but too late. Too hectic and cancelled.",2841821,2841824.0
2338444,158382,True,Fri Oct 20 09:08:44 +0000 2017,@AmazonHelp @115850 @118702 @115851  I missed the offer and frustrated. I need you to https://t.co/x0WlDxBY4S blocked my money and asking excuses.I need compensation,2338448,2338440.0
994404,235033,True,Sun Oct 22 16:20:18 +0000 2017,@AmazonHelp Haben wir schon getan! Das Kinderbett ist weg. Aber kein ding das Baby schläft bestimmt gerne auf dem Boden ^^ Danke trozdem für die antwort,994406,994403.0
649680,137862,True,Wed Nov 22 21:38:37 +0000 2017,"@AmazonHelp Hoy o mañana, pero pone que todavía está pendiente de envío",649681,649679.0
2721746,763630,True,Mon Nov 20 10:01:31 +0000 2017,"むむっ、さっき受け取ったAmazonの荷物よく見たら1回開けてあるぞ。やだー。
中は大丈夫っぽいが…。",2721745,
1733109,523483,True,Tue Nov 07 12:53:51 +0000 2017,"@115830 Hi, bought headphones 6 weeks ago which have stopped working, can't initiate return as it's been over four weeks? Can you help?",1733107,
581895,257150,True,Sun Dec 03 12:55:55 +0000 2017,@AmazonHelp But there is no invoice section as per you https://t.co/QNgY3kHvQv,581893,581899.0
382736,206717,True,Sat Oct 21 14:18:14 +0000 2017,@115850 1st ordr got delayed mltpl times den had 2 cancel it as amazon rep said it ws nly option nw no refund. Order t no- 209117266082,382734,
2897608,802832,True,Tue Nov 28 16:44:57 +0000 2017,@115830 please help! Every time I purchase something it disappears like it’s purchased and then goes back into my trolley!!  Help !!!,2897607,
780573,306375,True,Thu Oct 12 09:40:17 +0000 2017,@AmazonHelp As feedback? Seriously? It's a concern you owe me my order with the benefits I had and bcoz of some foolish guy I'm to suffer..,780574,780572.0
807275,312363,True,Fri Oct 13 14:09:54 +0000 2017,@AmazonHelp @115850 @115821 @AmazonHelp @115821 @115850 HOW DARE YOUR EXECUTIVE ASK ME A QUESTION LIKE.. IS AMAZON GETTING ANY PROFITS FROM THIS TRANSACTION,807278,807272.0
2141984,629831,True,Thu Oct 19 09:16:54 +0000 2017,Pedir que te traigan un paquete que necesita urgentemente el lunes y que aún no lo tengas demuestra la poca profesionalidad de @116928,2141982,
723300,293193,True,Wed Oct 11 03:21:00 +0000 2017,"@AmazonHelp それとAmazonマーケットプレイスも一度だけ試してみましたが出品者側は全額返金ではなく一部返金ってことになりました。
返金されたお金はAmazonギフト券としてなってますが、こちらの方がよくわからなくて今はまだなにもやってません。",723301,723271.0
895111,332530,True,Fri Oct 20 21:42:02 +0000 2017,@115830 You tried but failed to deliver parcel today? Can’t have tried v hard as I’ve been in ALL DAY thanks to post-surgical bed rest!,895110,
264707,165815,True,Mon Oct 09 13:43:55 +0000 2017,@AmazonHelp No,"264703,264708,264709",264710.0
2867243,334910,True,Tue Nov 28 00:26:19 +0000 2017,"@AmazonHelp glad this wasn't a fragile item, the box clearly is massively damaged and filthy like it rolled around in some dirt piles in the numerous warehouses it visited. 

This normal? https://t.co/8eEmNuheys",2867241,
96708,137103,True,Thu Nov 30 15:57:22 +0000 2017,My only issue is @115833 gets confused when i ask her to play @137104... FIX THIS!!!,96707,
1925657,573159,True,Wed Nov 08 06:34:15 +0000 2017,Thought I'd be easy and order something with no rush delivery. First it's late then package and item damaged. Burden on me to return. @115830,"1925656,1925658",
389963,208321,True,Tue Oct 10 16:15:50 +0000 2017,@AmazonHelp @115851 another end to the day and the incompetence of Amazon continues..had a commitment from Manab and Siri for today .. wake up Jeff !,389964,389961.0
888469,330948,True,Sat Nov 25 15:48:50 +0000 2017,@28231 do you know when your book will ship to Germany? I preordered it via @116316 at the beginning of september ..,888468,
1818234,546149,True,Wed Oct 18 03:35:39 +0000 2017,@AmazonHelp Already had a talk with your customer service here. They are like 'The gif sale works on luck base system'.,"1818237,1818238",1818222.0
423822,206130,True,Tue Oct 10 11:06:11 +0000 2017,@AmazonHelp He had even threatened me so I have to report this,423825,423821.0
121127,142961,True,Thu Nov 23 23:17:47 +0000 2017,How can you tell @6859 is home? @115833 is playing @6860. #Thanksgivingday2017,121126,
1489785,458242,True,Fri Nov 03 08:57:21 +0000 2017,@AmazonHelp  Quand Amazon vous expédie vôtre colis en retard et non scellé sur les tranches C'EST PAS TRÈS PROFESSIONNEL 👎👎👎👎👎👎👎👎 https://t.co/IYhLI32bya,1489784,
437357,123478,True,Tue Oct 10 17:29:44 +0000 2017,@117086 O meu já está reservado mal posso esperar para recebê-lo. Amo o John Green 💚,437355,437361.0
2299308,667388,True,Sun Nov 12 15:30:32 +0000 2017,@115821 Make sure your delivery drivers can read numbers before you send them out on routes,2299306,
927590,340075,True,Thu Oct 19 04:29:32 +0000 2017,"@115850 
Worst service and unprofessional service",927587,
2903455,804131,True,Tue Nov 28 23:14:57 +0000 2017,@AmazonHelp @115821 you can't be serious with this. THIS WAS SUPPOSED TO ARRIVE TODAY!!!!!!! https://t.co/5QL9tbvNea,2903457,2903454.0
1729686,522757,True,Tue Nov 07 10:53:41 +0000 2017,@AmazonHelp We opened up the case 4610919111. We've been trying to reactivate our Seller Central Account since September. Pls let us know.,1729684,
2927679,130737,True,Wed Nov 29 06:12:59 +0000 2017,@AmazonHelp Customer service is not reachable any time.. Contact me from your side.,2927680,2927678.0
1411562,415639,True,Thu Nov 02 00:26:42 +0000 2017,@AmazonHelp Missed is an understatement...,1411561,1411563.0
2971905,819697,True,Thu Nov 30 01:15:41 +0000 2017,Necesito tener ya de ya mis pedidos @116928  !!!!!,2971904,
1299528,423729,True,Thu Oct 26 23:22:30 +0000 2017,Ordered a shirt for Halloween from @115821. Delivery date was the 28th. Now it’s not getting here until TUESDAY!!! 🤦🏼‍♀️😭 #whatgives,1299526,
827555,317127,True,Fri Oct 13 02:23:29 +0000 2017,"@AmazonHelp Can I cancel an order that has been dispatched but not delivered and probably won't be now?If it hasn't been delivered in a week, never will",827557,827554.0
2266880,146436,True,Fri Nov 10 13:43:26 +0000 2017,"@115821 @115823 On Your Reply ""Apologies for the trouble, please fill this form: https://t.co/2S02L74I4C  and we’ll contact you soon. Also, Please don't provide your order details, we consider it to be personal information. Our page is visible to the public. ^SU""

Already attached PFA again https://t.co/H3RMkc6uzh",2266878,2266883.0
2962661,817520,True,Wed Nov 29 21:17:32 +0000 2017,@AmazonHelp en cours de livraison depuis 19h42,2962659,2962662.0
2705717,759896,True,Sun Nov 19 23:08:57 +0000 2017,@734788 @116090 An attempt was done but there was no slip left behind 🤐,2705716,2705718.0
720766,292508,True,Wed Oct 11 02:26:47 +0000 2017,"@AmazonHelp 

USPS is full of theives. This happens several times a year to me and my family.  Amazon needs to get out of USPS.",720769,720765.0
1686865,221494,True,Mon Nov 06 18:52:37 +0000 2017,"@AmazonHelp Saw that, no help.  I have a paperweight now.  Guess I will look into Googles player",1686867,1686864.0
1311230,426407,True,Fri Nov 03 20:02:25 +0000 2017,"Amazon, oh sorry the driver couldn’t find your address 😂 yeah sound could of got cod from Tesco if I knew that",1311229,
234786,171906,True,Fri Oct 06 06:23:32 +0000 2017,@120533 @120534 Pourquoi refusez-vous toujours de me l'envoyer?,275551,234785.0
2630019,301230,True,Fri Nov 17 11:32:53 +0000 2017,Apparently Amazon think a safe place to put a package is inside my green bin even though I said to put it in the shed.,"2630018,2630020",
450683,221855,True,Thu Nov 30 22:06:19 +0000 2017,@AmazonHelp  https://t.co/1NtM8dWJ0j,450684,450682.0
382916,206737,True,Sat Oct 21 13:51:20 +0000 2017,I think I found a glitch on @115821. I guess that’s how they can makeup cost for same day delivery cost for everyone else! #amazon https://t.co/EYOHz4HwFO,382914,
1238655,410547,True,Mon Oct 16 20:12:08 +0000 2017,"I have never been so disappointed in @115830 3rd next day prime parcel this week, not been delivered. Amazon resolution... more free month","1238656,1238654",
1389514,443238,True,Sat Oct 28 11:00:17 +0000 2017,"@115830 can you tell me what's wrong with these pictures? Delivery of 1 item, but it's like a Russian doll. Talk about saving the planet! https://t.co/aNXkOCEZEQ",1389513,
1140826,388540,True,Tue Oct 24 15:20:02 +0000 2017,Very pathetic service provider @115850 ...be care full while buying any thing from Amazon. Very shame full #AmazonGreatIndianFestival,1140824,
2913203,806454,True,Tue Nov 28 22:34:53 +0000 2017,@AmazonHelp Just emailed you through there- hope I can get my voucher back. Really wanted to spend it on something nice as it was a birthday gift...,2913205,2913202.0
2845534,502030,True,Wed Nov 29 12:25:40 +0000 2017,@AmazonHelp My amount lost and now time wasting also,2845537,2845533.0
539827,245197,True,Sat Dec 02 14:45:58 +0000 2017,@130431 @115830 Any response @115830 @130431 ??,539826,539828.0
2948112,585744,True,Wed Nov 29 16:27:50 +0000 2017,@AmazonHelp Well we’ll see what happens when they get home first!,2948111,2948113.0
802431,285220,True,Thu Oct 12 19:25:47 +0000 2017,@AmazonHelp Replied waiting 4 response and change my order delivery status,802432,802430.0
93608,136288,True,Thu Nov 30 15:46:45 +0000 2017,"@AmazonHelp Yes! regardless of the jargon you have just mentioned, I am paying for a service and expect it to be done! I needed my item by Wednesday and it still hasn't arrived. Poor service",93610,93607.0
1474644,462324,True,Thu Nov 02 21:52:52 +0000 2017,@115821 think this box might be too big for the 2 items I ordered? Is this the reason it took 3 days to get my prime order??? #overkill https://t.co/7r01z3RZx6,1474642,
2970552,225624,True,Thu Nov 30 00:51:09 +0000 2017,@116090 my package hasn’t arrived and it’s like 5pm lol what time is cutoff for your drivers?,2970550,
1710129,518120,True,Thu Nov 09 09:55:33 +0000 2017,@AmazonHelp Why don't you arrange to send mail to my email id or reply here?,"1710130,1710131",1710127.0
980782,352550,True,Sun Oct 22 06:02:21 +0000 2017,am͜a͉zonやっぱ特典入ってなかったので糞👊👊二回目だぞ👊👊👊梱包とかないから雨でボトボトだぞ👊👊配達通知より先に確認したのにボトボトだぞ👊👊👊せめて二重の袋にして👊👊しかもペラペラの紙袋👊👊糞👊👊もう頼まないわ👊👊,980781,
931401,340955,True,Sat Oct 21 11:39:18 +0000 2017,"Dites @AmazonHelp, comment mon colis a pu être refuser à la livraison par le destinataire si je n'ai jamais reçu le colis ?",931399,
1616770,430551,True,Mon Nov 06 12:29:43 +0000 2017,@AmazonHelp @481487 What about our issue Amazon customer care is nothing but false assurances.,1616771,1616769.0
1423478,419459,True,Thu Nov 02 13:56:29 +0000 2017,@AmazonHelp I don't have time for that..here is a screenshot of the details https://t.co/vplcZOctEj,"1423479,1423480,1423481",1423477.0
2162374,634939,True,Thu Oct 19 13:51:18 +0000 2017,@AmazonHelp Yes - multiple times! :(,2162375,2162373.0
277123,182215,True,Sat Oct 14 13:40:30 +0000 2017,"@AmazonHelp That's impossible for me to share, very complex procedures for solving issues",277122,277124.0
2199093,643206,True,Thu Oct 19 14:13:59 +0000 2017,"@AmazonHelp Amazon ha già consegnato dei dischi che saranno in vendita da domani
Grazie per la considerazione",2199095,2199092.0
1437429,453686,True,Thu Nov 02 14:30:10 +0000 2017,"@115830 Could you tell me why a coffee machine i tried to order on prime will not be delivered until the 7th,very misleading,not prime.",1437427,
2781920,210000,True,Tue Nov 21 17:05:44 +0000 2017,"@AmazonHelp De Marvel,si es mi favorito.",2781918,2781921.0
458934,223989,True,Fri Dec 01 01:04:56 +0000 2017,How do you Christmas shop? @115821 https://t.co/tu14e8ndDH,458933,
392599,208978,True,Mon Oct 09 16:23:42 +0000 2017,@AmazonHelp I requested ro cancel my taslar screen guard protector and it's cancelled but i haven't received the refund yet pls see.,392598,
111863,140840,True,Thu Nov 23 16:09:08 +0000 2017,a primeira vez q comprei na @117086 o livro chegou em 2 dias. espero do fundo do meu coração que dessa vez seja assim também,111862,
446769,220840,True,Thu Nov 30 19:39:55 +0000 2017,@AmazonHelp We have received zero information on this item’s delay.,446767,446775.0
306931,189282,True,Fri Oct 06 23:30:41 +0000 2017,@AmazonHelp hola les mande mensaje espero me puedan ayudar :),306929,
2638495,744647,True,Fri Nov 17 20:35:15 +0000 2017,@116875 ¡Para! Plox deja de llevarte mi dinero con ofertas  💸💸 https://t.co/u3K17MwgZh,2638494,
2720550,763373,True,Mon Nov 20 09:17:42 +0000 2017,寒過ぎてAmazonのダンボール箱の中に入ってやがる https://t.co/JCBnsZyS4C,2720549,
2321618,672762,True,Mon Nov 13 14:19:26 +0000 2017,@115821 a scam? https://t.co/huzkC1BtbG,2321617,
2266874,659794,True,Sun Nov 12 08:04:38 +0000 2017,@AmazonHelp I don’t know how your link works. You just know to harass customers that’s it and make money out of it.,2266875,2266873.0
984251,353330,True,Sat Oct 14 10:22:48 +0000 2017,@AmazonHelp Yes I have. But don't u think I deserve a compensation for the same. Waited so long &amp; didn't buy from local shop. This is ridiculous.,"984253,984254,984255,984256,984257,984258",984250.0
2634786,743830,True,Fri Nov 17 19:13:07 +0000 2017,C’est une honte de recevoir un cadeau pour le noel des enfants sans emballage avec une étiquette collée sur la boîte du jouet et du scotch pour rafistoler la boîte. @120533,2634784,
1239719,124791,True,Mon Nov 13 06:00:31 +0000 2017,"@AmazonHelp Sure.
What should I tell/report them?
Thanks for tracking id info. Will remember. Should I delete my last tweet as I can't remove pic alone?",1239717,1239726.0
131701,145700,True,Fri Nov 24 07:22:23 +0000 2017,@AmazonHelp trying to order the Switch on amazon UK and it says in stock but won’t let me add to basket!?,131699,
2858160,794317,True,Mon Nov 27 21:59:10 +0000 2017,I've never had an issue with deliveries from @115821 until they started using their own courier service.  Now every single one is late.,2858159,
637369,271125,True,Wed Nov 22 19:24:00 +0000 2017,#BBCNews #itvnews  @115821 #Amazon I was just on Amazon UK website looking for a doll for my 8 year old granddaughter and within the children's dolls section this popped up. I think someone should be dealt with. Just as well my granddaughter was not with me to see this See photo. https://t.co/sqZKuYJqCJ,637367,
2613292,219986,True,Fri Nov 17 12:35:02 +0000 2017,@115830 just ordered PSVR with Skyrim. Due to difference dispatch dates only payment for skyrim has been taken?,2613291,
779958,306231,True,Wed Oct 18 08:45:51 +0000 2017,@AmazonHelp Already filled four times...with no revert,"779959,779960",779957.0
1416600,438928,True,Mon Oct 16 17:34:36 +0000 2017,@AmazonHelp @115850 I have chatted and talked to 4 executives and even at 9:53 they told I would get my order by 10:30!,1416598,
2284881,151500,True,Sat Nov 11 15:15:30 +0000 2017,@AmazonHelp now not a single runner from #Gati contacted me &amp; the product is lying in Srinagar. Can you please look and cancel the order with full refund immediately as you both failed to take cognizance. https://t.co/pclYCAoVoD,2284880,
2304781,476546,True,Sun Nov 12 20:42:07 +0000 2017,@AmazonHelp I would like to speak to someone who has a good understanding of English and not just lie when they don’t understand the question. Can I please have a callback from an English call centre?,2304787,2304779.0
2896029,802510,True,Tue Nov 28 20:50:19 +0000 2017,"@AmazonHelp No understood that I may for whatever reason not be able to post feedback but find it silly that when I am re-directed, there are no options to inform you of the very poor manner in which my parcel was delivered (left out in the rain and soaked through).",2896031,2896028.0
1257056,414569,True,Mon Oct 16 06:28:32 +0000 2017,@AmazonHelp No email received yet. Can you ask them to call me asap. Don't want to gift to reach after birthday.,1257057,1257055.0
2840177,790372,True,Mon Nov 27 16:25:10 +0000 2017,"@AmazonHelp Claro que sim! Não deu nem um dia útil! Comprei A Origem, do Dan Brown! Amo as histórias dele com o Robert Langdon!",2840175,2840179.0
2317794,671965,True,Mon Nov 13 09:33:59 +0000 2017,"@120540 buongiorno, io ho una postepay collegata a paypal. Non è possibile pagare così su Amazon?",2317792,
349979,199270,True,Sun Oct 08 09:36:40 +0000 2017,"@AmazonHelp It's not a monitor, it's the Corsair 900D. Sorry for not mentioning.",349981,349978.0
1255425,414365,True,Tue Nov 21 19:13:47 +0000 2017,"@AmazonHelp No I didn't receive an email, which I have been promised a supervisor will email me also and still nothing. Do you have a complaint dept?!",1255426,1255424.0
2682490,754593,True,Sat Nov 18 11:31:26 +0000 2017,"Ordered whey protein from Amazon India, turned out to be fake. Confirmed by the company. Cloudtail was the seller, Amazon's own subsidiary

@115850 Why Cloudtail is delivering fake products that too in supplements category. Do you guys even care what's being sent to customer?",2682489,
2386654,687783,True,Fri Oct 20 10:27:32 +0000 2017,"@120474 Hello, Got tickets this morning for Foo Fighters on my dad's prime account, will i be fine with the names on the tickets?",2386651,
2671357,752233,True,Tue Oct 31 10:05:45 +0000 2017,"@AmazonHelp I ordered some Dr Martens on 22nd October, and received a notification they were dispatched on 23rd October.","2671358,2671356",
1254133,414180,True,Thu Oct 26 06:23:52 +0000 2017,"Coming up on a month now of odd spam emails, turned vehement harassment, threats from @116090 seller. All due to honest review. Unreal.",1254131,
2450123,702210,True,Sun Oct 29 16:22:07 +0000 2017,@amazonhelp why can’t I set my location to Sweden for weather? Was excited about #alexa on my new @118117 one but this is annoying https://t.co/pUX1GjKfrN,2450122,
2132894,627596,True,Wed Nov 08 20:20:20 +0000 2017,"@AmazonHelp He llamado varias veces  y me han dicho que estaba en reparto, al final he puesto una reclamación pq no ha llegado nada y ha pasado + veces",2132896,2132893.0
840437,319547,True,Fri Oct 13 11:43:17 +0000 2017,"@AmazonHelp No email received. Stop this crap!
#DeliverOnTimeOrGoHome","840439,840440",840436.0
254616,176517,True,Thu Oct 05 18:50:51 +0000 2017,@AmazonHelp EXPRESS comme le train,254617,254615.0
646785,277310,True,Wed Nov 22 23:55:24 +0000 2017,@273615 @216231 @115821 This had to be a private seller it’s not shipped from the amazon warehouse it’s from a in Home seller.,660426,646784.0
964164,348845,True,Sat Oct 14 06:37:26 +0000 2017,"@AmazonHelp we don't want to exclude anyone, you were so kind in trying to resolve this problem i'm sure we can reschedule to when you're available! 😉🌋",964165,964163.0
1513364,190407,True,Fri Nov 03 17:57:29 +0000 2017,@9999 @AmazonHelp Having issues logging into the Amazon store card to make a payment. Is site having problems?,1513363,
483826,228690,True,Fri Dec 01 14:40:48 +0000 2017,"@AmazonHelp Thanks SC. That link didn't provied any help. I've checked the two orders that were missed and it says cleary on them to leave with the security guard, who are there 24/7. 

Why are my delivery instructions not followed? 
Is there some other issue? https://t.co/HyxespvDaz",483824,483827.0
2827997,787647,True,Mon Nov 27 11:30:51 +0000 2017,"@115830 I was going to buy one of today's Kindle Daily deals (The Intelligent Investor, Rev. Ed), but it says it's not currently available to purchase. Any idea why not?",2827995,
977743,351894,True,Sat Oct 14 08:26:20 +0000 2017,@AmazonHelp  https://t.co/mtbagFwZ2V,"977744,977745,977746",977716.0
1041148,366254,True,Sat Oct 28 12:43:38 +0000 2017,@AmazonHelp I can’t see where to define the group type on the iPhone app,1041147,1041149.0
2345636,385304,True,Sun Nov 26 16:21:45 +0000 2017,"@AmazonHelp now u are not answering call just make a call phone on hold for 30 minutes
Wah what a system",2345634,
708533,289379,True,Tue Oct 10 20:06:56 +0000 2017,So I have to pay @AmazonHelp prime to be able to pay to watch a film or series?,708529,
2781891,776883,True,Tue Nov 21 18:06:09 +0000 2017,@AmazonHelp Not getting proper reply from any of ur executives,2781893,2781890.0
300509,187649,True,Fri Oct 06 20:19:26 +0000 2017,1st time using @153820. Farce. Never again. Waited hour and half. Restaurant cooked food &amp; no delivery driver bothered to pick up.,300508,
294801,186217,True,Sun Oct 08 10:34:17 +0000 2017,@AmazonHelp no email or phone recieved yet even after passing of 21 hours. Is this kind of aftersale service one customer wants?? plz dont delay.,"294802,294803",294799.0
2063352,412529,True,Thu Oct 19 00:54:45 +0000 2017,"Another day, another careless dump of Amazon packages in front of the mailboxes. @AmazonHelp, what are you doing to fix this attitude? https://t.co/AAhiXQdGJj",2063351,
